ISO-10303-21;
HEADER;
/* Generated by software containing ST-Developer
 * from STEP Tools, Inc. (www.steptools.com) 
 */
/* OPTION: using custom renumber hook */

FILE_DESCRIPTION(
/* description */ ('STEP AP242 Edition 2',
'CAx-IF Rec.Pracs.---Representation and Presentation of Product Manufa
cturing Information (PMI)---4.0---2014-10-13',
'CAx-IF Rec.Pracs.---3D Tessellated Geometry---0.4---2014-09-14','2;1',
'CAx-IF Rec.Pracs.---User Defined Attributes---1.5---2016-08-15'),
/* implementation_level */ '2;1');

FILE_NAME(
/* name */ 'Part Studio 1 - Part 1',
/* time_stamp */ '2026-07-10T00:32:51Z',
/* author */ (''),
/* organization */ (''),
/* preprocessor_version */ 'ST-DEVELOPER v20',
/* originating_system */ 'ONSHAPE BY PTC INC, 1.217',
/* authorisation */ '  ');

FILE_SCHEMA (('AP242_MANAGED_MODEL_BASED_3D_ENGINEERING_MIM_LF { 1 0 10303 442 3 1 4 }'));
ENDSEC;

DATA;
#10=SHAPE_REPRESENTATION_RELATIONSHIP('','',#9845,#11);
#11=ADVANCED_BREP_SHAPE_REPRESENTATION('',(#9843),#15495);
#12=CYLINDRICAL_SURFACE('',#10327,0.0025);
#13=CYLINDRICAL_SURFACE('',#10328,0.004);
#14=CIRCLE('',#10065,0.0025);
#15=CIRCLE('',#10066,0.004);
#16=CIRCLE('',#10068,0.0025);
#17=CIRCLE('',#10069,0.004);
#18=LINE('',#12685,#1400);
#19=LINE('',#12692,#1401);
#20=LINE('',#12694,#1402);
#21=LINE('',#12696,#1403);
#22=LINE('',#12698,#1404);
#23=LINE('',#12700,#1405);
#24=LINE('',#12703,#1406);
#25=LINE('',#12710,#1407);
#26=LINE('',#12712,#1408);
#27=LINE('',#12714,#1409);
#28=LINE('',#12716,#1410);
#29=LINE('',#12718,#1411);
#30=LINE('',#12725,#1412);
#31=LINE('',#12727,#1413);
#32=LINE('',#12729,#1414);
#33=LINE('',#12731,#1415);
#34=LINE('',#12733,#1416);
#35=LINE('',#12736,#1417);
#36=LINE('',#12738,#1418);
#37=LINE('',#12740,#1419);
#38=LINE('',#12742,#1420);
#39=LINE('',#12745,#1421);
#40=LINE('',#12747,#1422);
#41=LINE('',#12749,#1423);
#42=LINE('',#12751,#1424);
#43=LINE('',#12753,#1425);
#44=LINE('',#12755,#1426);
#45=LINE('',#12757,#1427);
#46=LINE('',#12759,#1428);
#47=LINE('',#12761,#1429);
#48=LINE('',#12763,#1430);
#49=LINE('',#12765,#1431);
#50=LINE('',#12767,#1432);
#51=LINE('',#12769,#1433);
#52=LINE('',#12771,#1434);
#53=LINE('',#12773,#1435);
#54=LINE('',#12775,#1436);
#55=LINE('',#12777,#1437);
#56=LINE('',#12779,#1438);
#57=LINE('',#12781,#1439);
#58=LINE('',#12783,#1440);
#59=LINE('',#12785,#1441);
#60=LINE('',#12787,#1442);
#61=LINE('',#12789,#1443);
#62=LINE('',#12791,#1444);
#63=LINE('',#12793,#1445);
#64=LINE('',#12795,#1446);
#65=LINE('',#12797,#1447);
#66=LINE('',#12799,#1448);
#67=LINE('',#12801,#1449);
#68=LINE('',#12803,#1450);
#69=LINE('',#12805,#1451);
#70=LINE('',#12807,#1452);
#71=LINE('',#12809,#1453);
#72=LINE('',#12811,#1454);
#73=LINE('',#12813,#1455);
#74=LINE('',#12815,#1456);
#75=LINE('',#12817,#1457);
#76=LINE('',#12819,#1458);
#77=LINE('',#12821,#1459);
#78=LINE('',#12823,#1460);
#79=LINE('',#12825,#1461);
#80=LINE('',#12827,#1462);
#81=LINE('',#12829,#1463);
#82=LINE('',#12831,#1464);
#83=LINE('',#12833,#1465);
#84=LINE('',#12835,#1466);
#85=LINE('',#12837,#1467);
#86=LINE('',#12839,#1468);
#87=LINE('',#12841,#1469);
#88=LINE('',#12843,#1470);
#89=LINE('',#12845,#1471);
#90=LINE('',#12847,#1472);
#91=LINE('',#12849,#1473);
#92=LINE('',#12851,#1474);
#93=LINE('',#12853,#1475);
#94=LINE('',#12855,#1476);
#95=LINE('',#12857,#1477);
#96=LINE('',#12859,#1478);
#97=LINE('',#12861,#1479);
#98=LINE('',#12863,#1480);
#99=LINE('',#12865,#1481);
#100=LINE('',#12867,#1482);
#101=LINE('',#12869,#1483);
#102=LINE('',#12871,#1484);
#103=LINE('',#12873,#1485);
#104=LINE('',#12875,#1486);
#105=LINE('',#12877,#1487);
#106=LINE('',#12879,#1488);
#107=LINE('',#12881,#1489);
#108=LINE('',#12883,#1490);
#109=LINE('',#12885,#1491);
#110=LINE('',#12887,#1492);
#111=LINE('',#12889,#1493);
#112=LINE('',#12891,#1494);
#113=LINE('',#12893,#1495);
#114=LINE('',#12895,#1496);
#115=LINE('',#12897,#1497);
#116=LINE('',#12899,#1498);
#117=LINE('',#12901,#1499);
#118=LINE('',#12903,#1500);
#119=LINE('',#12905,#1501);
#120=LINE('',#12907,#1502);
#121=LINE('',#12909,#1503);
#122=LINE('',#12911,#1504);
#123=LINE('',#12913,#1505);
#124=LINE('',#12915,#1506);
#125=LINE('',#12917,#1507);
#126=LINE('',#12919,#1508);
#127=LINE('',#12921,#1509);
#128=LINE('',#12923,#1510);
#129=LINE('',#12925,#1511);
#130=LINE('',#12927,#1512);
#131=LINE('',#12929,#1513);
#132=LINE('',#12931,#1514);
#133=LINE('',#12933,#1515);
#134=LINE('',#12935,#1516);
#135=LINE('',#12937,#1517);
#136=LINE('',#12939,#1518);
#137=LINE('',#12941,#1519);
#138=LINE('',#12943,#1520);
#139=LINE('',#12945,#1521);
#140=LINE('',#12947,#1522);
#141=LINE('',#12949,#1523);
#142=LINE('',#12951,#1524);
#143=LINE('',#12953,#1525);
#144=LINE('',#12955,#1526);
#145=LINE('',#12957,#1527);
#146=LINE('',#12959,#1528);
#147=LINE('',#12961,#1529);
#148=LINE('',#12963,#1530);
#149=LINE('',#12965,#1531);
#150=LINE('',#12967,#1532);
#151=LINE('',#12969,#1533);
#152=LINE('',#12971,#1534);
#153=LINE('',#12973,#1535);
#154=LINE('',#12975,#1536);
#155=LINE('',#12977,#1537);
#156=LINE('',#12979,#1538);
#157=LINE('',#12981,#1539);
#158=LINE('',#12983,#1540);
#159=LINE('',#12985,#1541);
#160=LINE('',#12987,#1542);
#161=LINE('',#12989,#1543);
#162=LINE('',#12991,#1544);
#163=LINE('',#12993,#1545);
#164=LINE('',#12995,#1546);
#165=LINE('',#12997,#1547);
#166=LINE('',#12999,#1548);
#167=LINE('',#13001,#1549);
#168=LINE('',#13003,#1550);
#169=LINE('',#13005,#1551);
#170=LINE('',#13007,#1552);
#171=LINE('',#13009,#1553);
#172=LINE('',#13011,#1554);
#173=LINE('',#13013,#1555);
#174=LINE('',#13015,#1556);
#175=LINE('',#13017,#1557);
#176=LINE('',#13019,#1558);
#177=LINE('',#13021,#1559);
#178=LINE('',#13023,#1560);
#179=LINE('',#13025,#1561);
#180=LINE('',#13027,#1562);
#181=LINE('',#13029,#1563);
#182=LINE('',#13031,#1564);
#183=LINE('',#13033,#1565);
#184=LINE('',#13035,#1566);
#185=LINE('',#13037,#1567);
#186=LINE('',#13039,#1568);
#187=LINE('',#13041,#1569);
#188=LINE('',#13043,#1570);
#189=LINE('',#13045,#1571);
#190=LINE('',#13047,#1572);
#191=LINE('',#13049,#1573);
#192=LINE('',#13051,#1574);
#193=LINE('',#13053,#1575);
#194=LINE('',#13055,#1576);
#195=LINE('',#13057,#1577);
#196=LINE('',#13059,#1578);
#197=LINE('',#13061,#1579);
#198=LINE('',#13063,#1580);
#199=LINE('',#13065,#1581);
#200=LINE('',#13067,#1582);
#201=LINE('',#13069,#1583);
#202=LINE('',#13071,#1584);
#203=LINE('',#13073,#1585);
#204=LINE('',#13075,#1586);
#205=LINE('',#13077,#1587);
#206=LINE('',#13079,#1588);
#207=LINE('',#13081,#1589);
#208=LINE('',#13083,#1590);
#209=LINE('',#13085,#1591);
#210=LINE('',#13087,#1592);
#211=LINE('',#13089,#1593);
#212=LINE('',#13091,#1594);
#213=LINE('',#13093,#1595);
#214=LINE('',#13095,#1596);
#215=LINE('',#13097,#1597);
#216=LINE('',#13099,#1598);
#217=LINE('',#13102,#1599);
#218=LINE('',#13103,#1600);
#219=LINE('',#13105,#1601);
#220=LINE('',#13108,#1602);
#221=LINE('',#13110,#1603);
#222=LINE('',#13112,#1604);
#223=LINE('',#13114,#1605);
#224=LINE('',#13116,#1606);
#225=LINE('',#13118,#1607);
#226=LINE('',#13120,#1608);
#227=LINE('',#13122,#1609);
#228=LINE('',#13124,#1610);
#229=LINE('',#13126,#1611);
#230=LINE('',#13128,#1612);
#231=LINE('',#13130,#1613);
#232=LINE('',#13132,#1614);
#233=LINE('',#13134,#1615);
#234=LINE('',#13136,#1616);
#235=LINE('',#13138,#1617);
#236=LINE('',#13140,#1618);
#237=LINE('',#13142,#1619);
#238=LINE('',#13144,#1620);
#239=LINE('',#13146,#1621);
#240=LINE('',#13148,#1622);
#241=LINE('',#13150,#1623);
#242=LINE('',#13152,#1624);
#243=LINE('',#13154,#1625);
#244=LINE('',#13156,#1626);
#245=LINE('',#13158,#1627);
#246=LINE('',#13160,#1628);
#247=LINE('',#13162,#1629);
#248=LINE('',#13164,#1630);
#249=LINE('',#13166,#1631);
#250=LINE('',#13168,#1632);
#251=LINE('',#13170,#1633);
#252=LINE('',#13172,#1634);
#253=LINE('',#13174,#1635);
#254=LINE('',#13176,#1636);
#255=LINE('',#13178,#1637);
#256=LINE('',#13180,#1638);
#257=LINE('',#13182,#1639);
#258=LINE('',#13184,#1640);
#259=LINE('',#13186,#1641);
#260=LINE('',#13188,#1642);
#261=LINE('',#13190,#1643);
#262=LINE('',#13192,#1644);
#263=LINE('',#13194,#1645);
#264=LINE('',#13196,#1646);
#265=LINE('',#13198,#1647);
#266=LINE('',#13200,#1648);
#267=LINE('',#13202,#1649);
#268=LINE('',#13204,#1650);
#269=LINE('',#13206,#1651);
#270=LINE('',#13208,#1652);
#271=LINE('',#13210,#1653);
#272=LINE('',#13212,#1654);
#273=LINE('',#13214,#1655);
#274=LINE('',#13216,#1656);
#275=LINE('',#13218,#1657);
#276=LINE('',#13220,#1658);
#277=LINE('',#13222,#1659);
#278=LINE('',#13224,#1660);
#279=LINE('',#13226,#1661);
#280=LINE('',#13228,#1662);
#281=LINE('',#13230,#1663);
#282=LINE('',#13232,#1664);
#283=LINE('',#13234,#1665);
#284=LINE('',#13236,#1666);
#285=LINE('',#13238,#1667);
#286=LINE('',#13240,#1668);
#287=LINE('',#13242,#1669);
#288=LINE('',#13244,#1670);
#289=LINE('',#13246,#1671);
#290=LINE('',#13248,#1672);
#291=LINE('',#13250,#1673);
#292=LINE('',#13252,#1674);
#293=LINE('',#13254,#1675);
#294=LINE('',#13256,#1676);
#295=LINE('',#13258,#1677);
#296=LINE('',#13260,#1678);
#297=LINE('',#13262,#1679);
#298=LINE('',#13264,#1680);
#299=LINE('',#13266,#1681);
#300=LINE('',#13268,#1682);
#301=LINE('',#13270,#1683);
#302=LINE('',#13272,#1684);
#303=LINE('',#13274,#1685);
#304=LINE('',#13276,#1686);
#305=LINE('',#13278,#1687);
#306=LINE('',#13280,#1688);
#307=LINE('',#13282,#1689);
#308=LINE('',#13284,#1690);
#309=LINE('',#13286,#1691);
#310=LINE('',#13288,#1692);
#311=LINE('',#13290,#1693);
#312=LINE('',#13292,#1694);
#313=LINE('',#13294,#1695);
#314=LINE('',#13296,#1696);
#315=LINE('',#13298,#1697);
#316=LINE('',#13300,#1698);
#317=LINE('',#13302,#1699);
#318=LINE('',#13304,#1700);
#319=LINE('',#13306,#1701);
#320=LINE('',#13308,#1702);
#321=LINE('',#13310,#1703);
#322=LINE('',#13312,#1704);
#323=LINE('',#13314,#1705);
#324=LINE('',#13316,#1706);
#325=LINE('',#13318,#1707);
#326=LINE('',#13320,#1708);
#327=LINE('',#13322,#1709);
#328=LINE('',#13324,#1710);
#329=LINE('',#13326,#1711);
#330=LINE('',#13328,#1712);
#331=LINE('',#13330,#1713);
#332=LINE('',#13332,#1714);
#333=LINE('',#13334,#1715);
#334=LINE('',#13336,#1716);
#335=LINE('',#13338,#1717);
#336=LINE('',#13340,#1718);
#337=LINE('',#13342,#1719);
#338=LINE('',#13344,#1720);
#339=LINE('',#13346,#1721);
#340=LINE('',#13348,#1722);
#341=LINE('',#13350,#1723);
#342=LINE('',#13352,#1724);
#343=LINE('',#13354,#1725);
#344=LINE('',#13356,#1726);
#345=LINE('',#13358,#1727);
#346=LINE('',#13360,#1728);
#347=LINE('',#13362,#1729);
#348=LINE('',#13364,#1730);
#349=LINE('',#13366,#1731);
#350=LINE('',#13368,#1732);
#351=LINE('',#13370,#1733);
#352=LINE('',#13372,#1734);
#353=LINE('',#13374,#1735);
#354=LINE('',#13376,#1736);
#355=LINE('',#13378,#1737);
#356=LINE('',#13380,#1738);
#357=LINE('',#13382,#1739);
#358=LINE('',#13384,#1740);
#359=LINE('',#13386,#1741);
#360=LINE('',#13388,#1742);
#361=LINE('',#13390,#1743);
#362=LINE('',#13392,#1744);
#363=LINE('',#13394,#1745);
#364=LINE('',#13396,#1746);
#365=LINE('',#13398,#1747);
#366=LINE('',#13400,#1748);
#367=LINE('',#13402,#1749);
#368=LINE('',#13404,#1750);
#369=LINE('',#13406,#1751);
#370=LINE('',#13408,#1752);
#371=LINE('',#13410,#1753);
#372=LINE('',#13412,#1754);
#373=LINE('',#13414,#1755);
#374=LINE('',#13416,#1756);
#375=LINE('',#13418,#1757);
#376=LINE('',#13420,#1758);
#377=LINE('',#13422,#1759);
#378=LINE('',#13424,#1760);
#379=LINE('',#13426,#1761);
#380=LINE('',#13428,#1762);
#381=LINE('',#13430,#1763);
#382=LINE('',#13432,#1764);
#383=LINE('',#13434,#1765);
#384=LINE('',#13436,#1766);
#385=LINE('',#13438,#1767);
#386=LINE('',#13440,#1768);
#387=LINE('',#13442,#1769);
#388=LINE('',#13444,#1770);
#389=LINE('',#13446,#1771);
#390=LINE('',#13448,#1772);
#391=LINE('',#13450,#1773);
#392=LINE('',#13452,#1774);
#393=LINE('',#13454,#1775);
#394=LINE('',#13456,#1776);
#395=LINE('',#13458,#1777);
#396=LINE('',#13460,#1778);
#397=LINE('',#13462,#1779);
#398=LINE('',#13464,#1780);
#399=LINE('',#13466,#1781);
#400=LINE('',#13468,#1782);
#401=LINE('',#13470,#1783);
#402=LINE('',#13472,#1784);
#403=LINE('',#13474,#1785);
#404=LINE('',#13476,#1786);
#405=LINE('',#13478,#1787);
#406=LINE('',#13480,#1788);
#407=LINE('',#13482,#1789);
#408=LINE('',#13484,#1790);
#409=LINE('',#13486,#1791);
#410=LINE('',#13488,#1792);
#411=LINE('',#13490,#1793);
#412=LINE('',#13492,#1794);
#413=LINE('',#13494,#1795);
#414=LINE('',#13496,#1796);
#415=LINE('',#13498,#1797);
#416=LINE('',#13500,#1798);
#417=LINE('',#13502,#1799);
#418=LINE('',#13504,#1800);
#419=LINE('',#13506,#1801);
#420=LINE('',#13508,#1802);
#421=LINE('',#13510,#1803);
#422=LINE('',#13512,#1804);
#423=LINE('',#13514,#1805);
#424=LINE('',#13516,#1806);
#425=LINE('',#13518,#1807);
#426=LINE('',#13520,#1808);
#427=LINE('',#13522,#1809);
#428=LINE('',#13524,#1810);
#429=LINE('',#13526,#1811);
#430=LINE('',#13528,#1812);
#431=LINE('',#13530,#1813);
#432=LINE('',#13532,#1814);
#433=LINE('',#13534,#1815);
#434=LINE('',#13536,#1816);
#435=LINE('',#13538,#1817);
#436=LINE('',#13540,#1818);
#437=LINE('',#13542,#1819);
#438=LINE('',#13544,#1820);
#439=LINE('',#13546,#1821);
#440=LINE('',#13548,#1822);
#441=LINE('',#13550,#1823);
#442=LINE('',#13552,#1824);
#443=LINE('',#13554,#1825);
#444=LINE('',#13556,#1826);
#445=LINE('',#13558,#1827);
#446=LINE('',#13560,#1828);
#447=LINE('',#13562,#1829);
#448=LINE('',#13564,#1830);
#449=LINE('',#13566,#1831);
#450=LINE('',#13568,#1832);
#451=LINE('',#13570,#1833);
#452=LINE('',#13572,#1834);
#453=LINE('',#13574,#1835);
#454=LINE('',#13576,#1836);
#455=LINE('',#13578,#1837);
#456=LINE('',#13580,#1838);
#457=LINE('',#13582,#1839);
#458=LINE('',#13584,#1840);
#459=LINE('',#13586,#1841);
#460=LINE('',#13588,#1842);
#461=LINE('',#13590,#1843);
#462=LINE('',#13592,#1844);
#463=LINE('',#13594,#1845);
#464=LINE('',#13596,#1846);
#465=LINE('',#13598,#1847);
#466=LINE('',#13600,#1848);
#467=LINE('',#13602,#1849);
#468=LINE('',#13604,#1850);
#469=LINE('',#13606,#1851);
#470=LINE('',#13608,#1852);
#471=LINE('',#13610,#1853);
#472=LINE('',#13612,#1854);
#473=LINE('',#13614,#1855);
#474=LINE('',#13616,#1856);
#475=LINE('',#13618,#1857);
#476=LINE('',#13620,#1858);
#477=LINE('',#13622,#1859);
#478=LINE('',#13624,#1860);
#479=LINE('',#13626,#1861);
#480=LINE('',#13628,#1862);
#481=LINE('',#13630,#1863);
#482=LINE('',#13632,#1864);
#483=LINE('',#13634,#1865);
#484=LINE('',#13636,#1866);
#485=LINE('',#13638,#1867);
#486=LINE('',#13640,#1868);
#487=LINE('',#13642,#1869);
#488=LINE('',#13644,#1870);
#489=LINE('',#13646,#1871);
#490=LINE('',#13648,#1872);
#491=LINE('',#13650,#1873);
#492=LINE('',#13652,#1874);
#493=LINE('',#13654,#1875);
#494=LINE('',#13656,#1876);
#495=LINE('',#13658,#1877);
#496=LINE('',#13660,#1878);
#497=LINE('',#13662,#1879);
#498=LINE('',#13664,#1880);
#499=LINE('',#13666,#1881);
#500=LINE('',#13668,#1882);
#501=LINE('',#13670,#1883);
#502=LINE('',#13672,#1884);
#503=LINE('',#13674,#1885);
#504=LINE('',#13676,#1886);
#505=LINE('',#13678,#1887);
#506=LINE('',#13680,#1888);
#507=LINE('',#13682,#1889);
#508=LINE('',#13684,#1890);
#509=LINE('',#13686,#1891);
#510=LINE('',#13688,#1892);
#511=LINE('',#13690,#1893);
#512=LINE('',#13692,#1894);
#513=LINE('',#13694,#1895);
#514=LINE('',#13696,#1896);
#515=LINE('',#13698,#1897);
#516=LINE('',#13700,#1898);
#517=LINE('',#13702,#1899);
#518=LINE('',#13704,#1900);
#519=LINE('',#13706,#1901);
#520=LINE('',#13708,#1902);
#521=LINE('',#13710,#1903);
#522=LINE('',#13712,#1904);
#523=LINE('',#13714,#1905);
#524=LINE('',#13716,#1906);
#525=LINE('',#13718,#1907);
#526=LINE('',#13720,#1908);
#527=LINE('',#13722,#1909);
#528=LINE('',#13724,#1910);
#529=LINE('',#13726,#1911);
#530=LINE('',#13728,#1912);
#531=LINE('',#13730,#1913);
#532=LINE('',#13732,#1914);
#533=LINE('',#13734,#1915);
#534=LINE('',#13736,#1916);
#535=LINE('',#13738,#1917);
#536=LINE('',#13740,#1918);
#537=LINE('',#13742,#1919);
#538=LINE('',#13744,#1920);
#539=LINE('',#13746,#1921);
#540=LINE('',#13748,#1922);
#541=LINE('',#13750,#1923);
#542=LINE('',#13752,#1924);
#543=LINE('',#13754,#1925);
#544=LINE('',#13756,#1926);
#545=LINE('',#13758,#1927);
#546=LINE('',#13760,#1928);
#547=LINE('',#13762,#1929);
#548=LINE('',#13764,#1930);
#549=LINE('',#13766,#1931);
#550=LINE('',#13768,#1932);
#551=LINE('',#13770,#1933);
#552=LINE('',#13772,#1934);
#553=LINE('',#13774,#1935);
#554=LINE('',#13776,#1936);
#555=LINE('',#13778,#1937);
#556=LINE('',#13780,#1938);
#557=LINE('',#13782,#1939);
#558=LINE('',#13784,#1940);
#559=LINE('',#13786,#1941);
#560=LINE('',#13788,#1942);
#561=LINE('',#13790,#1943);
#562=LINE('',#13792,#1944);
#563=LINE('',#13794,#1945);
#564=LINE('',#13796,#1946);
#565=LINE('',#13798,#1947);
#566=LINE('',#13800,#1948);
#567=LINE('',#13802,#1949);
#568=LINE('',#13804,#1950);
#569=LINE('',#13806,#1951);
#570=LINE('',#13808,#1952);
#571=LINE('',#13810,#1953);
#572=LINE('',#13812,#1954);
#573=LINE('',#13814,#1955);
#574=LINE('',#13816,#1956);
#575=LINE('',#13818,#1957);
#576=LINE('',#13820,#1958);
#577=LINE('',#13822,#1959);
#578=LINE('',#13824,#1960);
#579=LINE('',#13826,#1961);
#580=LINE('',#13828,#1962);
#581=LINE('',#13830,#1963);
#582=LINE('',#13832,#1964);
#583=LINE('',#13834,#1965);
#584=LINE('',#13836,#1966);
#585=LINE('',#13838,#1967);
#586=LINE('',#13840,#1968);
#587=LINE('',#13842,#1969);
#588=LINE('',#13844,#1970);
#589=LINE('',#13846,#1971);
#590=LINE('',#13848,#1972);
#591=LINE('',#13850,#1973);
#592=LINE('',#13852,#1974);
#593=LINE('',#13854,#1975);
#594=LINE('',#13856,#1976);
#595=LINE('',#13858,#1977);
#596=LINE('',#13860,#1978);
#597=LINE('',#13862,#1979);
#598=LINE('',#13864,#1980);
#599=LINE('',#13866,#1981);
#600=LINE('',#13868,#1982);
#601=LINE('',#13870,#1983);
#602=LINE('',#13872,#1984);
#603=LINE('',#13874,#1985);
#604=LINE('',#13876,#1986);
#605=LINE('',#13878,#1987);
#606=LINE('',#13880,#1988);
#607=LINE('',#13882,#1989);
#608=LINE('',#13884,#1990);
#609=LINE('',#13886,#1991);
#610=LINE('',#13888,#1992);
#611=LINE('',#13890,#1993);
#612=LINE('',#13892,#1994);
#613=LINE('',#13894,#1995);
#614=LINE('',#13896,#1996);
#615=LINE('',#13898,#1997);
#616=LINE('',#13900,#1998);
#617=LINE('',#13902,#1999);
#618=LINE('',#13904,#2000);
#619=LINE('',#13906,#2001);
#620=LINE('',#13908,#2002);
#621=LINE('',#13910,#2003);
#622=LINE('',#13912,#2004);
#623=LINE('',#13914,#2005);
#624=LINE('',#13916,#2006);
#625=LINE('',#13918,#2007);
#626=LINE('',#13920,#2008);
#627=LINE('',#13922,#2009);
#628=LINE('',#13924,#2010);
#629=LINE('',#13926,#2011);
#630=LINE('',#13928,#2012);
#631=LINE('',#13930,#2013);
#632=LINE('',#13932,#2014);
#633=LINE('',#13934,#2015);
#634=LINE('',#13936,#2016);
#635=LINE('',#13938,#2017);
#636=LINE('',#13940,#2018);
#637=LINE('',#13942,#2019);
#638=LINE('',#13944,#2020);
#639=LINE('',#13946,#2021);
#640=LINE('',#13948,#2022);
#641=LINE('',#13950,#2023);
#642=LINE('',#13952,#2024);
#643=LINE('',#13954,#2025);
#644=LINE('',#13956,#2026);
#645=LINE('',#13958,#2027);
#646=LINE('',#13960,#2028);
#647=LINE('',#13962,#2029);
#648=LINE('',#13964,#2030);
#649=LINE('',#13966,#2031);
#650=LINE('',#13968,#2032);
#651=LINE('',#13970,#2033);
#652=LINE('',#13972,#2034);
#653=LINE('',#13974,#2035);
#654=LINE('',#13976,#2036);
#655=LINE('',#13978,#2037);
#656=LINE('',#13980,#2038);
#657=LINE('',#13982,#2039);
#658=LINE('',#13984,#2040);
#659=LINE('',#13986,#2041);
#660=LINE('',#13988,#2042);
#661=LINE('',#13990,#2043);
#662=LINE('',#13992,#2044);
#663=LINE('',#13994,#2045);
#664=LINE('',#13996,#2046);
#665=LINE('',#13998,#2047);
#666=LINE('',#14000,#2048);
#667=LINE('',#14002,#2049);
#668=LINE('',#14003,#2050);
#669=LINE('',#14008,#2051);
#670=LINE('',#14011,#2052);
#671=LINE('',#14013,#2053);
#672=LINE('',#14015,#2054);
#673=LINE('',#14017,#2055);
#674=LINE('',#14019,#2056);
#675=LINE('',#14021,#2057);
#676=LINE('',#14023,#2058);
#677=LINE('',#14025,#2059);
#678=LINE('',#14027,#2060);
#679=LINE('',#14029,#2061);
#680=LINE('',#14031,#2062);
#681=LINE('',#14033,#2063);
#682=LINE('',#14035,#2064);
#683=LINE('',#14037,#2065);
#684=LINE('',#14039,#2066);
#685=LINE('',#14041,#2067);
#686=LINE('',#14043,#2068);
#687=LINE('',#14045,#2069);
#688=LINE('',#14047,#2070);
#689=LINE('',#14049,#2071);
#690=LINE('',#14051,#2072);
#691=LINE('',#14053,#2073);
#692=LINE('',#14054,#2074);
#693=LINE('',#14057,#2075);
#694=LINE('',#14059,#2076);
#695=LINE('',#14061,#2077);
#696=LINE('',#14063,#2078);
#697=LINE('',#14065,#2079);
#698=LINE('',#14067,#2080);
#699=LINE('',#14069,#2081);
#700=LINE('',#14071,#2082);
#701=LINE('',#14073,#2083);
#702=LINE('',#14075,#2084);
#703=LINE('',#14077,#2085);
#704=LINE('',#14079,#2086);
#705=LINE('',#14081,#2087);
#706=LINE('',#14083,#2088);
#707=LINE('',#14085,#2089);
#708=LINE('',#14087,#2090);
#709=LINE('',#14089,#2091);
#710=LINE('',#14091,#2092);
#711=LINE('',#14093,#2093);
#712=LINE('',#14095,#2094);
#713=LINE('',#14097,#2095);
#714=LINE('',#14099,#2096);
#715=LINE('',#14100,#2097);
#716=LINE('',#14103,#2098);
#717=LINE('',#14105,#2099);
#718=LINE('',#14107,#2100);
#719=LINE('',#14109,#2101);
#720=LINE('',#14111,#2102);
#721=LINE('',#14113,#2103);
#722=LINE('',#14115,#2104);
#723=LINE('',#14117,#2105);
#724=LINE('',#14119,#2106);
#725=LINE('',#14121,#2107);
#726=LINE('',#14123,#2108);
#727=LINE('',#14125,#2109);
#728=LINE('',#14127,#2110);
#729=LINE('',#14129,#2111);
#730=LINE('',#14131,#2112);
#731=LINE('',#14133,#2113);
#732=LINE('',#14135,#2114);
#733=LINE('',#14137,#2115);
#734=LINE('',#14139,#2116);
#735=LINE('',#14141,#2117);
#736=LINE('',#14143,#2118);
#737=LINE('',#14144,#2119);
#738=LINE('',#14147,#2120);
#739=LINE('',#14149,#2121);
#740=LINE('',#14151,#2122);
#741=LINE('',#14153,#2123);
#742=LINE('',#14155,#2124);
#743=LINE('',#14157,#2125);
#744=LINE('',#14159,#2126);
#745=LINE('',#14161,#2127);
#746=LINE('',#14163,#2128);
#747=LINE('',#14165,#2129);
#748=LINE('',#14167,#2130);
#749=LINE('',#14169,#2131);
#750=LINE('',#14171,#2132);
#751=LINE('',#14173,#2133);
#752=LINE('',#14175,#2134);
#753=LINE('',#14177,#2135);
#754=LINE('',#14179,#2136);
#755=LINE('',#14181,#2137);
#756=LINE('',#14183,#2138);
#757=LINE('',#14185,#2139);
#758=LINE('',#14187,#2140);
#759=LINE('',#14189,#2141);
#760=LINE('',#14190,#2142);
#761=LINE('',#14193,#2143);
#762=LINE('',#14195,#2144);
#763=LINE('',#14197,#2145);
#764=LINE('',#14199,#2146);
#765=LINE('',#14201,#2147);
#766=LINE('',#14203,#2148);
#767=LINE('',#14205,#2149);
#768=LINE('',#14207,#2150);
#769=LINE('',#14209,#2151);
#770=LINE('',#14211,#2152);
#771=LINE('',#14213,#2153);
#772=LINE('',#14215,#2154);
#773=LINE('',#14217,#2155);
#774=LINE('',#14219,#2156);
#775=LINE('',#14221,#2157);
#776=LINE('',#14223,#2158);
#777=LINE('',#14225,#2159);
#778=LINE('',#14227,#2160);
#779=LINE('',#14229,#2161);
#780=LINE('',#14231,#2162);
#781=LINE('',#14233,#2163);
#782=LINE('',#14235,#2164);
#783=LINE('',#14237,#2165);
#784=LINE('',#14239,#2166);
#785=LINE('',#14241,#2167);
#786=LINE('',#14242,#2168);
#787=LINE('',#14244,#2169);
#788=LINE('',#14246,#2170);
#789=LINE('',#14248,#2171);
#790=LINE('',#14250,#2172);
#791=LINE('',#14252,#2173);
#792=LINE('',#14254,#2174);
#793=LINE('',#14256,#2175);
#794=LINE('',#14258,#2176);
#795=LINE('',#14260,#2177);
#796=LINE('',#14262,#2178);
#797=LINE('',#14264,#2179);
#798=LINE('',#14266,#2180);
#799=LINE('',#14268,#2181);
#800=LINE('',#14270,#2182);
#801=LINE('',#14272,#2183);
#802=LINE('',#14274,#2184);
#803=LINE('',#14275,#2185);
#804=LINE('',#14278,#2186);
#805=LINE('',#14280,#2187);
#806=LINE('',#14282,#2188);
#807=LINE('',#14284,#2189);
#808=LINE('',#14286,#2190);
#809=LINE('',#14288,#2191);
#810=LINE('',#14290,#2192);
#811=LINE('',#14292,#2193);
#812=LINE('',#14294,#2194);
#813=LINE('',#14296,#2195);
#814=LINE('',#14298,#2196);
#815=LINE('',#14300,#2197);
#816=LINE('',#14302,#2198);
#817=LINE('',#14304,#2199);
#818=LINE('',#14306,#2200);
#819=LINE('',#14307,#2201);
#820=LINE('',#14310,#2202);
#821=LINE('',#14312,#2203);
#822=LINE('',#14314,#2204);
#823=LINE('',#14316,#2205);
#824=LINE('',#14318,#2206);
#825=LINE('',#14320,#2207);
#826=LINE('',#14322,#2208);
#827=LINE('',#14324,#2209);
#828=LINE('',#14326,#2210);
#829=LINE('',#14328,#2211);
#830=LINE('',#14330,#2212);
#831=LINE('',#14332,#2213);
#832=LINE('',#14334,#2214);
#833=LINE('',#14336,#2215);
#834=LINE('',#14338,#2216);
#835=LINE('',#14340,#2217);
#836=LINE('',#14342,#2218);
#837=LINE('',#14344,#2219);
#838=LINE('',#14346,#2220);
#839=LINE('',#14348,#2221);
#840=LINE('',#14350,#2222);
#841=LINE('',#14352,#2223);
#842=LINE('',#14354,#2224);
#843=LINE('',#14356,#2225);
#844=LINE('',#14358,#2226);
#845=LINE('',#14359,#2227);
#846=LINE('',#14362,#2228);
#847=LINE('',#14364,#2229);
#848=LINE('',#14366,#2230);
#849=LINE('',#14368,#2231);
#850=LINE('',#14370,#2232);
#851=LINE('',#14372,#2233);
#852=LINE('',#14374,#2234);
#853=LINE('',#14376,#2235);
#854=LINE('',#14378,#2236);
#855=LINE('',#14380,#2237);
#856=LINE('',#14382,#2238);
#857=LINE('',#14384,#2239);
#858=LINE('',#14386,#2240);
#859=LINE('',#14388,#2241);
#860=LINE('',#14390,#2242);
#861=LINE('',#14395,#2243);
#862=LINE('',#14397,#2244);
#863=LINE('',#14399,#2245);
#864=LINE('',#14402,#2246);
#865=LINE('',#14404,#2247);
#866=LINE('',#14406,#2248);
#867=LINE('',#14408,#2249);
#868=LINE('',#14410,#2250);
#869=LINE('',#14412,#2251);
#870=LINE('',#14414,#2252);
#871=LINE('',#14416,#2253);
#872=LINE('',#14418,#2254);
#873=LINE('',#14420,#2255);
#874=LINE('',#14422,#2256);
#875=LINE('',#14424,#2257);
#876=LINE('',#14426,#2258);
#877=LINE('',#14428,#2259);
#878=LINE('',#14430,#2260);
#879=LINE('',#14432,#2261);
#880=LINE('',#14434,#2262);
#881=LINE('',#14436,#2263);
#882=LINE('',#14438,#2264);
#883=LINE('',#14440,#2265);
#884=LINE('',#14442,#2266);
#885=LINE('',#14444,#2267);
#886=LINE('',#14446,#2268);
#887=LINE('',#14448,#2269);
#888=LINE('',#14450,#2270);
#889=LINE('',#14452,#2271);
#890=LINE('',#14454,#2272);
#891=LINE('',#14456,#2273);
#892=LINE('',#14458,#2274);
#893=LINE('',#14460,#2275);
#894=LINE('',#14462,#2276);
#895=LINE('',#14464,#2277);
#896=LINE('',#14466,#2278);
#897=LINE('',#14468,#2279);
#898=LINE('',#14470,#2280);
#899=LINE('',#14472,#2281);
#900=LINE('',#14474,#2282);
#901=LINE('',#14476,#2283);
#902=LINE('',#14478,#2284);
#903=LINE('',#14480,#2285);
#904=LINE('',#14482,#2286);
#905=LINE('',#14484,#2287);
#906=LINE('',#14486,#2288);
#907=LINE('',#14488,#2289);
#908=LINE('',#14490,#2290);
#909=LINE('',#14492,#2291);
#910=LINE('',#14494,#2292);
#911=LINE('',#14496,#2293);
#912=LINE('',#14498,#2294);
#913=LINE('',#14500,#2295);
#914=LINE('',#14502,#2296);
#915=LINE('',#14504,#2297);
#916=LINE('',#14506,#2298);
#917=LINE('',#14508,#2299);
#918=LINE('',#14510,#2300);
#919=LINE('',#14512,#2301);
#920=LINE('',#14514,#2302);
#921=LINE('',#14521,#2303);
#922=LINE('',#14528,#2304);
#923=LINE('',#14530,#2305);
#924=LINE('',#14532,#2306);
#925=LINE('',#14534,#2307);
#926=LINE('',#14536,#2308);
#927=LINE('',#14538,#2309);
#928=LINE('',#14540,#2310);
#929=LINE('',#14542,#2311);
#930=LINE('',#14544,#2312);
#931=LINE('',#14546,#2313);
#932=LINE('',#14548,#2314);
#933=LINE('',#14550,#2315);
#934=LINE('',#14552,#2316);
#935=LINE('',#14554,#2317);
#936=LINE('',#14556,#2318);
#937=LINE('',#14558,#2319);
#938=LINE('',#14560,#2320);
#939=LINE('',#14562,#2321);
#940=LINE('',#14564,#2322);
#941=LINE('',#14566,#2323);
#942=LINE('',#14568,#2324);
#943=LINE('',#14570,#2325);
#944=LINE('',#14572,#2326);
#945=LINE('',#14574,#2327);
#946=LINE('',#14576,#2328);
#947=LINE('',#14578,#2329);
#948=LINE('',#14580,#2330);
#949=LINE('',#14582,#2331);
#950=LINE('',#14584,#2332);
#951=LINE('',#14586,#2333);
#952=LINE('',#14588,#2334);
#953=LINE('',#14590,#2335);
#954=LINE('',#14592,#2336);
#955=LINE('',#14594,#2337);
#956=LINE('',#14596,#2338);
#957=LINE('',#14598,#2339);
#958=LINE('',#14600,#2340);
#959=LINE('',#14602,#2341);
#960=LINE('',#14604,#2342);
#961=LINE('',#14606,#2343);
#962=LINE('',#14608,#2344);
#963=LINE('',#14609,#2345);
#964=LINE('',#14612,#2346);
#965=LINE('',#14614,#2347);
#966=LINE('',#14616,#2348);
#967=LINE('',#14618,#2349);
#968=LINE('',#14620,#2350);
#969=LINE('',#14622,#2351);
#970=LINE('',#14624,#2352);
#971=LINE('',#14626,#2353);
#972=LINE('',#14628,#2354);
#973=LINE('',#14630,#2355);
#974=LINE('',#14632,#2356);
#975=LINE('',#14634,#2357);
#976=LINE('',#14636,#2358);
#977=LINE('',#14638,#2359);
#978=LINE('',#14640,#2360);
#979=LINE('',#14642,#2361);
#980=LINE('',#14644,#2362);
#981=LINE('',#14646,#2363);
#982=LINE('',#14648,#2364);
#983=LINE('',#14650,#2365);
#984=LINE('',#14652,#2366);
#985=LINE('',#14654,#2367);
#986=LINE('',#14656,#2368);
#987=LINE('',#14658,#2369);
#988=LINE('',#14660,#2370);
#989=LINE('',#14662,#2371);
#990=LINE('',#14664,#2372);
#991=LINE('',#14666,#2373);
#992=LINE('',#14668,#2374);
#993=LINE('',#14670,#2375);
#994=LINE('',#14672,#2376);
#995=LINE('',#14674,#2377);
#996=LINE('',#14676,#2378);
#997=LINE('',#14678,#2379);
#998=LINE('',#14680,#2380);
#999=LINE('',#14682,#2381);
#1000=LINE('',#14684,#2382);
#1001=LINE('',#14686,#2383);
#1002=LINE('',#14688,#2384);
#1003=LINE('',#14690,#2385);
#1004=LINE('',#14692,#2386);
#1005=LINE('',#14694,#2387);
#1006=LINE('',#14696,#2388);
#1007=LINE('',#14698,#2389);
#1008=LINE('',#14700,#2390);
#1009=LINE('',#14702,#2391);
#1010=LINE('',#14705,#2392);
#1011=LINE('',#14707,#2393);
#1012=LINE('',#14709,#2394);
#1013=LINE('',#14711,#2395);
#1014=LINE('',#14712,#2396);
#1015=LINE('',#14714,#2397);
#1016=LINE('',#14716,#2398);
#1017=LINE('',#14718,#2399);
#1018=LINE('',#14720,#2400);
#1019=LINE('',#14722,#2401);
#1020=LINE('',#14724,#2402);
#1021=LINE('',#14726,#2403);
#1022=LINE('',#14728,#2404);
#1023=LINE('',#14730,#2405);
#1024=LINE('',#14732,#2406);
#1025=LINE('',#14734,#2407);
#1026=LINE('',#14736,#2408);
#1027=LINE('',#14738,#2409);
#1028=LINE('',#14740,#2410);
#1029=LINE('',#14742,#2411);
#1030=LINE('',#14744,#2412);
#1031=LINE('',#14746,#2413);
#1032=LINE('',#14748,#2414);
#1033=LINE('',#14750,#2415);
#1034=LINE('',#14752,#2416);
#1035=LINE('',#14754,#2417);
#1036=LINE('',#14756,#2418);
#1037=LINE('',#14758,#2419);
#1038=LINE('',#14760,#2420);
#1039=LINE('',#14762,#2421);
#1040=LINE('',#14764,#2422);
#1041=LINE('',#14766,#2423);
#1042=LINE('',#14768,#2424);
#1043=LINE('',#14770,#2425);
#1044=LINE('',#14772,#2426);
#1045=LINE('',#14774,#2427);
#1046=LINE('',#14776,#2428);
#1047=LINE('',#14778,#2429);
#1048=LINE('',#14780,#2430);
#1049=LINE('',#14782,#2431);
#1050=LINE('',#14784,#2432);
#1051=LINE('',#14786,#2433);
#1052=LINE('',#14788,#2434);
#1053=LINE('',#14790,#2435);
#1054=LINE('',#14792,#2436);
#1055=LINE('',#14794,#2437);
#1056=LINE('',#14796,#2438);
#1057=LINE('',#14798,#2439);
#1058=LINE('',#14799,#2440);
#1059=LINE('',#14801,#2441);
#1060=LINE('',#14804,#2442);
#1061=LINE('',#14807,#2443);
#1062=LINE('',#14809,#2444);
#1063=LINE('',#14811,#2445);
#1064=LINE('',#14813,#2446);
#1065=LINE('',#14815,#2447);
#1066=LINE('',#14817,#2448);
#1067=LINE('',#14819,#2449);
#1068=LINE('',#14821,#2450);
#1069=LINE('',#14823,#2451);
#1070=LINE('',#14825,#2452);
#1071=LINE('',#14827,#2453);
#1072=LINE('',#14829,#2454);
#1073=LINE('',#14831,#2455);
#1074=LINE('',#14833,#2456);
#1075=LINE('',#14835,#2457);
#1076=LINE('',#14837,#2458);
#1077=LINE('',#14838,#2459);
#1078=LINE('',#14840,#2460);
#1079=LINE('',#14842,#2461);
#1080=LINE('',#14844,#2462);
#1081=LINE('',#14846,#2463);
#1082=LINE('',#14848,#2464);
#1083=LINE('',#14850,#2465);
#1084=LINE('',#14852,#2466);
#1085=LINE('',#14854,#2467);
#1086=LINE('',#14856,#2468);
#1087=LINE('',#14858,#2469);
#1088=LINE('',#14860,#2470);
#1089=LINE('',#14862,#2471);
#1090=LINE('',#14864,#2472);
#1091=LINE('',#14866,#2473);
#1092=LINE('',#14869,#2474);
#1093=LINE('',#14872,#2475);
#1094=LINE('',#14874,#2476);
#1095=LINE('',#14876,#2477);
#1096=LINE('',#14878,#2478);
#1097=LINE('',#14880,#2479);
#1098=LINE('',#14882,#2480);
#1099=LINE('',#14884,#2481);
#1100=LINE('',#14886,#2482);
#1101=LINE('',#14888,#2483);
#1102=LINE('',#14890,#2484);
#1103=LINE('',#14892,#2485);
#1104=LINE('',#14894,#2486);
#1105=LINE('',#14896,#2487);
#1106=LINE('',#14898,#2488);
#1107=LINE('',#14900,#2489);
#1108=LINE('',#14902,#2490);
#1109=LINE('',#14904,#2491);
#1110=LINE('',#14906,#2492);
#1111=LINE('',#14908,#2493);
#1112=LINE('',#14910,#2494);
#1113=LINE('',#14912,#2495);
#1114=LINE('',#14914,#2496);
#1115=LINE('',#14916,#2497);
#1116=LINE('',#14918,#2498);
#1117=LINE('',#14920,#2499);
#1118=LINE('',#14922,#2500);
#1119=LINE('',#14923,#2501);
#1120=LINE('',#14925,#2502);
#1121=LINE('',#14927,#2503);
#1122=LINE('',#14929,#2504);
#1123=LINE('',#14930,#2505);
#1124=LINE('',#14932,#2506);
#1125=LINE('',#14934,#2507);
#1126=LINE('',#14936,#2508);
#1127=LINE('',#14938,#2509);
#1128=LINE('',#14940,#2510);
#1129=LINE('',#14942,#2511);
#1130=LINE('',#14944,#2512);
#1131=LINE('',#14945,#2513);
#1132=LINE('',#14947,#2514);
#1133=LINE('',#14949,#2515);
#1134=LINE('',#14951,#2516);
#1135=LINE('',#14953,#2517);
#1136=LINE('',#14954,#2518);
#1137=LINE('',#14956,#2519);
#1138=LINE('',#14958,#2520);
#1139=LINE('',#14960,#2521);
#1140=LINE('',#14963,#2522);
#1141=LINE('',#14965,#2523);
#1142=LINE('',#14968,#2524);
#1143=LINE('',#14971,#2525);
#1144=LINE('',#14974,#2526);
#1145=LINE('',#14977,#2527);
#1146=LINE('',#14979,#2528);
#1147=LINE('',#14981,#2529);
#1148=LINE('',#14983,#2530);
#1149=LINE('',#14985,#2531);
#1150=LINE('',#14987,#2532);
#1151=LINE('',#14989,#2533);
#1152=LINE('',#14991,#2534);
#1153=LINE('',#14993,#2535);
#1154=LINE('',#14995,#2536);
#1155=LINE('',#14997,#2537);
#1156=LINE('',#14999,#2538);
#1157=LINE('',#15001,#2539);
#1158=LINE('',#15003,#2540);
#1159=LINE('',#15005,#2541);
#1160=LINE('',#15007,#2542);
#1161=LINE('',#15008,#2543);
#1162=LINE('',#15010,#2544);
#1163=LINE('',#15012,#2545);
#1164=LINE('',#15014,#2546);
#1165=LINE('',#15016,#2547);
#1166=LINE('',#15018,#2548);
#1167=LINE('',#15020,#2549);
#1168=LINE('',#15022,#2550);
#1169=LINE('',#15024,#2551);
#1170=LINE('',#15026,#2552);
#1171=LINE('',#15028,#2553);
#1172=LINE('',#15030,#2554);
#1173=LINE('',#15032,#2555);
#1174=LINE('',#15034,#2556);
#1175=LINE('',#15036,#2557);
#1176=LINE('',#15039,#2558);
#1177=LINE('',#15042,#2559);
#1178=LINE('',#15044,#2560);
#1179=LINE('',#15046,#2561);
#1180=LINE('',#15048,#2562);
#1181=LINE('',#15050,#2563);
#1182=LINE('',#15052,#2564);
#1183=LINE('',#15054,#2565);
#1184=LINE('',#15056,#2566);
#1185=LINE('',#15058,#2567);
#1186=LINE('',#15060,#2568);
#1187=LINE('',#15062,#2569);
#1188=LINE('',#15064,#2570);
#1189=LINE('',#15066,#2571);
#1190=LINE('',#15068,#2572);
#1191=LINE('',#15070,#2573);
#1192=LINE('',#15072,#2574);
#1193=LINE('',#15074,#2575);
#1194=LINE('',#15076,#2576);
#1195=LINE('',#15078,#2577);
#1196=LINE('',#15080,#2578);
#1197=LINE('',#15082,#2579);
#1198=LINE('',#15084,#2580);
#1199=LINE('',#15086,#2581);
#1200=LINE('',#15088,#2582);
#1201=LINE('',#15090,#2583);
#1202=LINE('',#15092,#2584);
#1203=LINE('',#15093,#2585);
#1204=LINE('',#15095,#2586);
#1205=LINE('',#15097,#2587);
#1206=LINE('',#15099,#2588);
#1207=LINE('',#15101,#2589);
#1208=LINE('',#15103,#2590);
#1209=LINE('',#15105,#2591);
#1210=LINE('',#15106,#2592);
#1211=LINE('',#15108,#2593);
#1212=LINE('',#15110,#2594);
#1213=LINE('',#15112,#2595);
#1214=LINE('',#15114,#2596);
#1215=LINE('',#15116,#2597);
#1216=LINE('',#15118,#2598);
#1217=LINE('',#15120,#2599);
#1218=LINE('',#15122,#2600);
#1219=LINE('',#15124,#2601);
#1220=LINE('',#15125,#2602);
#1221=LINE('',#15127,#2603);
#1222=LINE('',#15129,#2604);
#1223=LINE('',#15131,#2605);
#1224=LINE('',#15134,#2606);
#1225=LINE('',#15136,#2607);
#1226=LINE('',#15138,#2608);
#1227=LINE('',#15140,#2609);
#1228=LINE('',#15144,#2610);
#1229=LINE('',#15147,#2611);
#1230=LINE('',#15149,#2612);
#1231=LINE('',#15151,#2613);
#1232=LINE('',#15153,#2614);
#1233=LINE('',#15155,#2615);
#1234=LINE('',#15157,#2616);
#1235=LINE('',#15159,#2617);
#1236=LINE('',#15161,#2618);
#1237=LINE('',#15163,#2619);
#1238=LINE('',#15165,#2620);
#1239=LINE('',#15167,#2621);
#1240=LINE('',#15169,#2622);
#1241=LINE('',#15171,#2623);
#1242=LINE('',#15173,#2624);
#1243=LINE('',#15175,#2625);
#1244=LINE('',#15177,#2626);
#1245=LINE('',#15179,#2627);
#1246=LINE('',#15181,#2628);
#1247=LINE('',#15183,#2629);
#1248=LINE('',#15185,#2630);
#1249=LINE('',#15187,#2631);
#1250=LINE('',#15189,#2632);
#1251=LINE('',#15190,#2633);
#1252=LINE('',#15192,#2634);
#1253=LINE('',#15194,#2635);
#1254=LINE('',#15195,#2636);
#1255=LINE('',#15197,#2637);
#1256=LINE('',#15199,#2638);
#1257=LINE('',#15201,#2639);
#1258=LINE('',#15203,#2640);
#1259=LINE('',#15205,#2641);
#1260=LINE('',#15206,#2642);
#1261=LINE('',#15208,#2643);
#1262=LINE('',#15210,#2644);
#1263=LINE('',#15212,#2645);
#1264=LINE('',#15214,#2646);
#1265=LINE('',#15216,#2647);
#1266=LINE('',#15220,#2648);
#1267=LINE('',#15222,#2649);
#1268=LINE('',#15224,#2650);
#1269=LINE('',#15226,#2651);
#1270=LINE('',#15228,#2652);
#1271=LINE('',#15230,#2653);
#1272=LINE('',#15233,#2654);
#1273=LINE('',#15235,#2655);
#1274=LINE('',#15237,#2656);
#1275=LINE('',#15239,#2657);
#1276=LINE('',#15241,#2658);
#1277=LINE('',#15243,#2659);
#1278=LINE('',#15245,#2660);
#1279=LINE('',#15247,#2661);
#1280=LINE('',#15249,#2662);
#1281=LINE('',#15251,#2663);
#1282=LINE('',#15253,#2664);
#1283=LINE('',#15255,#2665);
#1284=LINE('',#15257,#2666);
#1285=LINE('',#15259,#2667);
#1286=LINE('',#15261,#2668);
#1287=LINE('',#15263,#2669);
#1288=LINE('',#15265,#2670);
#1289=LINE('',#15267,#2671);
#1290=LINE('',#15269,#2672);
#1291=LINE('',#15271,#2673);
#1292=LINE('',#15273,#2674);
#1293=LINE('',#15275,#2675);
#1294=LINE('',#15277,#2676);
#1295=LINE('',#15279,#2677);
#1296=LINE('',#15281,#2678);
#1297=LINE('',#15283,#2679);
#1298=LINE('',#15285,#2680);
#1299=LINE('',#15287,#2681);
#1300=LINE('',#15289,#2682);
#1301=LINE('',#15291,#2683);
#1302=LINE('',#15293,#2684);
#1303=LINE('',#15295,#2685);
#1304=LINE('',#15297,#2686);
#1305=LINE('',#15299,#2687);
#1306=LINE('',#15301,#2688);
#1307=LINE('',#15303,#2689);
#1308=LINE('',#15305,#2690);
#1309=LINE('',#15307,#2691);
#1310=LINE('',#15310,#2692);
#1311=LINE('',#15312,#2693);
#1312=LINE('',#15314,#2694);
#1313=LINE('',#15316,#2695);
#1314=LINE('',#15318,#2696);
#1315=LINE('',#15320,#2697);
#1316=LINE('',#15322,#2698);
#1317=LINE('',#15324,#2699);
#1318=LINE('',#15326,#2700);
#1319=LINE('',#15328,#2701);
#1320=LINE('',#15330,#2702);
#1321=LINE('',#15332,#2703);
#1322=LINE('',#15334,#2704);
#1323=LINE('',#15336,#2705);
#1324=LINE('',#15338,#2706);
#1325=LINE('',#15340,#2707);
#1326=LINE('',#15342,#2708);
#1327=LINE('',#15344,#2709);
#1328=LINE('',#15346,#2710);
#1329=LINE('',#15348,#2711);
#1330=LINE('',#15350,#2712);
#1331=LINE('',#15352,#2713);
#1332=LINE('',#15354,#2714);
#1333=LINE('',#15356,#2715);
#1334=LINE('',#15358,#2716);
#1335=LINE('',#15360,#2717);
#1336=LINE('',#15362,#2718);
#1337=LINE('',#15364,#2719);
#1338=LINE('',#15366,#2720);
#1339=LINE('',#15368,#2721);
#1340=LINE('',#15370,#2722);
#1341=LINE('',#15372,#2723);
#1342=LINE('',#15374,#2724);
#1343=LINE('',#15376,#2725);
#1344=LINE('',#15378,#2726);
#1345=LINE('',#15380,#2727);
#1346=LINE('',#15382,#2728);
#1347=LINE('',#15384,#2729);
#1348=LINE('',#15386,#2730);
#1349=LINE('',#15388,#2731);
#1350=LINE('',#15390,#2732);
#1351=LINE('',#15392,#2733);
#1352=LINE('',#15394,#2734);
#1353=LINE('',#15396,#2735);
#1354=LINE('',#15398,#2736);
#1355=LINE('',#15400,#2737);
#1356=LINE('',#15403,#2738);
#1357=LINE('',#15405,#2739);
#1358=LINE('',#15407,#2740);
#1359=LINE('',#15409,#2741);
#1360=LINE('',#15410,#2742);
#1361=LINE('',#15412,#2743);
#1362=LINE('',#15414,#2744);
#1363=LINE('',#15416,#2745);
#1364=LINE('',#15418,#2746);
#1365=LINE('',#15420,#2747);
#1366=LINE('',#15422,#2748);
#1367=LINE('',#15424,#2749);
#1368=LINE('',#15426,#2750);
#1369=LINE('',#15428,#2751);
#1370=LINE('',#15430,#2752);
#1371=LINE('',#15432,#2753);
#1372=LINE('',#15434,#2754);
#1373=LINE('',#15436,#2755);
#1374=LINE('',#15438,#2756);
#1375=LINE('',#15440,#2757);
#1376=LINE('',#15442,#2758);
#1377=LINE('',#15444,#2759);
#1378=LINE('',#15446,#2760);
#1379=LINE('',#15448,#2761);
#1380=LINE('',#15450,#2762);
#1381=LINE('',#15452,#2763);
#1382=LINE('',#15454,#2764);
#1383=LINE('',#15456,#2765);
#1384=LINE('',#15458,#2766);
#1385=LINE('',#15460,#2767);
#1386=LINE('',#15462,#2768);
#1387=LINE('',#15464,#2769);
#1388=LINE('',#15466,#2770);
#1389=LINE('',#15468,#2771);
#1390=LINE('',#15470,#2772);
#1391=LINE('',#15472,#2773);
#1392=LINE('',#15474,#2774);
#1393=LINE('',#15476,#2775);
#1394=LINE('',#15478,#2776);
#1395=LINE('',#15480,#2777);
#1396=LINE('',#15482,#2778);
#1397=LINE('',#15484,#2779);
#1398=LINE('',#15485,#2780);
#1399=LINE('',#15487,#2781);
#1400=VECTOR('',#10333,1.);
#1401=VECTOR('',#10334,1.);
#1402=VECTOR('',#10337,1.);
#1403=VECTOR('',#10338,1.);
#1404=VECTOR('',#10339,1.);
#1405=VECTOR('',#10342,1.);
#1406=VECTOR('',#10343,1.);
#1407=VECTOR('',#10344,1.);
#1408=VECTOR('',#10347,1.);
#1409=VECTOR('',#10348,1.);
#1410=VECTOR('',#10349,1.);
#1411=VECTOR('',#10352,1.);
#1412=VECTOR('',#10353,1.);
#1413=VECTOR('',#10356,1.);
#1414=VECTOR('',#10357,1.);
#1415=VECTOR('',#10358,1.);
#1416=VECTOR('',#10361,1.);
#1417=VECTOR('',#10362,1.);
#1418=VECTOR('',#10363,1.);
#1419=VECTOR('',#10364,1.);
#1420=VECTOR('',#10367,1.);
#1421=VECTOR('',#10368,1.);
#1422=VECTOR('',#10369,1.);
#1423=VECTOR('',#10370,1.);
#1424=VECTOR('',#10373,1.);
#1425=VECTOR('',#10374,1.);
#1426=VECTOR('',#10375,1.);
#1427=VECTOR('',#10378,1.);
#1428=VECTOR('',#10379,1.);
#1429=VECTOR('',#10380,1.);
#1430=VECTOR('',#10383,1.);
#1431=VECTOR('',#10384,1.);
#1432=VECTOR('',#10385,1.);
#1433=VECTOR('',#10388,1.);
#1434=VECTOR('',#10389,1.);
#1435=VECTOR('',#10390,1.);
#1436=VECTOR('',#10393,1.);
#1437=VECTOR('',#10394,1.);
#1438=VECTOR('',#10395,1.);
#1439=VECTOR('',#10398,1.);
#1440=VECTOR('',#10399,1.);
#1441=VECTOR('',#10400,1.);
#1442=VECTOR('',#10403,1.);
#1443=VECTOR('',#10404,1.);
#1444=VECTOR('',#10405,1.);
#1445=VECTOR('',#10408,1.);
#1446=VECTOR('',#10409,1.);
#1447=VECTOR('',#10410,1.);
#1448=VECTOR('',#10413,1.);
#1449=VECTOR('',#10414,1.);
#1450=VECTOR('',#10415,1.);
#1451=VECTOR('',#10418,1.);
#1452=VECTOR('',#10419,1.);
#1453=VECTOR('',#10420,1.);
#1454=VECTOR('',#10423,1.);
#1455=VECTOR('',#10424,1.);
#1456=VECTOR('',#10425,1.);
#1457=VECTOR('',#10428,1.);
#1458=VECTOR('',#10429,1.);
#1459=VECTOR('',#10430,1.);
#1460=VECTOR('',#10433,1.);
#1461=VECTOR('',#10434,1.);
#1462=VECTOR('',#10435,1.);
#1463=VECTOR('',#10438,1.);
#1464=VECTOR('',#10439,1.);
#1465=VECTOR('',#10440,1.);
#1466=VECTOR('',#10443,1.);
#1467=VECTOR('',#10444,1.);
#1468=VECTOR('',#10445,1.);
#1469=VECTOR('',#10448,1.);
#1470=VECTOR('',#10449,1.);
#1471=VECTOR('',#10450,1.);
#1472=VECTOR('',#10453,1.);
#1473=VECTOR('',#10454,1.);
#1474=VECTOR('',#10455,1.);
#1475=VECTOR('',#10458,1.);
#1476=VECTOR('',#10459,1.);
#1477=VECTOR('',#10460,1.);
#1478=VECTOR('',#10463,1.);
#1479=VECTOR('',#10464,1.);
#1480=VECTOR('',#10465,1.);
#1481=VECTOR('',#10468,1.);
#1482=VECTOR('',#10469,1.);
#1483=VECTOR('',#10470,1.);
#1484=VECTOR('',#10473,1.);
#1485=VECTOR('',#10474,1.);
#1486=VECTOR('',#10475,1.);
#1487=VECTOR('',#10478,1.);
#1488=VECTOR('',#10479,1.);
#1489=VECTOR('',#10480,1.);
#1490=VECTOR('',#10483,1.);
#1491=VECTOR('',#10484,1.);
#1492=VECTOR('',#10485,1.);
#1493=VECTOR('',#10488,1.);
#1494=VECTOR('',#10489,1.);
#1495=VECTOR('',#10490,1.);
#1496=VECTOR('',#10493,1.);
#1497=VECTOR('',#10494,1.);
#1498=VECTOR('',#10495,1.);
#1499=VECTOR('',#10498,1.);
#1500=VECTOR('',#10499,1.);
#1501=VECTOR('',#10500,1.);
#1502=VECTOR('',#10503,1.);
#1503=VECTOR('',#10504,1.);
#1504=VECTOR('',#10505,1.);
#1505=VECTOR('',#10508,1.);
#1506=VECTOR('',#10509,1.);
#1507=VECTOR('',#10510,1.);
#1508=VECTOR('',#10513,1.);
#1509=VECTOR('',#10514,1.);
#1510=VECTOR('',#10515,1.);
#1511=VECTOR('',#10518,1.);
#1512=VECTOR('',#10519,1.);
#1513=VECTOR('',#10520,1.);
#1514=VECTOR('',#10523,1.);
#1515=VECTOR('',#10524,1.);
#1516=VECTOR('',#10525,1.);
#1517=VECTOR('',#10528,1.);
#1518=VECTOR('',#10529,1.);
#1519=VECTOR('',#10530,1.);
#1520=VECTOR('',#10533,1.);
#1521=VECTOR('',#10534,1.);
#1522=VECTOR('',#10535,1.);
#1523=VECTOR('',#10538,1.);
#1524=VECTOR('',#10539,1.);
#1525=VECTOR('',#10540,1.);
#1526=VECTOR('',#10543,1.);
#1527=VECTOR('',#10544,1.);
#1528=VECTOR('',#10545,1.);
#1529=VECTOR('',#10548,1.);
#1530=VECTOR('',#10549,1.);
#1531=VECTOR('',#10550,1.);
#1532=VECTOR('',#10553,1.);
#1533=VECTOR('',#10554,1.);
#1534=VECTOR('',#10555,1.);
#1535=VECTOR('',#10558,1.);
#1536=VECTOR('',#10559,1.);
#1537=VECTOR('',#10560,1.);
#1538=VECTOR('',#10563,1.);
#1539=VECTOR('',#10564,1.);
#1540=VECTOR('',#10565,1.);
#1541=VECTOR('',#10568,1.);
#1542=VECTOR('',#10569,1.);
#1543=VECTOR('',#10570,1.);
#1544=VECTOR('',#10573,1.);
#1545=VECTOR('',#10574,1.);
#1546=VECTOR('',#10575,1.);
#1547=VECTOR('',#10578,1.);
#1548=VECTOR('',#10579,1.);
#1549=VECTOR('',#10580,1.);
#1550=VECTOR('',#10583,1.);
#1551=VECTOR('',#10584,1.);
#1552=VECTOR('',#10585,1.);
#1553=VECTOR('',#10588,1.);
#1554=VECTOR('',#10589,1.);
#1555=VECTOR('',#10590,1.);
#1556=VECTOR('',#10593,1.);
#1557=VECTOR('',#10594,1.);
#1558=VECTOR('',#10595,1.);
#1559=VECTOR('',#10598,1.);
#1560=VECTOR('',#10599,1.);
#1561=VECTOR('',#10600,1.);
#1562=VECTOR('',#10603,1.);
#1563=VECTOR('',#10604,1.);
#1564=VECTOR('',#10605,1.);
#1565=VECTOR('',#10608,1.);
#1566=VECTOR('',#10609,1.);
#1567=VECTOR('',#10610,1.);
#1568=VECTOR('',#10613,1.);
#1569=VECTOR('',#10614,1.);
#1570=VECTOR('',#10615,1.);
#1571=VECTOR('',#10618,1.);
#1572=VECTOR('',#10619,1.);
#1573=VECTOR('',#10620,1.);
#1574=VECTOR('',#10623,1.);
#1575=VECTOR('',#10624,1.);
#1576=VECTOR('',#10625,1.);
#1577=VECTOR('',#10628,1.);
#1578=VECTOR('',#10629,1.);
#1579=VECTOR('',#10630,1.);
#1580=VECTOR('',#10633,1.);
#1581=VECTOR('',#10634,1.);
#1582=VECTOR('',#10635,1.);
#1583=VECTOR('',#10638,1.);
#1584=VECTOR('',#10639,1.);
#1585=VECTOR('',#10640,1.);
#1586=VECTOR('',#10643,1.);
#1587=VECTOR('',#10644,1.);
#1588=VECTOR('',#10645,1.);
#1589=VECTOR('',#10648,1.);
#1590=VECTOR('',#10649,1.);
#1591=VECTOR('',#10650,1.);
#1592=VECTOR('',#10653,1.);
#1593=VECTOR('',#10654,1.);
#1594=VECTOR('',#10655,1.);
#1595=VECTOR('',#10658,1.);
#1596=VECTOR('',#10659,1.);
#1597=VECTOR('',#10660,1.);
#1598=VECTOR('',#10663,1.);
#1599=VECTOR('',#10664,1.);
#1600=VECTOR('',#10665,1.);
#1601=VECTOR('',#10668,1.);
#1602=VECTOR('',#10669,1.);
#1603=VECTOR('',#10670,1.);
#1604=VECTOR('',#10671,1.);
#1605=VECTOR('',#10674,1.);
#1606=VECTOR('',#10675,1.);
#1607=VECTOR('',#10676,1.);
#1608=VECTOR('',#10679,1.);
#1609=VECTOR('',#10680,1.);
#1610=VECTOR('',#10681,1.);
#1611=VECTOR('',#10684,1.);
#1612=VECTOR('',#10685,1.);
#1613=VECTOR('',#10686,1.);
#1614=VECTOR('',#10689,1.);
#1615=VECTOR('',#10690,1.);
#1616=VECTOR('',#10691,1.);
#1617=VECTOR('',#10694,1.);
#1618=VECTOR('',#10695,1.);
#1619=VECTOR('',#10696,1.);
#1620=VECTOR('',#10699,1.);
#1621=VECTOR('',#10700,1.);
#1622=VECTOR('',#10701,1.);
#1623=VECTOR('',#10704,1.);
#1624=VECTOR('',#10705,1.);
#1625=VECTOR('',#10706,1.);
#1626=VECTOR('',#10709,1.);
#1627=VECTOR('',#10710,1.);
#1628=VECTOR('',#10711,1.);
#1629=VECTOR('',#10714,1.);
#1630=VECTOR('',#10715,1.);
#1631=VECTOR('',#10716,1.);
#1632=VECTOR('',#10719,1.);
#1633=VECTOR('',#10720,1.);
#1634=VECTOR('',#10721,1.);
#1635=VECTOR('',#10724,1.);
#1636=VECTOR('',#10725,1.);
#1637=VECTOR('',#10726,1.);
#1638=VECTOR('',#10729,1.);
#1639=VECTOR('',#10730,1.);
#1640=VECTOR('',#10731,1.);
#1641=VECTOR('',#10734,1.);
#1642=VECTOR('',#10735,1.);
#1643=VECTOR('',#10736,1.);
#1644=VECTOR('',#10739,1.);
#1645=VECTOR('',#10740,1.);
#1646=VECTOR('',#10741,1.);
#1647=VECTOR('',#10744,1.);
#1648=VECTOR('',#10745,1.);
#1649=VECTOR('',#10746,1.);
#1650=VECTOR('',#10749,1.);
#1651=VECTOR('',#10750,1.);
#1652=VECTOR('',#10751,1.);
#1653=VECTOR('',#10754,1.);
#1654=VECTOR('',#10755,1.);
#1655=VECTOR('',#10756,1.);
#1656=VECTOR('',#10759,1.);
#1657=VECTOR('',#10760,1.);
#1658=VECTOR('',#10761,1.);
#1659=VECTOR('',#10764,1.);
#1660=VECTOR('',#10765,1.);
#1661=VECTOR('',#10766,1.);
#1662=VECTOR('',#10769,1.);
#1663=VECTOR('',#10770,1.);
#1664=VECTOR('',#10771,1.);
#1665=VECTOR('',#10774,1.);
#1666=VECTOR('',#10775,1.);
#1667=VECTOR('',#10776,1.);
#1668=VECTOR('',#10779,1.);
#1669=VECTOR('',#10780,1.);
#1670=VECTOR('',#10781,1.);
#1671=VECTOR('',#10784,1.);
#1672=VECTOR('',#10785,1.);
#1673=VECTOR('',#10786,1.);
#1674=VECTOR('',#10789,1.);
#1675=VECTOR('',#10790,1.);
#1676=VECTOR('',#10791,1.);
#1677=VECTOR('',#10794,1.);
#1678=VECTOR('',#10795,1.);
#1679=VECTOR('',#10796,1.);
#1680=VECTOR('',#10799,1.);
#1681=VECTOR('',#10800,1.);
#1682=VECTOR('',#10801,1.);
#1683=VECTOR('',#10804,1.);
#1684=VECTOR('',#10805,1.);
#1685=VECTOR('',#10806,1.);
#1686=VECTOR('',#10809,1.);
#1687=VECTOR('',#10810,1.);
#1688=VECTOR('',#10811,1.);
#1689=VECTOR('',#10814,1.);
#1690=VECTOR('',#10815,1.);
#1691=VECTOR('',#10816,1.);
#1692=VECTOR('',#10819,1.);
#1693=VECTOR('',#10820,1.);
#1694=VECTOR('',#10821,1.);
#1695=VECTOR('',#10824,1.);
#1696=VECTOR('',#10825,1.);
#1697=VECTOR('',#10826,1.);
#1698=VECTOR('',#10829,1.);
#1699=VECTOR('',#10830,1.);
#1700=VECTOR('',#10831,1.);
#1701=VECTOR('',#10834,1.);
#1702=VECTOR('',#10835,1.);
#1703=VECTOR('',#10836,1.);
#1704=VECTOR('',#10839,1.);
#1705=VECTOR('',#10840,1.);
#1706=VECTOR('',#10841,1.);
#1707=VECTOR('',#10844,1.);
#1708=VECTOR('',#10845,1.);
#1709=VECTOR('',#10846,1.);
#1710=VECTOR('',#10849,1.);
#1711=VECTOR('',#10850,1.);
#1712=VECTOR('',#10851,1.);
#1713=VECTOR('',#10854,1.);
#1714=VECTOR('',#10855,1.);
#1715=VECTOR('',#10856,1.);
#1716=VECTOR('',#10859,1.);
#1717=VECTOR('',#10860,1.);
#1718=VECTOR('',#10861,1.);
#1719=VECTOR('',#10864,1.);
#1720=VECTOR('',#10865,1.);
#1721=VECTOR('',#10866,1.);
#1722=VECTOR('',#10869,1.);
#1723=VECTOR('',#10870,1.);
#1724=VECTOR('',#10871,1.);
#1725=VECTOR('',#10874,1.);
#1726=VECTOR('',#10875,1.);
#1727=VECTOR('',#10876,1.);
#1728=VECTOR('',#10879,1.);
#1729=VECTOR('',#10880,1.);
#1730=VECTOR('',#10881,1.);
#1731=VECTOR('',#10884,1.);
#1732=VECTOR('',#10885,1.);
#1733=VECTOR('',#10886,1.);
#1734=VECTOR('',#10889,1.);
#1735=VECTOR('',#10890,1.);
#1736=VECTOR('',#10891,1.);
#1737=VECTOR('',#10894,1.);
#1738=VECTOR('',#10895,1.);
#1739=VECTOR('',#10896,1.);
#1740=VECTOR('',#10899,1.);
#1741=VECTOR('',#10900,1.);
#1742=VECTOR('',#10901,1.);
#1743=VECTOR('',#10904,1.);
#1744=VECTOR('',#10905,1.);
#1745=VECTOR('',#10906,1.);
#1746=VECTOR('',#10909,1.);
#1747=VECTOR('',#10910,1.);
#1748=VECTOR('',#10911,1.);
#1749=VECTOR('',#10914,1.);
#1750=VECTOR('',#10915,1.);
#1751=VECTOR('',#10916,1.);
#1752=VECTOR('',#10919,1.);
#1753=VECTOR('',#10920,1.);
#1754=VECTOR('',#10921,1.);
#1755=VECTOR('',#10924,1.);
#1756=VECTOR('',#10925,1.);
#1757=VECTOR('',#10926,1.);
#1758=VECTOR('',#10929,1.);
#1759=VECTOR('',#10930,1.);
#1760=VECTOR('',#10931,1.);
#1761=VECTOR('',#10934,1.);
#1762=VECTOR('',#10935,1.);
#1763=VECTOR('',#10936,1.);
#1764=VECTOR('',#10939,1.);
#1765=VECTOR('',#10940,1.);
#1766=VECTOR('',#10941,1.);
#1767=VECTOR('',#10944,1.);
#1768=VECTOR('',#10945,1.);
#1769=VECTOR('',#10946,1.);
#1770=VECTOR('',#10949,1.);
#1771=VECTOR('',#10950,1.);
#1772=VECTOR('',#10951,1.);
#1773=VECTOR('',#10954,1.);
#1774=VECTOR('',#10955,1.);
#1775=VECTOR('',#10956,1.);
#1776=VECTOR('',#10959,1.);
#1777=VECTOR('',#10960,1.);
#1778=VECTOR('',#10961,1.);
#1779=VECTOR('',#10964,1.);
#1780=VECTOR('',#10965,1.);
#1781=VECTOR('',#10966,1.);
#1782=VECTOR('',#10969,1.);
#1783=VECTOR('',#10970,1.);
#1784=VECTOR('',#10971,1.);
#1785=VECTOR('',#10974,1.);
#1786=VECTOR('',#10975,1.);
#1787=VECTOR('',#10976,1.);
#1788=VECTOR('',#10979,1.);
#1789=VECTOR('',#10980,1.);
#1790=VECTOR('',#10981,1.);
#1791=VECTOR('',#10984,1.);
#1792=VECTOR('',#10985,1.);
#1793=VECTOR('',#10986,1.);
#1794=VECTOR('',#10989,1.);
#1795=VECTOR('',#10990,1.);
#1796=VECTOR('',#10991,1.);
#1797=VECTOR('',#10994,1.);
#1798=VECTOR('',#10995,1.);
#1799=VECTOR('',#10996,1.);
#1800=VECTOR('',#10999,1.);
#1801=VECTOR('',#11000,1.);
#1802=VECTOR('',#11001,1.);
#1803=VECTOR('',#11004,1.);
#1804=VECTOR('',#11005,1.);
#1805=VECTOR('',#11006,1.);
#1806=VECTOR('',#11009,1.);
#1807=VECTOR('',#11010,1.);
#1808=VECTOR('',#11011,1.);
#1809=VECTOR('',#11014,1.);
#1810=VECTOR('',#11015,1.);
#1811=VECTOR('',#11016,1.);
#1812=VECTOR('',#11019,1.);
#1813=VECTOR('',#11020,1.);
#1814=VECTOR('',#11021,1.);
#1815=VECTOR('',#11024,1.);
#1816=VECTOR('',#11025,1.);
#1817=VECTOR('',#11026,1.);
#1818=VECTOR('',#11029,1.);
#1819=VECTOR('',#11030,1.);
#1820=VECTOR('',#11031,1.);
#1821=VECTOR('',#11034,1.);
#1822=VECTOR('',#11035,1.);
#1823=VECTOR('',#11036,1.);
#1824=VECTOR('',#11039,1.);
#1825=VECTOR('',#11040,1.);
#1826=VECTOR('',#11041,1.);
#1827=VECTOR('',#11044,1.);
#1828=VECTOR('',#11045,1.);
#1829=VECTOR('',#11046,1.);
#1830=VECTOR('',#11049,1.);
#1831=VECTOR('',#11050,1.);
#1832=VECTOR('',#11051,1.);
#1833=VECTOR('',#11054,1.);
#1834=VECTOR('',#11055,1.);
#1835=VECTOR('',#11056,1.);
#1836=VECTOR('',#11059,1.);
#1837=VECTOR('',#11060,1.);
#1838=VECTOR('',#11061,1.);
#1839=VECTOR('',#11064,1.);
#1840=VECTOR('',#11065,1.);
#1841=VECTOR('',#11066,1.);
#1842=VECTOR('',#11069,1.);
#1843=VECTOR('',#11070,1.);
#1844=VECTOR('',#11071,1.);
#1845=VECTOR('',#11074,1.);
#1846=VECTOR('',#11075,1.);
#1847=VECTOR('',#11076,1.);
#1848=VECTOR('',#11079,1.);
#1849=VECTOR('',#11080,1.);
#1850=VECTOR('',#11081,1.);
#1851=VECTOR('',#11084,1.);
#1852=VECTOR('',#11085,1.);
#1853=VECTOR('',#11086,1.);
#1854=VECTOR('',#11089,1.);
#1855=VECTOR('',#11090,1.);
#1856=VECTOR('',#11091,1.);
#1857=VECTOR('',#11094,1.);
#1858=VECTOR('',#11095,1.);
#1859=VECTOR('',#11096,1.);
#1860=VECTOR('',#11099,1.);
#1861=VECTOR('',#11100,1.);
#1862=VECTOR('',#11101,1.);
#1863=VECTOR('',#11104,1.);
#1864=VECTOR('',#11105,1.);
#1865=VECTOR('',#11106,1.);
#1866=VECTOR('',#11109,1.);
#1867=VECTOR('',#11110,1.);
#1868=VECTOR('',#11111,1.);
#1869=VECTOR('',#11114,1.);
#1870=VECTOR('',#11115,1.);
#1871=VECTOR('',#11116,1.);
#1872=VECTOR('',#11119,1.);
#1873=VECTOR('',#11120,1.);
#1874=VECTOR('',#11121,1.);
#1875=VECTOR('',#11124,1.);
#1876=VECTOR('',#11125,1.);
#1877=VECTOR('',#11126,1.);
#1878=VECTOR('',#11129,1.);
#1879=VECTOR('',#11130,1.);
#1880=VECTOR('',#11131,1.);
#1881=VECTOR('',#11134,1.);
#1882=VECTOR('',#11135,1.);
#1883=VECTOR('',#11136,1.);
#1884=VECTOR('',#11139,1.);
#1885=VECTOR('',#11140,1.);
#1886=VECTOR('',#11141,1.);
#1887=VECTOR('',#11144,1.);
#1888=VECTOR('',#11145,1.);
#1889=VECTOR('',#11146,1.);
#1890=VECTOR('',#11149,1.);
#1891=VECTOR('',#11150,1.);
#1892=VECTOR('',#11151,1.);
#1893=VECTOR('',#11154,1.);
#1894=VECTOR('',#11155,1.);
#1895=VECTOR('',#11156,1.);
#1896=VECTOR('',#11159,1.);
#1897=VECTOR('',#11160,1.);
#1898=VECTOR('',#11161,1.);
#1899=VECTOR('',#11164,1.);
#1900=VECTOR('',#11165,1.);
#1901=VECTOR('',#11166,1.);
#1902=VECTOR('',#11169,1.);
#1903=VECTOR('',#11170,1.);
#1904=VECTOR('',#11171,1.);
#1905=VECTOR('',#11174,1.);
#1906=VECTOR('',#11175,1.);
#1907=VECTOR('',#11176,1.);
#1908=VECTOR('',#11179,1.);
#1909=VECTOR('',#11180,1.);
#1910=VECTOR('',#11181,1.);
#1911=VECTOR('',#11184,1.);
#1912=VECTOR('',#11185,1.);
#1913=VECTOR('',#11186,1.);
#1914=VECTOR('',#11189,1.);
#1915=VECTOR('',#11190,1.);
#1916=VECTOR('',#11191,1.);
#1917=VECTOR('',#11194,1.);
#1918=VECTOR('',#11195,1.);
#1919=VECTOR('',#11196,1.);
#1920=VECTOR('',#11199,1.);
#1921=VECTOR('',#11200,1.);
#1922=VECTOR('',#11201,1.);
#1923=VECTOR('',#11204,1.);
#1924=VECTOR('',#11205,1.);
#1925=VECTOR('',#11206,1.);
#1926=VECTOR('',#11209,1.);
#1927=VECTOR('',#11210,1.);
#1928=VECTOR('',#11211,1.);
#1929=VECTOR('',#11214,1.);
#1930=VECTOR('',#11215,1.);
#1931=VECTOR('',#11216,1.);
#1932=VECTOR('',#11219,1.);
#1933=VECTOR('',#11220,1.);
#1934=VECTOR('',#11221,1.);
#1935=VECTOR('',#11224,1.);
#1936=VECTOR('',#11225,1.);
#1937=VECTOR('',#11226,1.);
#1938=VECTOR('',#11229,1.);
#1939=VECTOR('',#11230,1.);
#1940=VECTOR('',#11231,1.);
#1941=VECTOR('',#11234,1.);
#1942=VECTOR('',#11235,1.);
#1943=VECTOR('',#11236,1.);
#1944=VECTOR('',#11239,1.);
#1945=VECTOR('',#11240,1.);
#1946=VECTOR('',#11241,1.);
#1947=VECTOR('',#11244,1.);
#1948=VECTOR('',#11245,1.);
#1949=VECTOR('',#11246,1.);
#1950=VECTOR('',#11249,1.);
#1951=VECTOR('',#11250,1.);
#1952=VECTOR('',#11251,1.);
#1953=VECTOR('',#11254,1.);
#1954=VECTOR('',#11255,1.);
#1955=VECTOR('',#11256,1.);
#1956=VECTOR('',#11259,1.);
#1957=VECTOR('',#11260,1.);
#1958=VECTOR('',#11261,1.);
#1959=VECTOR('',#11264,1.);
#1960=VECTOR('',#11265,1.);
#1961=VECTOR('',#11266,1.);
#1962=VECTOR('',#11269,1.);
#1963=VECTOR('',#11270,1.);
#1964=VECTOR('',#11271,1.);
#1965=VECTOR('',#11274,1.);
#1966=VECTOR('',#11275,1.);
#1967=VECTOR('',#11276,1.);
#1968=VECTOR('',#11279,1.);
#1969=VECTOR('',#11280,1.);
#1970=VECTOR('',#11281,1.);
#1971=VECTOR('',#11284,1.);
#1972=VECTOR('',#11285,1.);
#1973=VECTOR('',#11286,1.);
#1974=VECTOR('',#11289,1.);
#1975=VECTOR('',#11290,1.);
#1976=VECTOR('',#11291,1.);
#1977=VECTOR('',#11294,1.);
#1978=VECTOR('',#11295,1.);
#1979=VECTOR('',#11296,1.);
#1980=VECTOR('',#11299,1.);
#1981=VECTOR('',#11300,1.);
#1982=VECTOR('',#11301,1.);
#1983=VECTOR('',#11304,1.);
#1984=VECTOR('',#11305,1.);
#1985=VECTOR('',#11306,1.);
#1986=VECTOR('',#11309,1.);
#1987=VECTOR('',#11310,1.);
#1988=VECTOR('',#11311,1.);
#1989=VECTOR('',#11314,1.);
#1990=VECTOR('',#11315,1.);
#1991=VECTOR('',#11316,1.);
#1992=VECTOR('',#11319,1.);
#1993=VECTOR('',#11320,1.);
#1994=VECTOR('',#11321,1.);
#1995=VECTOR('',#11324,1.);
#1996=VECTOR('',#11325,1.);
#1997=VECTOR('',#11326,1.);
#1998=VECTOR('',#11329,1.);
#1999=VECTOR('',#11330,1.);
#2000=VECTOR('',#11331,1.);
#2001=VECTOR('',#11334,1.);
#2002=VECTOR('',#11335,1.);
#2003=VECTOR('',#11336,1.);
#2004=VECTOR('',#11339,1.);
#2005=VECTOR('',#11340,1.);
#2006=VECTOR('',#11341,1.);
#2007=VECTOR('',#11344,1.);
#2008=VECTOR('',#11345,1.);
#2009=VECTOR('',#11346,1.);
#2010=VECTOR('',#11349,1.);
#2011=VECTOR('',#11350,1.);
#2012=VECTOR('',#11351,1.);
#2013=VECTOR('',#11354,1.);
#2014=VECTOR('',#11355,1.);
#2015=VECTOR('',#11356,1.);
#2016=VECTOR('',#11359,1.);
#2017=VECTOR('',#11360,1.);
#2018=VECTOR('',#11361,1.);
#2019=VECTOR('',#11364,1.);
#2020=VECTOR('',#11365,1.);
#2021=VECTOR('',#11366,1.);
#2022=VECTOR('',#11369,1.);
#2023=VECTOR('',#11370,1.);
#2024=VECTOR('',#11371,1.);
#2025=VECTOR('',#11374,1.);
#2026=VECTOR('',#11375,1.);
#2027=VECTOR('',#11376,1.);
#2028=VECTOR('',#11379,1.);
#2029=VECTOR('',#11380,1.);
#2030=VECTOR('',#11381,1.);
#2031=VECTOR('',#11384,1.);
#2032=VECTOR('',#11385,1.);
#2033=VECTOR('',#11386,1.);
#2034=VECTOR('',#11389,1.);
#2035=VECTOR('',#11390,1.);
#2036=VECTOR('',#11391,1.);
#2037=VECTOR('',#11394,1.);
#2038=VECTOR('',#11395,1.);
#2039=VECTOR('',#11396,1.);
#2040=VECTOR('',#11399,1.);
#2041=VECTOR('',#11400,1.);
#2042=VECTOR('',#11401,1.);
#2043=VECTOR('',#11404,1.);
#2044=VECTOR('',#11405,1.);
#2045=VECTOR('',#11406,1.);
#2046=VECTOR('',#11409,1.);
#2047=VECTOR('',#11410,1.);
#2048=VECTOR('',#11411,1.);
#2049=VECTOR('',#11414,1.);
#2050=VECTOR('',#11415,1.);
#2051=VECTOR('',#11422,1.);
#2052=VECTOR('',#11423,1.);
#2053=VECTOR('',#11424,1.);
#2054=VECTOR('',#11425,1.);
#2055=VECTOR('',#11426,1.);
#2056=VECTOR('',#11427,1.);
#2057=VECTOR('',#11428,1.);
#2058=VECTOR('',#11429,1.);
#2059=VECTOR('',#11430,1.);
#2060=VECTOR('',#11431,1.);
#2061=VECTOR('',#11432,1.);
#2062=VECTOR('',#11433,1.);
#2063=VECTOR('',#11434,1.);
#2064=VECTOR('',#11435,1.);
#2065=VECTOR('',#11436,1.);
#2066=VECTOR('',#11437,1.);
#2067=VECTOR('',#11438,1.);
#2068=VECTOR('',#11439,1.);
#2069=VECTOR('',#11440,1.);
#2070=VECTOR('',#11441,1.);
#2071=VECTOR('',#11442,1.);
#2072=VECTOR('',#11443,1.);
#2073=VECTOR('',#11444,1.);
#2074=VECTOR('',#11445,1.);
#2075=VECTOR('',#11446,1.);
#2076=VECTOR('',#11447,1.);
#2077=VECTOR('',#11448,1.);
#2078=VECTOR('',#11449,1.);
#2079=VECTOR('',#11450,1.);
#2080=VECTOR('',#11451,1.);
#2081=VECTOR('',#11452,1.);
#2082=VECTOR('',#11453,1.);
#2083=VECTOR('',#11454,1.);
#2084=VECTOR('',#11455,1.);
#2085=VECTOR('',#11456,1.);
#2086=VECTOR('',#11457,1.);
#2087=VECTOR('',#11458,1.);
#2088=VECTOR('',#11459,1.);
#2089=VECTOR('',#11460,1.);
#2090=VECTOR('',#11461,1.);
#2091=VECTOR('',#11462,1.);
#2092=VECTOR('',#11463,1.);
#2093=VECTOR('',#11464,1.);
#2094=VECTOR('',#11465,1.);
#2095=VECTOR('',#11466,1.);
#2096=VECTOR('',#11467,1.);
#2097=VECTOR('',#11468,1.);
#2098=VECTOR('',#11469,1.);
#2099=VECTOR('',#11470,1.);
#2100=VECTOR('',#11471,1.);
#2101=VECTOR('',#11472,1.);
#2102=VECTOR('',#11473,1.);
#2103=VECTOR('',#11474,1.);
#2104=VECTOR('',#11475,1.);
#2105=VECTOR('',#11476,1.);
#2106=VECTOR('',#11477,1.);
#2107=VECTOR('',#11478,1.);
#2108=VECTOR('',#11479,1.);
#2109=VECTOR('',#11480,1.);
#2110=VECTOR('',#11481,1.);
#2111=VECTOR('',#11482,1.);
#2112=VECTOR('',#11483,1.);
#2113=VECTOR('',#11484,1.);
#2114=VECTOR('',#11485,1.);
#2115=VECTOR('',#11486,1.);
#2116=VECTOR('',#11487,1.);
#2117=VECTOR('',#11488,1.);
#2118=VECTOR('',#11489,1.);
#2119=VECTOR('',#11490,1.);
#2120=VECTOR('',#11491,1.);
#2121=VECTOR('',#11492,1.);
#2122=VECTOR('',#11493,1.);
#2123=VECTOR('',#11494,1.);
#2124=VECTOR('',#11495,1.);
#2125=VECTOR('',#11496,1.);
#2126=VECTOR('',#11497,1.);
#2127=VECTOR('',#11498,1.);
#2128=VECTOR('',#11499,1.);
#2129=VECTOR('',#11500,1.);
#2130=VECTOR('',#11501,1.);
#2131=VECTOR('',#11502,1.);
#2132=VECTOR('',#11503,1.);
#2133=VECTOR('',#11504,1.);
#2134=VECTOR('',#11505,1.);
#2135=VECTOR('',#11506,1.);
#2136=VECTOR('',#11507,1.);
#2137=VECTOR('',#11508,1.);
#2138=VECTOR('',#11509,1.);
#2139=VECTOR('',#11510,1.);
#2140=VECTOR('',#11511,1.);
#2141=VECTOR('',#11512,1.);
#2142=VECTOR('',#11513,1.);
#2143=VECTOR('',#11514,1.);
#2144=VECTOR('',#11515,1.);
#2145=VECTOR('',#11516,1.);
#2146=VECTOR('',#11517,1.);
#2147=VECTOR('',#11518,1.);
#2148=VECTOR('',#11519,1.);
#2149=VECTOR('',#11520,1.);
#2150=VECTOR('',#11521,1.);
#2151=VECTOR('',#11522,1.);
#2152=VECTOR('',#11523,1.);
#2153=VECTOR('',#11524,1.);
#2154=VECTOR('',#11525,1.);
#2155=VECTOR('',#11526,1.);
#2156=VECTOR('',#11527,1.);
#2157=VECTOR('',#11528,1.);
#2158=VECTOR('',#11529,1.);
#2159=VECTOR('',#11530,1.);
#2160=VECTOR('',#11531,1.);
#2161=VECTOR('',#11532,1.);
#2162=VECTOR('',#11533,1.);
#2163=VECTOR('',#11534,1.);
#2164=VECTOR('',#11535,1.);
#2165=VECTOR('',#11536,1.);
#2166=VECTOR('',#11537,1.);
#2167=VECTOR('',#11538,1.);
#2168=VECTOR('',#11539,1.);
#2169=VECTOR('',#11540,1.);
#2170=VECTOR('',#11541,1.);
#2171=VECTOR('',#11542,1.);
#2172=VECTOR('',#11543,1.);
#2173=VECTOR('',#11544,1.);
#2174=VECTOR('',#11545,1.);
#2175=VECTOR('',#11546,1.);
#2176=VECTOR('',#11547,1.);
#2177=VECTOR('',#11548,1.);
#2178=VECTOR('',#11549,1.);
#2179=VECTOR('',#11550,1.);
#2180=VECTOR('',#11551,1.);
#2181=VECTOR('',#11552,1.);
#2182=VECTOR('',#11553,1.);
#2183=VECTOR('',#11554,1.);
#2184=VECTOR('',#11555,1.);
#2185=VECTOR('',#11556,1.);
#2186=VECTOR('',#11557,1.);
#2187=VECTOR('',#11558,1.);
#2188=VECTOR('',#11559,1.);
#2189=VECTOR('',#11560,1.);
#2190=VECTOR('',#11561,1.);
#2191=VECTOR('',#11562,1.);
#2192=VECTOR('',#11563,1.);
#2193=VECTOR('',#11564,1.);
#2194=VECTOR('',#11565,1.);
#2195=VECTOR('',#11566,1.);
#2196=VECTOR('',#11567,1.);
#2197=VECTOR('',#11568,1.);
#2198=VECTOR('',#11569,1.);
#2199=VECTOR('',#11570,1.);
#2200=VECTOR('',#11571,1.);
#2201=VECTOR('',#11572,1.);
#2202=VECTOR('',#11573,1.);
#2203=VECTOR('',#11574,1.);
#2204=VECTOR('',#11575,1.);
#2205=VECTOR('',#11576,1.);
#2206=VECTOR('',#11577,1.);
#2207=VECTOR('',#11578,1.);
#2208=VECTOR('',#11579,1.);
#2209=VECTOR('',#11580,1.);
#2210=VECTOR('',#11581,1.);
#2211=VECTOR('',#11582,1.);
#2212=VECTOR('',#11583,1.);
#2213=VECTOR('',#11584,1.);
#2214=VECTOR('',#11585,1.);
#2215=VECTOR('',#11586,1.);
#2216=VECTOR('',#11587,1.);
#2217=VECTOR('',#11588,1.);
#2218=VECTOR('',#11589,1.);
#2219=VECTOR('',#11590,1.);
#2220=VECTOR('',#11591,1.);
#2221=VECTOR('',#11592,1.);
#2222=VECTOR('',#11593,1.);
#2223=VECTOR('',#11594,1.);
#2224=VECTOR('',#11595,1.);
#2225=VECTOR('',#11596,1.);
#2226=VECTOR('',#11597,1.);
#2227=VECTOR('',#11598,1.);
#2228=VECTOR('',#11599,1.);
#2229=VECTOR('',#11600,1.);
#2230=VECTOR('',#11601,1.);
#2231=VECTOR('',#11602,1.);
#2232=VECTOR('',#11603,1.);
#2233=VECTOR('',#11604,1.);
#2234=VECTOR('',#11605,1.);
#2235=VECTOR('',#11606,1.);
#2236=VECTOR('',#11607,1.);
#2237=VECTOR('',#11608,1.);
#2238=VECTOR('',#11609,1.);
#2239=VECTOR('',#11610,1.);
#2240=VECTOR('',#11611,1.);
#2241=VECTOR('',#11612,1.);
#2242=VECTOR('',#11613,1.);
#2243=VECTOR('',#11620,1.);
#2244=VECTOR('',#11621,1.);
#2245=VECTOR('',#11624,1.);
#2246=VECTOR('',#11625,1.);
#2247=VECTOR('',#11626,1.);
#2248=VECTOR('',#11627,1.);
#2249=VECTOR('',#11630,1.);
#2250=VECTOR('',#11631,1.);
#2251=VECTOR('',#11632,1.);
#2252=VECTOR('',#11635,1.);
#2253=VECTOR('',#11636,1.);
#2254=VECTOR('',#11637,1.);
#2255=VECTOR('',#11640,1.);
#2256=VECTOR('',#11641,1.);
#2257=VECTOR('',#11642,1.);
#2258=VECTOR('',#11645,1.);
#2259=VECTOR('',#11646,1.);
#2260=VECTOR('',#11647,1.);
#2261=VECTOR('',#11650,1.);
#2262=VECTOR('',#11651,1.);
#2263=VECTOR('',#11652,1.);
#2264=VECTOR('',#11655,1.);
#2265=VECTOR('',#11656,1.);
#2266=VECTOR('',#11657,1.);
#2267=VECTOR('',#11660,1.);
#2268=VECTOR('',#11661,1.);
#2269=VECTOR('',#11662,1.);
#2270=VECTOR('',#11665,1.);
#2271=VECTOR('',#11666,1.);
#2272=VECTOR('',#11667,1.);
#2273=VECTOR('',#11670,1.);
#2274=VECTOR('',#11671,1.);
#2275=VECTOR('',#11672,1.);
#2276=VECTOR('',#11675,1.);
#2277=VECTOR('',#11676,1.);
#2278=VECTOR('',#11677,1.);
#2279=VECTOR('',#11680,1.);
#2280=VECTOR('',#11681,1.);
#2281=VECTOR('',#11682,1.);
#2282=VECTOR('',#11685,1.);
#2283=VECTOR('',#11686,1.);
#2284=VECTOR('',#11687,1.);
#2285=VECTOR('',#11690,1.);
#2286=VECTOR('',#11691,1.);
#2287=VECTOR('',#11692,1.);
#2288=VECTOR('',#11695,1.);
#2289=VECTOR('',#11696,1.);
#2290=VECTOR('',#11697,1.);
#2291=VECTOR('',#11700,1.);
#2292=VECTOR('',#11701,1.);
#2293=VECTOR('',#11702,1.);
#2294=VECTOR('',#11705,1.);
#2295=VECTOR('',#11706,1.);
#2296=VECTOR('',#11707,1.);
#2297=VECTOR('',#11710,1.);
#2298=VECTOR('',#11711,1.);
#2299=VECTOR('',#11712,1.);
#2300=VECTOR('',#11715,1.);
#2301=VECTOR('',#11716,1.);
#2302=VECTOR('',#11717,1.);
#2303=VECTOR('',#11720,1.);
#2304=VECTOR('',#11723,1.);
#2305=VECTOR('',#11726,1.);
#2306=VECTOR('',#11727,1.);
#2307=VECTOR('',#11730,1.);
#2308=VECTOR('',#11731,1.);
#2309=VECTOR('',#11734,1.);
#2310=VECTOR('',#11735,1.);
#2311=VECTOR('',#11738,1.);
#2312=VECTOR('',#11739,1.);
#2313=VECTOR('',#11742,1.);
#2314=VECTOR('',#11743,1.);
#2315=VECTOR('',#11746,1.);
#2316=VECTOR('',#11747,1.);
#2317=VECTOR('',#11750,1.);
#2318=VECTOR('',#11751,1.);
#2319=VECTOR('',#11754,1.);
#2320=VECTOR('',#11755,1.);
#2321=VECTOR('',#11758,1.);
#2322=VECTOR('',#11759,1.);
#2323=VECTOR('',#11762,1.);
#2324=VECTOR('',#11763,1.);
#2325=VECTOR('',#11766,1.);
#2326=VECTOR('',#11767,1.);
#2327=VECTOR('',#11770,1.);
#2328=VECTOR('',#11771,1.);
#2329=VECTOR('',#11774,1.);
#2330=VECTOR('',#11775,1.);
#2331=VECTOR('',#11778,1.);
#2332=VECTOR('',#11779,1.);
#2333=VECTOR('',#11782,1.);
#2334=VECTOR('',#11783,1.);
#2335=VECTOR('',#11786,1.);
#2336=VECTOR('',#11787,1.);
#2337=VECTOR('',#11790,1.);
#2338=VECTOR('',#11791,1.);
#2339=VECTOR('',#11794,1.);
#2340=VECTOR('',#11795,1.);
#2341=VECTOR('',#11798,1.);
#2342=VECTOR('',#11799,1.);
#2343=VECTOR('',#11802,1.);
#2344=VECTOR('',#11805,1.);
#2345=VECTOR('',#11806,1.);
#2346=VECTOR('',#11811,1.);
#2347=VECTOR('',#11812,1.);
#2348=VECTOR('',#11813,1.);
#2349=VECTOR('',#11816,1.);
#2350=VECTOR('',#11817,1.);
#2351=VECTOR('',#11818,1.);
#2352=VECTOR('',#11821,1.);
#2353=VECTOR('',#11822,1.);
#2354=VECTOR('',#11825,1.);
#2355=VECTOR('',#11826,1.);
#2356=VECTOR('',#11829,1.);
#2357=VECTOR('',#11830,1.);
#2358=VECTOR('',#11833,1.);
#2359=VECTOR('',#11834,1.);
#2360=VECTOR('',#11837,1.);
#2361=VECTOR('',#11838,1.);
#2362=VECTOR('',#11841,1.);
#2363=VECTOR('',#11842,1.);
#2364=VECTOR('',#11845,1.);
#2365=VECTOR('',#11846,1.);
#2366=VECTOR('',#11849,1.);
#2367=VECTOR('',#11850,1.);
#2368=VECTOR('',#11853,1.);
#2369=VECTOR('',#11854,1.);
#2370=VECTOR('',#11857,1.);
#2371=VECTOR('',#11858,1.);
#2372=VECTOR('',#11861,1.);
#2373=VECTOR('',#11862,1.);
#2374=VECTOR('',#11865,1.);
#2375=VECTOR('',#11866,1.);
#2376=VECTOR('',#11869,1.);
#2377=VECTOR('',#11870,1.);
#2378=VECTOR('',#11873,1.);
#2379=VECTOR('',#11874,1.);
#2380=VECTOR('',#11877,1.);
#2381=VECTOR('',#11878,1.);
#2382=VECTOR('',#11881,1.);
#2383=VECTOR('',#11882,1.);
#2384=VECTOR('',#11885,1.);
#2385=VECTOR('',#11886,1.);
#2386=VECTOR('',#11889,1.);
#2387=VECTOR('',#11892,1.);
#2388=VECTOR('',#11893,1.);
#2389=VECTOR('',#11896,1.);
#2390=VECTOR('',#11897,1.);
#2391=VECTOR('',#11900,1.);
#2392=VECTOR('',#11901,1.);
#2393=VECTOR('',#11902,1.);
#2394=VECTOR('',#11903,1.);
#2395=VECTOR('',#11906,1.);
#2396=VECTOR('',#11907,1.);
#2397=VECTOR('',#11910,1.);
#2398=VECTOR('',#11911,1.);
#2399=VECTOR('',#11912,1.);
#2400=VECTOR('',#11915,1.);
#2401=VECTOR('',#11916,1.);
#2402=VECTOR('',#11917,1.);
#2403=VECTOR('',#11920,1.);
#2404=VECTOR('',#11921,1.);
#2405=VECTOR('',#11922,1.);
#2406=VECTOR('',#11925,1.);
#2407=VECTOR('',#11926,1.);
#2408=VECTOR('',#11927,1.);
#2409=VECTOR('',#11930,1.);
#2410=VECTOR('',#11931,1.);
#2411=VECTOR('',#11932,1.);
#2412=VECTOR('',#11935,1.);
#2413=VECTOR('',#11936,1.);
#2414=VECTOR('',#11937,1.);
#2415=VECTOR('',#11940,1.);
#2416=VECTOR('',#11941,1.);
#2417=VECTOR('',#11942,1.);
#2418=VECTOR('',#11945,1.);
#2419=VECTOR('',#11946,1.);
#2420=VECTOR('',#11947,1.);
#2421=VECTOR('',#11950,1.);
#2422=VECTOR('',#11951,1.);
#2423=VECTOR('',#11952,1.);
#2424=VECTOR('',#11955,1.);
#2425=VECTOR('',#11956,1.);
#2426=VECTOR('',#11957,1.);
#2427=VECTOR('',#11960,1.);
#2428=VECTOR('',#11961,1.);
#2429=VECTOR('',#11962,1.);
#2430=VECTOR('',#11965,1.);
#2431=VECTOR('',#11966,1.);
#2432=VECTOR('',#11967,1.);
#2433=VECTOR('',#11970,1.);
#2434=VECTOR('',#11971,1.);
#2435=VECTOR('',#11972,1.);
#2436=VECTOR('',#11975,1.);
#2437=VECTOR('',#11976,1.);
#2438=VECTOR('',#11977,1.);
#2439=VECTOR('',#11980,1.);
#2440=VECTOR('',#11981,1.);
#2441=VECTOR('',#11984,1.);
#2442=VECTOR('',#11989,1.);
#2443=VECTOR('',#11990,1.);
#2444=VECTOR('',#11991,1.);
#2445=VECTOR('',#11992,1.);
#2446=VECTOR('',#11993,1.);
#2447=VECTOR('',#11994,1.);
#2448=VECTOR('',#11995,1.);
#2449=VECTOR('',#11996,1.);
#2450=VECTOR('',#11997,1.);
#2451=VECTOR('',#11998,1.);
#2452=VECTOR('',#11999,1.);
#2453=VECTOR('',#12000,1.);
#2454=VECTOR('',#12001,1.);
#2455=VECTOR('',#12002,1.);
#2456=VECTOR('',#12003,1.);
#2457=VECTOR('',#12004,1.);
#2458=VECTOR('',#12007,1.);
#2459=VECTOR('',#12008,1.);
#2460=VECTOR('',#12011,1.);
#2461=VECTOR('',#12014,1.);
#2462=VECTOR('',#12017,1.);
#2463=VECTOR('',#12020,1.);
#2464=VECTOR('',#12023,1.);
#2465=VECTOR('',#12026,1.);
#2466=VECTOR('',#12029,1.);
#2467=VECTOR('',#12032,1.);
#2468=VECTOR('',#12035,1.);
#2469=VECTOR('',#12038,1.);
#2470=VECTOR('',#12041,1.);
#2471=VECTOR('',#12044,1.);
#2472=VECTOR('',#12047,1.);
#2473=VECTOR('',#12050,1.);
#2474=VECTOR('',#12055,1.);
#2475=VECTOR('',#12056,1.);
#2476=VECTOR('',#12057,1.);
#2477=VECTOR('',#12058,1.);
#2478=VECTOR('',#12059,1.);
#2479=VECTOR('',#12060,1.);
#2480=VECTOR('',#12061,1.);
#2481=VECTOR('',#12062,1.);
#2482=VECTOR('',#12063,1.);
#2483=VECTOR('',#12064,1.);
#2484=VECTOR('',#12065,1.);
#2485=VECTOR('',#12066,1.);
#2486=VECTOR('',#12067,1.);
#2487=VECTOR('',#12068,1.);
#2488=VECTOR('',#12069,1.);
#2489=VECTOR('',#12070,1.);
#2490=VECTOR('',#12071,1.);
#2491=VECTOR('',#12072,1.);
#2492=VECTOR('',#12073,1.);
#2493=VECTOR('',#12074,1.);
#2494=VECTOR('',#12075,1.);
#2495=VECTOR('',#12076,1.);
#2496=VECTOR('',#12077,1.);
#2497=VECTOR('',#12078,1.);
#2498=VECTOR('',#12079,1.);
#2499=VECTOR('',#12080,1.);
#2500=VECTOR('',#12083,1.);
#2501=VECTOR('',#12084,1.);
#2502=VECTOR('',#12087,1.);
#2503=VECTOR('',#12090,1.);
#2504=VECTOR('',#12093,1.);
#2505=VECTOR('',#12094,1.);
#2506=VECTOR('',#12097,1.);
#2507=VECTOR('',#12100,1.);
#2508=VECTOR('',#12103,1.);
#2509=VECTOR('',#12106,1.);
#2510=VECTOR('',#12109,1.);
#2511=VECTOR('',#12112,1.);
#2512=VECTOR('',#12115,1.);
#2513=VECTOR('',#12116,1.);
#2514=VECTOR('',#12119,1.);
#2515=VECTOR('',#12122,1.);
#2516=VECTOR('',#12125,1.);
#2517=VECTOR('',#12128,1.);
#2518=VECTOR('',#12129,1.);
#2519=VECTOR('',#12132,1.);
#2520=VECTOR('',#12135,1.);
#2521=VECTOR('',#12138,1.);
#2522=VECTOR('',#12143,1.);
#2523=VECTOR('',#12146,1.);
#2524=VECTOR('',#12151,1.);
#2525=VECTOR('',#12156,1.);
#2526=VECTOR('',#12161,1.);
#2527=VECTOR('',#12162,1.);
#2528=VECTOR('',#12163,1.);
#2529=VECTOR('',#12164,1.);
#2530=VECTOR('',#12165,1.);
#2531=VECTOR('',#12166,1.);
#2532=VECTOR('',#12167,1.);
#2533=VECTOR('',#12168,1.);
#2534=VECTOR('',#12169,1.);
#2535=VECTOR('',#12170,1.);
#2536=VECTOR('',#12171,1.);
#2537=VECTOR('',#12172,1.);
#2538=VECTOR('',#12173,1.);
#2539=VECTOR('',#12174,1.);
#2540=VECTOR('',#12175,1.);
#2541=VECTOR('',#12176,1.);
#2542=VECTOR('',#12179,1.);
#2543=VECTOR('',#12180,1.);
#2544=VECTOR('',#12183,1.);
#2545=VECTOR('',#12186,1.);
#2546=VECTOR('',#12189,1.);
#2547=VECTOR('',#12192,1.);
#2548=VECTOR('',#12195,1.);
#2549=VECTOR('',#12198,1.);
#2550=VECTOR('',#12201,1.);
#2551=VECTOR('',#12204,1.);
#2552=VECTOR('',#12207,1.);
#2553=VECTOR('',#12210,1.);
#2554=VECTOR('',#12213,1.);
#2555=VECTOR('',#12216,1.);
#2556=VECTOR('',#12219,1.);
#2557=VECTOR('',#12222,1.);
#2558=VECTOR('',#12227,1.);
#2559=VECTOR('',#12228,1.);
#2560=VECTOR('',#12229,1.);
#2561=VECTOR('',#12230,1.);
#2562=VECTOR('',#12231,1.);
#2563=VECTOR('',#12232,1.);
#2564=VECTOR('',#12233,1.);
#2565=VECTOR('',#12234,1.);
#2566=VECTOR('',#12235,1.);
#2567=VECTOR('',#12236,1.);
#2568=VECTOR('',#12237,1.);
#2569=VECTOR('',#12238,1.);
#2570=VECTOR('',#12239,1.);
#2571=VECTOR('',#12240,1.);
#2572=VECTOR('',#12241,1.);
#2573=VECTOR('',#12242,1.);
#2574=VECTOR('',#12243,1.);
#2575=VECTOR('',#12244,1.);
#2576=VECTOR('',#12245,1.);
#2577=VECTOR('',#12246,1.);
#2578=VECTOR('',#12247,1.);
#2579=VECTOR('',#12248,1.);
#2580=VECTOR('',#12249,1.);
#2581=VECTOR('',#12250,1.);
#2582=VECTOR('',#12251,1.);
#2583=VECTOR('',#12252,1.);
#2584=VECTOR('',#12255,1.);
#2585=VECTOR('',#12256,1.);
#2586=VECTOR('',#12259,1.);
#2587=VECTOR('',#12262,1.);
#2588=VECTOR('',#12265,1.);
#2589=VECTOR('',#12268,1.);
#2590=VECTOR('',#12271,1.);
#2591=VECTOR('',#12274,1.);
#2592=VECTOR('',#12275,1.);
#2593=VECTOR('',#12278,1.);
#2594=VECTOR('',#12281,1.);
#2595=VECTOR('',#12284,1.);
#2596=VECTOR('',#12287,1.);
#2597=VECTOR('',#12290,1.);
#2598=VECTOR('',#12293,1.);
#2599=VECTOR('',#12296,1.);
#2600=VECTOR('',#12299,1.);
#2601=VECTOR('',#12302,1.);
#2602=VECTOR('',#12303,1.);
#2603=VECTOR('',#12306,1.);
#2604=VECTOR('',#12309,1.);
#2605=VECTOR('',#12312,1.);
#2606=VECTOR('',#12317,1.);
#2607=VECTOR('',#12320,1.);
#2608=VECTOR('',#12323,1.);
#2609=VECTOR('',#12326,1.);
#2610=VECTOR('',#12333,1.);
#2611=VECTOR('',#12334,1.);
#2612=VECTOR('',#12335,1.);
#2613=VECTOR('',#12336,1.);
#2614=VECTOR('',#12337,1.);
#2615=VECTOR('',#12338,1.);
#2616=VECTOR('',#12339,1.);
#2617=VECTOR('',#12340,1.);
#2618=VECTOR('',#12341,1.);
#2619=VECTOR('',#12342,1.);
#2620=VECTOR('',#12343,1.);
#2621=VECTOR('',#12344,1.);
#2622=VECTOR('',#12345,1.);
#2623=VECTOR('',#12346,1.);
#2624=VECTOR('',#12347,1.);
#2625=VECTOR('',#12348,1.);
#2626=VECTOR('',#12349,1.);
#2627=VECTOR('',#12350,1.);
#2628=VECTOR('',#12351,1.);
#2629=VECTOR('',#12352,1.);
#2630=VECTOR('',#12353,1.);
#2631=VECTOR('',#12354,1.);
#2632=VECTOR('',#12357,1.);
#2633=VECTOR('',#12358,1.);
#2634=VECTOR('',#12361,1.);
#2635=VECTOR('',#12364,1.);
#2636=VECTOR('',#12365,1.);
#2637=VECTOR('',#12368,1.);
#2638=VECTOR('',#12371,1.);
#2639=VECTOR('',#12374,1.);
#2640=VECTOR('',#12377,1.);
#2641=VECTOR('',#12380,1.);
#2642=VECTOR('',#12381,1.);
#2643=VECTOR('',#12384,1.);
#2644=VECTOR('',#12387,1.);
#2645=VECTOR('',#12390,1.);
#2646=VECTOR('',#12393,1.);
#2647=VECTOR('',#12396,1.);
#2648=VECTOR('',#12403,1.);
#2649=VECTOR('',#12406,1.);
#2650=VECTOR('',#12409,1.);
#2651=VECTOR('',#12412,1.);
#2652=VECTOR('',#12415,1.);
#2653=VECTOR('',#12418,1.);
#2654=VECTOR('',#12423,1.);
#2655=VECTOR('',#12424,1.);
#2656=VECTOR('',#12425,1.);
#2657=VECTOR('',#12428,1.);
#2658=VECTOR('',#12429,1.);
#2659=VECTOR('',#12432,1.);
#2660=VECTOR('',#12433,1.);
#2661=VECTOR('',#12436,1.);
#2662=VECTOR('',#12437,1.);
#2663=VECTOR('',#12440,1.);
#2664=VECTOR('',#12441,1.);
#2665=VECTOR('',#12442,1.);
#2666=VECTOR('',#12445,1.);
#2667=VECTOR('',#12446,1.);
#2668=VECTOR('',#12449,1.);
#2669=VECTOR('',#12450,1.);
#2670=VECTOR('',#12453,1.);
#2671=VECTOR('',#12454,1.);
#2672=VECTOR('',#12457,1.);
#2673=VECTOR('',#12458,1.);
#2674=VECTOR('',#12461,1.);
#2675=VECTOR('',#12462,1.);
#2676=VECTOR('',#12465,1.);
#2677=VECTOR('',#12466,1.);
#2678=VECTOR('',#12469,1.);
#2679=VECTOR('',#12472,1.);
#2680=VECTOR('',#12473,1.);
#2681=VECTOR('',#12476,1.);
#2682=VECTOR('',#12477,1.);
#2683=VECTOR('',#12480,1.);
#2684=VECTOR('',#12481,1.);
#2685=VECTOR('',#12484,1.);
#2686=VECTOR('',#12485,1.);
#2687=VECTOR('',#12488,1.);
#2688=VECTOR('',#12489,1.);
#2689=VECTOR('',#12492,1.);
#2690=VECTOR('',#12493,1.);
#2691=VECTOR('',#12496,1.);
#2692=VECTOR('',#12501,1.);
#2693=VECTOR('',#12502,1.);
#2694=VECTOR('',#12503,1.);
#2695=VECTOR('',#12506,1.);
#2696=VECTOR('',#12507,1.);
#2697=VECTOR('',#12508,1.);
#2698=VECTOR('',#12511,1.);
#2699=VECTOR('',#12512,1.);
#2700=VECTOR('',#12515,1.);
#2701=VECTOR('',#12516,1.);
#2702=VECTOR('',#12519,1.);
#2703=VECTOR('',#12520,1.);
#2704=VECTOR('',#12523,1.);
#2705=VECTOR('',#12524,1.);
#2706=VECTOR('',#12527,1.);
#2707=VECTOR('',#12530,1.);
#2708=VECTOR('',#12531,1.);
#2709=VECTOR('',#12534,1.);
#2710=VECTOR('',#12535,1.);
#2711=VECTOR('',#12538,1.);
#2712=VECTOR('',#12539,1.);
#2713=VECTOR('',#12542,1.);
#2714=VECTOR('',#12543,1.);
#2715=VECTOR('',#12546,1.);
#2716=VECTOR('',#12547,1.);
#2717=VECTOR('',#12550,1.);
#2718=VECTOR('',#12551,1.);
#2719=VECTOR('',#12554,1.);
#2720=VECTOR('',#12555,1.);
#2721=VECTOR('',#12558,1.);
#2722=VECTOR('',#12559,1.);
#2723=VECTOR('',#12562,1.);
#2724=VECTOR('',#12563,1.);
#2725=VECTOR('',#12566,1.);
#2726=VECTOR('',#12567,1.);
#2727=VECTOR('',#12570,1.);
#2728=VECTOR('',#12571,1.);
#2729=VECTOR('',#12574,1.);
#2730=VECTOR('',#12575,1.);
#2731=VECTOR('',#12578,1.);
#2732=VECTOR('',#12579,1.);
#2733=VECTOR('',#12582,1.);
#2734=VECTOR('',#12583,1.);
#2735=VECTOR('',#12586,1.);
#2736=VECTOR('',#12587,1.);
#2737=VECTOR('',#12590,1.);
#2738=VECTOR('',#12591,1.);
#2739=VECTOR('',#12592,1.);
#2740=VECTOR('',#12593,1.);
#2741=VECTOR('',#12596,1.);
#2742=VECTOR('',#12597,1.);
#2743=VECTOR('',#12600,1.);
#2744=VECTOR('',#12601,1.);
#2745=VECTOR('',#12602,1.);
#2746=VECTOR('',#12605,1.);
#2747=VECTOR('',#12606,1.);
#2748=VECTOR('',#12607,1.);
#2749=VECTOR('',#12610,1.);
#2750=VECTOR('',#12611,1.);
#2751=VECTOR('',#12612,1.);
#2752=VECTOR('',#12615,1.);
#2753=VECTOR('',#12616,1.);
#2754=VECTOR('',#12617,1.);
#2755=VECTOR('',#12620,1.);
#2756=VECTOR('',#12621,1.);
#2757=VECTOR('',#12622,1.);
#2758=VECTOR('',#12625,1.);
#2759=VECTOR('',#12626,1.);
#2760=VECTOR('',#12627,1.);
#2761=VECTOR('',#12630,1.);
#2762=VECTOR('',#12631,1.);
#2763=VECTOR('',#12632,1.);
#2764=VECTOR('',#12635,1.);
#2765=VECTOR('',#12636,1.);
#2766=VECTOR('',#12637,1.);
#2767=VECTOR('',#12640,1.);
#2768=VECTOR('',#12641,1.);
#2769=VECTOR('',#12642,1.);
#2770=VECTOR('',#12645,1.);
#2771=VECTOR('',#12646,1.);
#2772=VECTOR('',#12647,1.);
#2773=VECTOR('',#12650,1.);
#2774=VECTOR('',#12651,1.);
#2775=VECTOR('',#12652,1.);
#2776=VECTOR('',#12655,1.);
#2777=VECTOR('',#12656,1.);
#2778=VECTOR('',#12657,1.);
#2779=VECTOR('',#12660,1.);
#2780=VECTOR('',#12661,1.);
#2781=VECTOR('',#12664,1.);
#2782=ORIENTED_EDGE('',*,*,#5566,.T.);
#2783=ORIENTED_EDGE('',*,*,#5567,.T.);
#2784=ORIENTED_EDGE('',*,*,#5568,.F.);
#2785=ORIENTED_EDGE('',*,*,#5569,.T.);
#2786=ORIENTED_EDGE('',*,*,#5568,.T.);
#2787=ORIENTED_EDGE('',*,*,#5570,.T.);
#2788=ORIENTED_EDGE('',*,*,#5571,.F.);
#2789=ORIENTED_EDGE('',*,*,#5572,.T.);
#2790=ORIENTED_EDGE('',*,*,#5573,.T.);
#2791=ORIENTED_EDGE('',*,*,#5574,.T.);
#2792=ORIENTED_EDGE('',*,*,#5575,.F.);
#2793=ORIENTED_EDGE('',*,*,#5576,.T.);
#2794=ORIENTED_EDGE('',*,*,#5575,.T.);
#2795=ORIENTED_EDGE('',*,*,#5577,.T.);
#2796=ORIENTED_EDGE('',*,*,#5578,.F.);
#2797=ORIENTED_EDGE('',*,*,#5579,.T.);
#2798=ORIENTED_EDGE('',*,*,#5578,.T.);
#2799=ORIENTED_EDGE('',*,*,#5580,.T.);
#2800=ORIENTED_EDGE('',*,*,#5581,.F.);
#2801=ORIENTED_EDGE('',*,*,#5582,.T.);
#2802=ORIENTED_EDGE('',*,*,#5581,.T.);
#2803=ORIENTED_EDGE('',*,*,#5583,.T.);
#2804=ORIENTED_EDGE('',*,*,#5584,.F.);
#2805=ORIENTED_EDGE('',*,*,#5585,.T.);
#2806=ORIENTED_EDGE('',*,*,#5586,.F.);
#2807=ORIENTED_EDGE('',*,*,#5587,.T.);
#2808=ORIENTED_EDGE('',*,*,#5588,.T.);
#2809=ORIENTED_EDGE('',*,*,#5589,.F.);
#2810=ORIENTED_EDGE('',*,*,#5590,.F.);
#2811=ORIENTED_EDGE('',*,*,#5591,.F.);
#2812=ORIENTED_EDGE('',*,*,#5592,.T.);
#2813=ORIENTED_EDGE('',*,*,#5593,.T.);
#2814=ORIENTED_EDGE('',*,*,#5594,.F.);
#2815=ORIENTED_EDGE('',*,*,#5595,.F.);
#2816=ORIENTED_EDGE('',*,*,#5596,.T.);
#2817=ORIENTED_EDGE('',*,*,#5591,.T.);
#2818=ORIENTED_EDGE('',*,*,#5597,.F.);
#2819=ORIENTED_EDGE('',*,*,#5598,.F.);
#2820=ORIENTED_EDGE('',*,*,#5599,.T.);
#2821=ORIENTED_EDGE('',*,*,#5595,.T.);
#2822=ORIENTED_EDGE('',*,*,#5600,.F.);
#2823=ORIENTED_EDGE('',*,*,#5601,.F.);
#2824=ORIENTED_EDGE('',*,*,#5602,.T.);
#2825=ORIENTED_EDGE('',*,*,#5598,.T.);
#2826=ORIENTED_EDGE('',*,*,#5603,.F.);
#2827=ORIENTED_EDGE('',*,*,#5604,.F.);
#2828=ORIENTED_EDGE('',*,*,#5605,.T.);
#2829=ORIENTED_EDGE('',*,*,#5601,.T.);
#2830=ORIENTED_EDGE('',*,*,#5606,.F.);
#2831=ORIENTED_EDGE('',*,*,#5607,.F.);
#2832=ORIENTED_EDGE('',*,*,#5608,.T.);
#2833=ORIENTED_EDGE('',*,*,#5604,.T.);
#2834=ORIENTED_EDGE('',*,*,#5609,.F.);
#2835=ORIENTED_EDGE('',*,*,#5610,.F.);
#2836=ORIENTED_EDGE('',*,*,#5611,.T.);
#2837=ORIENTED_EDGE('',*,*,#5607,.T.);
#2838=ORIENTED_EDGE('',*,*,#5612,.F.);
#2839=ORIENTED_EDGE('',*,*,#5613,.F.);
#2840=ORIENTED_EDGE('',*,*,#5614,.T.);
#2841=ORIENTED_EDGE('',*,*,#5610,.T.);
#2842=ORIENTED_EDGE('',*,*,#5615,.F.);
#2843=ORIENTED_EDGE('',*,*,#5616,.F.);
#2844=ORIENTED_EDGE('',*,*,#5617,.T.);
#2845=ORIENTED_EDGE('',*,*,#5613,.T.);
#2846=ORIENTED_EDGE('',*,*,#5618,.F.);
#2847=ORIENTED_EDGE('',*,*,#5619,.F.);
#2848=ORIENTED_EDGE('',*,*,#5620,.T.);
#2849=ORIENTED_EDGE('',*,*,#5616,.T.);
#2850=ORIENTED_EDGE('',*,*,#5621,.F.);
#2851=ORIENTED_EDGE('',*,*,#5622,.F.);
#2852=ORIENTED_EDGE('',*,*,#5623,.T.);
#2853=ORIENTED_EDGE('',*,*,#5619,.T.);
#2854=ORIENTED_EDGE('',*,*,#5624,.F.);
#2855=ORIENTED_EDGE('',*,*,#5625,.F.);
#2856=ORIENTED_EDGE('',*,*,#5626,.T.);
#2857=ORIENTED_EDGE('',*,*,#5622,.T.);
#2858=ORIENTED_EDGE('',*,*,#5627,.F.);
#2859=ORIENTED_EDGE('',*,*,#5628,.F.);
#2860=ORIENTED_EDGE('',*,*,#5629,.T.);
#2861=ORIENTED_EDGE('',*,*,#5625,.T.);
#2862=ORIENTED_EDGE('',*,*,#5630,.F.);
#2863=ORIENTED_EDGE('',*,*,#5631,.F.);
#2864=ORIENTED_EDGE('',*,*,#5632,.T.);
#2865=ORIENTED_EDGE('',*,*,#5628,.T.);
#2866=ORIENTED_EDGE('',*,*,#5633,.F.);
#2867=ORIENTED_EDGE('',*,*,#5634,.F.);
#2868=ORIENTED_EDGE('',*,*,#5635,.T.);
#2869=ORIENTED_EDGE('',*,*,#5631,.T.);
#2870=ORIENTED_EDGE('',*,*,#5636,.F.);
#2871=ORIENTED_EDGE('',*,*,#5637,.F.);
#2872=ORIENTED_EDGE('',*,*,#5638,.T.);
#2873=ORIENTED_EDGE('',*,*,#5634,.T.);
#2874=ORIENTED_EDGE('',*,*,#5639,.F.);
#2875=ORIENTED_EDGE('',*,*,#5640,.F.);
#2876=ORIENTED_EDGE('',*,*,#5641,.T.);
#2877=ORIENTED_EDGE('',*,*,#5637,.T.);
#2878=ORIENTED_EDGE('',*,*,#5642,.F.);
#2879=ORIENTED_EDGE('',*,*,#5643,.F.);
#2880=ORIENTED_EDGE('',*,*,#5644,.T.);
#2881=ORIENTED_EDGE('',*,*,#5640,.T.);
#2882=ORIENTED_EDGE('',*,*,#5645,.F.);
#2883=ORIENTED_EDGE('',*,*,#5646,.F.);
#2884=ORIENTED_EDGE('',*,*,#5647,.T.);
#2885=ORIENTED_EDGE('',*,*,#5643,.T.);
#2886=ORIENTED_EDGE('',*,*,#5648,.F.);
#2887=ORIENTED_EDGE('',*,*,#5649,.F.);
#2888=ORIENTED_EDGE('',*,*,#5650,.T.);
#2889=ORIENTED_EDGE('',*,*,#5646,.T.);
#2890=ORIENTED_EDGE('',*,*,#5651,.F.);
#2891=ORIENTED_EDGE('',*,*,#5652,.F.);
#2892=ORIENTED_EDGE('',*,*,#5653,.T.);
#2893=ORIENTED_EDGE('',*,*,#5649,.T.);
#2894=ORIENTED_EDGE('',*,*,#5654,.F.);
#2895=ORIENTED_EDGE('',*,*,#5655,.F.);
#2896=ORIENTED_EDGE('',*,*,#5656,.T.);
#2897=ORIENTED_EDGE('',*,*,#5652,.T.);
#2898=ORIENTED_EDGE('',*,*,#5657,.F.);
#2899=ORIENTED_EDGE('',*,*,#5658,.F.);
#2900=ORIENTED_EDGE('',*,*,#5659,.T.);
#2901=ORIENTED_EDGE('',*,*,#5655,.T.);
#2902=ORIENTED_EDGE('',*,*,#5660,.F.);
#2903=ORIENTED_EDGE('',*,*,#5661,.F.);
#2904=ORIENTED_EDGE('',*,*,#5662,.T.);
#2905=ORIENTED_EDGE('',*,*,#5658,.T.);
#2906=ORIENTED_EDGE('',*,*,#5663,.F.);
#2907=ORIENTED_EDGE('',*,*,#5664,.F.);
#2908=ORIENTED_EDGE('',*,*,#5665,.T.);
#2909=ORIENTED_EDGE('',*,*,#5661,.T.);
#2910=ORIENTED_EDGE('',*,*,#5666,.F.);
#2911=ORIENTED_EDGE('',*,*,#5667,.F.);
#2912=ORIENTED_EDGE('',*,*,#5668,.T.);
#2913=ORIENTED_EDGE('',*,*,#5664,.T.);
#2914=ORIENTED_EDGE('',*,*,#5669,.F.);
#2915=ORIENTED_EDGE('',*,*,#5670,.F.);
#2916=ORIENTED_EDGE('',*,*,#5671,.T.);
#2917=ORIENTED_EDGE('',*,*,#5667,.T.);
#2918=ORIENTED_EDGE('',*,*,#5672,.F.);
#2919=ORIENTED_EDGE('',*,*,#5673,.F.);
#2920=ORIENTED_EDGE('',*,*,#5674,.T.);
#2921=ORIENTED_EDGE('',*,*,#5670,.T.);
#2922=ORIENTED_EDGE('',*,*,#5675,.F.);
#2923=ORIENTED_EDGE('',*,*,#5676,.F.);
#2924=ORIENTED_EDGE('',*,*,#5677,.T.);
#2925=ORIENTED_EDGE('',*,*,#5673,.T.);
#2926=ORIENTED_EDGE('',*,*,#5678,.F.);
#2927=ORIENTED_EDGE('',*,*,#5679,.F.);
#2928=ORIENTED_EDGE('',*,*,#5680,.T.);
#2929=ORIENTED_EDGE('',*,*,#5676,.T.);
#2930=ORIENTED_EDGE('',*,*,#5681,.F.);
#2931=ORIENTED_EDGE('',*,*,#5682,.F.);
#2932=ORIENTED_EDGE('',*,*,#5683,.T.);
#2933=ORIENTED_EDGE('',*,*,#5679,.T.);
#2934=ORIENTED_EDGE('',*,*,#5684,.F.);
#2935=ORIENTED_EDGE('',*,*,#5685,.F.);
#2936=ORIENTED_EDGE('',*,*,#5686,.T.);
#2937=ORIENTED_EDGE('',*,*,#5682,.T.);
#2938=ORIENTED_EDGE('',*,*,#5687,.F.);
#2939=ORIENTED_EDGE('',*,*,#5688,.F.);
#2940=ORIENTED_EDGE('',*,*,#5689,.T.);
#2941=ORIENTED_EDGE('',*,*,#5685,.T.);
#2942=ORIENTED_EDGE('',*,*,#5690,.F.);
#2943=ORIENTED_EDGE('',*,*,#5691,.F.);
#2944=ORIENTED_EDGE('',*,*,#5692,.T.);
#2945=ORIENTED_EDGE('',*,*,#5688,.T.);
#2946=ORIENTED_EDGE('',*,*,#5693,.F.);
#2947=ORIENTED_EDGE('',*,*,#5694,.F.);
#2948=ORIENTED_EDGE('',*,*,#5695,.T.);
#2949=ORIENTED_EDGE('',*,*,#5691,.T.);
#2950=ORIENTED_EDGE('',*,*,#5696,.F.);
#2951=ORIENTED_EDGE('',*,*,#5697,.F.);
#2952=ORIENTED_EDGE('',*,*,#5698,.T.);
#2953=ORIENTED_EDGE('',*,*,#5694,.T.);
#2954=ORIENTED_EDGE('',*,*,#5699,.F.);
#2955=ORIENTED_EDGE('',*,*,#5700,.F.);
#2956=ORIENTED_EDGE('',*,*,#5701,.T.);
#2957=ORIENTED_EDGE('',*,*,#5697,.T.);
#2958=ORIENTED_EDGE('',*,*,#5702,.F.);
#2959=ORIENTED_EDGE('',*,*,#5703,.F.);
#2960=ORIENTED_EDGE('',*,*,#5704,.T.);
#2961=ORIENTED_EDGE('',*,*,#5700,.T.);
#2962=ORIENTED_EDGE('',*,*,#5705,.F.);
#2963=ORIENTED_EDGE('',*,*,#5706,.F.);
#2964=ORIENTED_EDGE('',*,*,#5707,.T.);
#2965=ORIENTED_EDGE('',*,*,#5703,.T.);
#2966=ORIENTED_EDGE('',*,*,#5708,.F.);
#2967=ORIENTED_EDGE('',*,*,#5709,.F.);
#2968=ORIENTED_EDGE('',*,*,#5710,.T.);
#2969=ORIENTED_EDGE('',*,*,#5706,.T.);
#2970=ORIENTED_EDGE('',*,*,#5711,.F.);
#2971=ORIENTED_EDGE('',*,*,#5712,.F.);
#2972=ORIENTED_EDGE('',*,*,#5713,.T.);
#2973=ORIENTED_EDGE('',*,*,#5709,.T.);
#2974=ORIENTED_EDGE('',*,*,#5714,.F.);
#2975=ORIENTED_EDGE('',*,*,#5715,.F.);
#2976=ORIENTED_EDGE('',*,*,#5716,.T.);
#2977=ORIENTED_EDGE('',*,*,#5712,.T.);
#2978=ORIENTED_EDGE('',*,*,#5717,.F.);
#2979=ORIENTED_EDGE('',*,*,#5718,.F.);
#2980=ORIENTED_EDGE('',*,*,#5719,.T.);
#2981=ORIENTED_EDGE('',*,*,#5715,.T.);
#2982=ORIENTED_EDGE('',*,*,#5720,.F.);
#2983=ORIENTED_EDGE('',*,*,#5721,.F.);
#2984=ORIENTED_EDGE('',*,*,#5722,.T.);
#2985=ORIENTED_EDGE('',*,*,#5718,.T.);
#2986=ORIENTED_EDGE('',*,*,#5723,.F.);
#2987=ORIENTED_EDGE('',*,*,#5724,.F.);
#2988=ORIENTED_EDGE('',*,*,#5725,.T.);
#2989=ORIENTED_EDGE('',*,*,#5721,.T.);
#2990=ORIENTED_EDGE('',*,*,#5726,.F.);
#2991=ORIENTED_EDGE('',*,*,#5727,.F.);
#2992=ORIENTED_EDGE('',*,*,#5728,.T.);
#2993=ORIENTED_EDGE('',*,*,#5724,.T.);
#2994=ORIENTED_EDGE('',*,*,#5729,.F.);
#2995=ORIENTED_EDGE('',*,*,#5730,.F.);
#2996=ORIENTED_EDGE('',*,*,#5731,.T.);
#2997=ORIENTED_EDGE('',*,*,#5727,.T.);
#2998=ORIENTED_EDGE('',*,*,#5732,.F.);
#2999=ORIENTED_EDGE('',*,*,#5733,.F.);
#3000=ORIENTED_EDGE('',*,*,#5734,.T.);
#3001=ORIENTED_EDGE('',*,*,#5730,.T.);
#3002=ORIENTED_EDGE('',*,*,#5735,.F.);
#3003=ORIENTED_EDGE('',*,*,#5736,.F.);
#3004=ORIENTED_EDGE('',*,*,#5737,.T.);
#3005=ORIENTED_EDGE('',*,*,#5733,.T.);
#3006=ORIENTED_EDGE('',*,*,#5738,.F.);
#3007=ORIENTED_EDGE('',*,*,#5739,.F.);
#3008=ORIENTED_EDGE('',*,*,#5740,.T.);
#3009=ORIENTED_EDGE('',*,*,#5736,.T.);
#3010=ORIENTED_EDGE('',*,*,#5741,.F.);
#3011=ORIENTED_EDGE('',*,*,#5742,.F.);
#3012=ORIENTED_EDGE('',*,*,#5743,.T.);
#3013=ORIENTED_EDGE('',*,*,#5739,.T.);
#3014=ORIENTED_EDGE('',*,*,#5744,.F.);
#3015=ORIENTED_EDGE('',*,*,#5745,.F.);
#3016=ORIENTED_EDGE('',*,*,#5746,.T.);
#3017=ORIENTED_EDGE('',*,*,#5742,.T.);
#3018=ORIENTED_EDGE('',*,*,#5747,.F.);
#3019=ORIENTED_EDGE('',*,*,#5748,.F.);
#3020=ORIENTED_EDGE('',*,*,#5749,.T.);
#3021=ORIENTED_EDGE('',*,*,#5745,.T.);
#3022=ORIENTED_EDGE('',*,*,#5750,.F.);
#3023=ORIENTED_EDGE('',*,*,#5751,.F.);
#3024=ORIENTED_EDGE('',*,*,#5752,.T.);
#3025=ORIENTED_EDGE('',*,*,#5748,.T.);
#3026=ORIENTED_EDGE('',*,*,#5753,.F.);
#3027=ORIENTED_EDGE('',*,*,#5754,.F.);
#3028=ORIENTED_EDGE('',*,*,#5755,.T.);
#3029=ORIENTED_EDGE('',*,*,#5751,.T.);
#3030=ORIENTED_EDGE('',*,*,#5756,.F.);
#3031=ORIENTED_EDGE('',*,*,#5757,.F.);
#3032=ORIENTED_EDGE('',*,*,#5758,.T.);
#3033=ORIENTED_EDGE('',*,*,#5754,.T.);
#3034=ORIENTED_EDGE('',*,*,#5759,.F.);
#3035=ORIENTED_EDGE('',*,*,#5760,.F.);
#3036=ORIENTED_EDGE('',*,*,#5761,.T.);
#3037=ORIENTED_EDGE('',*,*,#5757,.T.);
#3038=ORIENTED_EDGE('',*,*,#5762,.F.);
#3039=ORIENTED_EDGE('',*,*,#5763,.F.);
#3040=ORIENTED_EDGE('',*,*,#5764,.T.);
#3041=ORIENTED_EDGE('',*,*,#5760,.T.);
#3042=ORIENTED_EDGE('',*,*,#5765,.F.);
#3043=ORIENTED_EDGE('',*,*,#5766,.F.);
#3044=ORIENTED_EDGE('',*,*,#5767,.T.);
#3045=ORIENTED_EDGE('',*,*,#5763,.T.);
#3046=ORIENTED_EDGE('',*,*,#5768,.F.);
#3047=ORIENTED_EDGE('',*,*,#5769,.T.);
#3048=ORIENTED_EDGE('',*,*,#5766,.T.);
#3049=ORIENTED_EDGE('',*,*,#5770,.F.);
#3050=ORIENTED_EDGE('',*,*,#5771,.F.);
#3051=ORIENTED_EDGE('',*,*,#5772,.F.);
#3052=ORIENTED_EDGE('',*,*,#5773,.F.);
#3053=ORIENTED_EDGE('',*,*,#5774,.T.);
#3054=ORIENTED_EDGE('',*,*,#5775,.F.);
#3055=ORIENTED_EDGE('',*,*,#5776,.F.);
#3056=ORIENTED_EDGE('',*,*,#5777,.T.);
#3057=ORIENTED_EDGE('',*,*,#5773,.T.);
#3058=ORIENTED_EDGE('',*,*,#5778,.F.);
#3059=ORIENTED_EDGE('',*,*,#5779,.F.);
#3060=ORIENTED_EDGE('',*,*,#5780,.T.);
#3061=ORIENTED_EDGE('',*,*,#5776,.T.);
#3062=ORIENTED_EDGE('',*,*,#5781,.F.);
#3063=ORIENTED_EDGE('',*,*,#5782,.F.);
#3064=ORIENTED_EDGE('',*,*,#5783,.T.);
#3065=ORIENTED_EDGE('',*,*,#5779,.T.);
#3066=ORIENTED_EDGE('',*,*,#5784,.F.);
#3067=ORIENTED_EDGE('',*,*,#5785,.F.);
#3068=ORIENTED_EDGE('',*,*,#5786,.T.);
#3069=ORIENTED_EDGE('',*,*,#5782,.T.);
#3070=ORIENTED_EDGE('',*,*,#5787,.F.);
#3071=ORIENTED_EDGE('',*,*,#5788,.F.);
#3072=ORIENTED_EDGE('',*,*,#5789,.T.);
#3073=ORIENTED_EDGE('',*,*,#5785,.T.);
#3074=ORIENTED_EDGE('',*,*,#5790,.F.);
#3075=ORIENTED_EDGE('',*,*,#5791,.F.);
#3076=ORIENTED_EDGE('',*,*,#5792,.T.);
#3077=ORIENTED_EDGE('',*,*,#5788,.T.);
#3078=ORIENTED_EDGE('',*,*,#5793,.F.);
#3079=ORIENTED_EDGE('',*,*,#5794,.F.);
#3080=ORIENTED_EDGE('',*,*,#5795,.T.);
#3081=ORIENTED_EDGE('',*,*,#5791,.T.);
#3082=ORIENTED_EDGE('',*,*,#5796,.F.);
#3083=ORIENTED_EDGE('',*,*,#5797,.F.);
#3084=ORIENTED_EDGE('',*,*,#5798,.T.);
#3085=ORIENTED_EDGE('',*,*,#5794,.T.);
#3086=ORIENTED_EDGE('',*,*,#5799,.F.);
#3087=ORIENTED_EDGE('',*,*,#5800,.F.);
#3088=ORIENTED_EDGE('',*,*,#5801,.T.);
#3089=ORIENTED_EDGE('',*,*,#5797,.T.);
#3090=ORIENTED_EDGE('',*,*,#5802,.F.);
#3091=ORIENTED_EDGE('',*,*,#5803,.F.);
#3092=ORIENTED_EDGE('',*,*,#5804,.T.);
#3093=ORIENTED_EDGE('',*,*,#5800,.T.);
#3094=ORIENTED_EDGE('',*,*,#5805,.F.);
#3095=ORIENTED_EDGE('',*,*,#5806,.F.);
#3096=ORIENTED_EDGE('',*,*,#5807,.T.);
#3097=ORIENTED_EDGE('',*,*,#5803,.T.);
#3098=ORIENTED_EDGE('',*,*,#5808,.F.);
#3099=ORIENTED_EDGE('',*,*,#5809,.F.);
#3100=ORIENTED_EDGE('',*,*,#5810,.T.);
#3101=ORIENTED_EDGE('',*,*,#5806,.T.);
#3102=ORIENTED_EDGE('',*,*,#5811,.F.);
#3103=ORIENTED_EDGE('',*,*,#5812,.F.);
#3104=ORIENTED_EDGE('',*,*,#5813,.T.);
#3105=ORIENTED_EDGE('',*,*,#5809,.T.);
#3106=ORIENTED_EDGE('',*,*,#5814,.F.);
#3107=ORIENTED_EDGE('',*,*,#5815,.F.);
#3108=ORIENTED_EDGE('',*,*,#5816,.T.);
#3109=ORIENTED_EDGE('',*,*,#5812,.T.);
#3110=ORIENTED_EDGE('',*,*,#5817,.F.);
#3111=ORIENTED_EDGE('',*,*,#5818,.F.);
#3112=ORIENTED_EDGE('',*,*,#5819,.T.);
#3113=ORIENTED_EDGE('',*,*,#5815,.T.);
#3114=ORIENTED_EDGE('',*,*,#5820,.F.);
#3115=ORIENTED_EDGE('',*,*,#5821,.F.);
#3116=ORIENTED_EDGE('',*,*,#5822,.T.);
#3117=ORIENTED_EDGE('',*,*,#5818,.T.);
#3118=ORIENTED_EDGE('',*,*,#5823,.F.);
#3119=ORIENTED_EDGE('',*,*,#5824,.F.);
#3120=ORIENTED_EDGE('',*,*,#5825,.T.);
#3121=ORIENTED_EDGE('',*,*,#5821,.T.);
#3122=ORIENTED_EDGE('',*,*,#5826,.F.);
#3123=ORIENTED_EDGE('',*,*,#5827,.F.);
#3124=ORIENTED_EDGE('',*,*,#5828,.T.);
#3125=ORIENTED_EDGE('',*,*,#5824,.T.);
#3126=ORIENTED_EDGE('',*,*,#5829,.F.);
#3127=ORIENTED_EDGE('',*,*,#5830,.F.);
#3128=ORIENTED_EDGE('',*,*,#5831,.T.);
#3129=ORIENTED_EDGE('',*,*,#5827,.T.);
#3130=ORIENTED_EDGE('',*,*,#5832,.F.);
#3131=ORIENTED_EDGE('',*,*,#5833,.F.);
#3132=ORIENTED_EDGE('',*,*,#5834,.T.);
#3133=ORIENTED_EDGE('',*,*,#5830,.T.);
#3134=ORIENTED_EDGE('',*,*,#5835,.F.);
#3135=ORIENTED_EDGE('',*,*,#5836,.F.);
#3136=ORIENTED_EDGE('',*,*,#5837,.T.);
#3137=ORIENTED_EDGE('',*,*,#5833,.T.);
#3138=ORIENTED_EDGE('',*,*,#5838,.F.);
#3139=ORIENTED_EDGE('',*,*,#5839,.F.);
#3140=ORIENTED_EDGE('',*,*,#5840,.T.);
#3141=ORIENTED_EDGE('',*,*,#5836,.T.);
#3142=ORIENTED_EDGE('',*,*,#5841,.F.);
#3143=ORIENTED_EDGE('',*,*,#5842,.F.);
#3144=ORIENTED_EDGE('',*,*,#5843,.T.);
#3145=ORIENTED_EDGE('',*,*,#5839,.T.);
#3146=ORIENTED_EDGE('',*,*,#5844,.F.);
#3147=ORIENTED_EDGE('',*,*,#5845,.F.);
#3148=ORIENTED_EDGE('',*,*,#5846,.T.);
#3149=ORIENTED_EDGE('',*,*,#5842,.T.);
#3150=ORIENTED_EDGE('',*,*,#5847,.F.);
#3151=ORIENTED_EDGE('',*,*,#5848,.F.);
#3152=ORIENTED_EDGE('',*,*,#5849,.T.);
#3153=ORIENTED_EDGE('',*,*,#5845,.T.);
#3154=ORIENTED_EDGE('',*,*,#5850,.F.);
#3155=ORIENTED_EDGE('',*,*,#5851,.F.);
#3156=ORIENTED_EDGE('',*,*,#5852,.T.);
#3157=ORIENTED_EDGE('',*,*,#5848,.T.);
#3158=ORIENTED_EDGE('',*,*,#5853,.F.);
#3159=ORIENTED_EDGE('',*,*,#5854,.F.);
#3160=ORIENTED_EDGE('',*,*,#5855,.T.);
#3161=ORIENTED_EDGE('',*,*,#5851,.T.);
#3162=ORIENTED_EDGE('',*,*,#5856,.F.);
#3163=ORIENTED_EDGE('',*,*,#5857,.F.);
#3164=ORIENTED_EDGE('',*,*,#5858,.T.);
#3165=ORIENTED_EDGE('',*,*,#5854,.T.);
#3166=ORIENTED_EDGE('',*,*,#5859,.F.);
#3167=ORIENTED_EDGE('',*,*,#5860,.F.);
#3168=ORIENTED_EDGE('',*,*,#5861,.T.);
#3169=ORIENTED_EDGE('',*,*,#5857,.T.);
#3170=ORIENTED_EDGE('',*,*,#5862,.F.);
#3171=ORIENTED_EDGE('',*,*,#5863,.F.);
#3172=ORIENTED_EDGE('',*,*,#5864,.T.);
#3173=ORIENTED_EDGE('',*,*,#5860,.T.);
#3174=ORIENTED_EDGE('',*,*,#5865,.F.);
#3175=ORIENTED_EDGE('',*,*,#5866,.F.);
#3176=ORIENTED_EDGE('',*,*,#5867,.T.);
#3177=ORIENTED_EDGE('',*,*,#5863,.T.);
#3178=ORIENTED_EDGE('',*,*,#5868,.F.);
#3179=ORIENTED_EDGE('',*,*,#5869,.F.);
#3180=ORIENTED_EDGE('',*,*,#5870,.T.);
#3181=ORIENTED_EDGE('',*,*,#5866,.T.);
#3182=ORIENTED_EDGE('',*,*,#5871,.F.);
#3183=ORIENTED_EDGE('',*,*,#5872,.F.);
#3184=ORIENTED_EDGE('',*,*,#5873,.T.);
#3185=ORIENTED_EDGE('',*,*,#5869,.T.);
#3186=ORIENTED_EDGE('',*,*,#5874,.F.);
#3187=ORIENTED_EDGE('',*,*,#5875,.F.);
#3188=ORIENTED_EDGE('',*,*,#5876,.T.);
#3189=ORIENTED_EDGE('',*,*,#5872,.T.);
#3190=ORIENTED_EDGE('',*,*,#5877,.F.);
#3191=ORIENTED_EDGE('',*,*,#5878,.F.);
#3192=ORIENTED_EDGE('',*,*,#5879,.T.);
#3193=ORIENTED_EDGE('',*,*,#5875,.T.);
#3194=ORIENTED_EDGE('',*,*,#5880,.F.);
#3195=ORIENTED_EDGE('',*,*,#5881,.F.);
#3196=ORIENTED_EDGE('',*,*,#5882,.T.);
#3197=ORIENTED_EDGE('',*,*,#5878,.T.);
#3198=ORIENTED_EDGE('',*,*,#5883,.F.);
#3199=ORIENTED_EDGE('',*,*,#5884,.F.);
#3200=ORIENTED_EDGE('',*,*,#5885,.T.);
#3201=ORIENTED_EDGE('',*,*,#5881,.T.);
#3202=ORIENTED_EDGE('',*,*,#5886,.F.);
#3203=ORIENTED_EDGE('',*,*,#5887,.F.);
#3204=ORIENTED_EDGE('',*,*,#5888,.T.);
#3205=ORIENTED_EDGE('',*,*,#5884,.T.);
#3206=ORIENTED_EDGE('',*,*,#5889,.F.);
#3207=ORIENTED_EDGE('',*,*,#5890,.F.);
#3208=ORIENTED_EDGE('',*,*,#5891,.T.);
#3209=ORIENTED_EDGE('',*,*,#5887,.T.);
#3210=ORIENTED_EDGE('',*,*,#5892,.F.);
#3211=ORIENTED_EDGE('',*,*,#5893,.F.);
#3212=ORIENTED_EDGE('',*,*,#5894,.T.);
#3213=ORIENTED_EDGE('',*,*,#5890,.T.);
#3214=ORIENTED_EDGE('',*,*,#5895,.F.);
#3215=ORIENTED_EDGE('',*,*,#5896,.F.);
#3216=ORIENTED_EDGE('',*,*,#5897,.T.);
#3217=ORIENTED_EDGE('',*,*,#5893,.T.);
#3218=ORIENTED_EDGE('',*,*,#5898,.F.);
#3219=ORIENTED_EDGE('',*,*,#5899,.F.);
#3220=ORIENTED_EDGE('',*,*,#5900,.T.);
#3221=ORIENTED_EDGE('',*,*,#5896,.T.);
#3222=ORIENTED_EDGE('',*,*,#5901,.F.);
#3223=ORIENTED_EDGE('',*,*,#5902,.F.);
#3224=ORIENTED_EDGE('',*,*,#5903,.T.);
#3225=ORIENTED_EDGE('',*,*,#5899,.T.);
#3226=ORIENTED_EDGE('',*,*,#5904,.F.);
#3227=ORIENTED_EDGE('',*,*,#5905,.F.);
#3228=ORIENTED_EDGE('',*,*,#5906,.T.);
#3229=ORIENTED_EDGE('',*,*,#5902,.T.);
#3230=ORIENTED_EDGE('',*,*,#5907,.F.);
#3231=ORIENTED_EDGE('',*,*,#5908,.F.);
#3232=ORIENTED_EDGE('',*,*,#5909,.T.);
#3233=ORIENTED_EDGE('',*,*,#5905,.T.);
#3234=ORIENTED_EDGE('',*,*,#5910,.F.);
#3235=ORIENTED_EDGE('',*,*,#5911,.F.);
#3236=ORIENTED_EDGE('',*,*,#5912,.T.);
#3237=ORIENTED_EDGE('',*,*,#5908,.T.);
#3238=ORIENTED_EDGE('',*,*,#5913,.F.);
#3239=ORIENTED_EDGE('',*,*,#5914,.F.);
#3240=ORIENTED_EDGE('',*,*,#5915,.T.);
#3241=ORIENTED_EDGE('',*,*,#5911,.T.);
#3242=ORIENTED_EDGE('',*,*,#5916,.F.);
#3243=ORIENTED_EDGE('',*,*,#5917,.F.);
#3244=ORIENTED_EDGE('',*,*,#5918,.T.);
#3245=ORIENTED_EDGE('',*,*,#5914,.T.);
#3246=ORIENTED_EDGE('',*,*,#5919,.F.);
#3247=ORIENTED_EDGE('',*,*,#5920,.F.);
#3248=ORIENTED_EDGE('',*,*,#5921,.T.);
#3249=ORIENTED_EDGE('',*,*,#5917,.T.);
#3250=ORIENTED_EDGE('',*,*,#5922,.F.);
#3251=ORIENTED_EDGE('',*,*,#5923,.F.);
#3252=ORIENTED_EDGE('',*,*,#5924,.T.);
#3253=ORIENTED_EDGE('',*,*,#5920,.T.);
#3254=ORIENTED_EDGE('',*,*,#5925,.F.);
#3255=ORIENTED_EDGE('',*,*,#5926,.F.);
#3256=ORIENTED_EDGE('',*,*,#5927,.T.);
#3257=ORIENTED_EDGE('',*,*,#5923,.T.);
#3258=ORIENTED_EDGE('',*,*,#5928,.F.);
#3259=ORIENTED_EDGE('',*,*,#5929,.F.);
#3260=ORIENTED_EDGE('',*,*,#5930,.T.);
#3261=ORIENTED_EDGE('',*,*,#5926,.T.);
#3262=ORIENTED_EDGE('',*,*,#5931,.F.);
#3263=ORIENTED_EDGE('',*,*,#5932,.F.);
#3264=ORIENTED_EDGE('',*,*,#5933,.T.);
#3265=ORIENTED_EDGE('',*,*,#5929,.T.);
#3266=ORIENTED_EDGE('',*,*,#5934,.F.);
#3267=ORIENTED_EDGE('',*,*,#5935,.F.);
#3268=ORIENTED_EDGE('',*,*,#5936,.T.);
#3269=ORIENTED_EDGE('',*,*,#5932,.T.);
#3270=ORIENTED_EDGE('',*,*,#5937,.F.);
#3271=ORIENTED_EDGE('',*,*,#5938,.F.);
#3272=ORIENTED_EDGE('',*,*,#5939,.T.);
#3273=ORIENTED_EDGE('',*,*,#5935,.T.);
#3274=ORIENTED_EDGE('',*,*,#5940,.F.);
#3275=ORIENTED_EDGE('',*,*,#5941,.F.);
#3276=ORIENTED_EDGE('',*,*,#5942,.T.);
#3277=ORIENTED_EDGE('',*,*,#5938,.T.);
#3278=ORIENTED_EDGE('',*,*,#5943,.F.);
#3279=ORIENTED_EDGE('',*,*,#5944,.F.);
#3280=ORIENTED_EDGE('',*,*,#5945,.T.);
#3281=ORIENTED_EDGE('',*,*,#5941,.T.);
#3282=ORIENTED_EDGE('',*,*,#5946,.F.);
#3283=ORIENTED_EDGE('',*,*,#5947,.F.);
#3284=ORIENTED_EDGE('',*,*,#5948,.T.);
#3285=ORIENTED_EDGE('',*,*,#5944,.T.);
#3286=ORIENTED_EDGE('',*,*,#5949,.F.);
#3287=ORIENTED_EDGE('',*,*,#5950,.F.);
#3288=ORIENTED_EDGE('',*,*,#5951,.T.);
#3289=ORIENTED_EDGE('',*,*,#5947,.T.);
#3290=ORIENTED_EDGE('',*,*,#5952,.F.);
#3291=ORIENTED_EDGE('',*,*,#5953,.F.);
#3292=ORIENTED_EDGE('',*,*,#5954,.T.);
#3293=ORIENTED_EDGE('',*,*,#5950,.T.);
#3294=ORIENTED_EDGE('',*,*,#5955,.F.);
#3295=ORIENTED_EDGE('',*,*,#5956,.F.);
#3296=ORIENTED_EDGE('',*,*,#5957,.T.);
#3297=ORIENTED_EDGE('',*,*,#5953,.T.);
#3298=ORIENTED_EDGE('',*,*,#5958,.F.);
#3299=ORIENTED_EDGE('',*,*,#5959,.F.);
#3300=ORIENTED_EDGE('',*,*,#5960,.T.);
#3301=ORIENTED_EDGE('',*,*,#5956,.T.);
#3302=ORIENTED_EDGE('',*,*,#5961,.F.);
#3303=ORIENTED_EDGE('',*,*,#5962,.F.);
#3304=ORIENTED_EDGE('',*,*,#5963,.T.);
#3305=ORIENTED_EDGE('',*,*,#5959,.T.);
#3306=ORIENTED_EDGE('',*,*,#5964,.F.);
#3307=ORIENTED_EDGE('',*,*,#5965,.F.);
#3308=ORIENTED_EDGE('',*,*,#5966,.T.);
#3309=ORIENTED_EDGE('',*,*,#5962,.T.);
#3310=ORIENTED_EDGE('',*,*,#5967,.F.);
#3311=ORIENTED_EDGE('',*,*,#5968,.F.);
#3312=ORIENTED_EDGE('',*,*,#5969,.T.);
#3313=ORIENTED_EDGE('',*,*,#5965,.T.);
#3314=ORIENTED_EDGE('',*,*,#5970,.F.);
#3315=ORIENTED_EDGE('',*,*,#5971,.F.);
#3316=ORIENTED_EDGE('',*,*,#5972,.T.);
#3317=ORIENTED_EDGE('',*,*,#5968,.T.);
#3318=ORIENTED_EDGE('',*,*,#5973,.F.);
#3319=ORIENTED_EDGE('',*,*,#5974,.F.);
#3320=ORIENTED_EDGE('',*,*,#5975,.T.);
#3321=ORIENTED_EDGE('',*,*,#5971,.T.);
#3322=ORIENTED_EDGE('',*,*,#5976,.F.);
#3323=ORIENTED_EDGE('',*,*,#5977,.F.);
#3324=ORIENTED_EDGE('',*,*,#5978,.T.);
#3325=ORIENTED_EDGE('',*,*,#5974,.T.);
#3326=ORIENTED_EDGE('',*,*,#5979,.F.);
#3327=ORIENTED_EDGE('',*,*,#5980,.F.);
#3328=ORIENTED_EDGE('',*,*,#5981,.T.);
#3329=ORIENTED_EDGE('',*,*,#5977,.T.);
#3330=ORIENTED_EDGE('',*,*,#5982,.F.);
#3331=ORIENTED_EDGE('',*,*,#5983,.F.);
#3332=ORIENTED_EDGE('',*,*,#5984,.T.);
#3333=ORIENTED_EDGE('',*,*,#5980,.T.);
#3334=ORIENTED_EDGE('',*,*,#5985,.F.);
#3335=ORIENTED_EDGE('',*,*,#5986,.F.);
#3336=ORIENTED_EDGE('',*,*,#5987,.T.);
#3337=ORIENTED_EDGE('',*,*,#5983,.T.);
#3338=ORIENTED_EDGE('',*,*,#5988,.F.);
#3339=ORIENTED_EDGE('',*,*,#5989,.F.);
#3340=ORIENTED_EDGE('',*,*,#5990,.T.);
#3341=ORIENTED_EDGE('',*,*,#5986,.T.);
#3342=ORIENTED_EDGE('',*,*,#5991,.F.);
#3343=ORIENTED_EDGE('',*,*,#5992,.F.);
#3344=ORIENTED_EDGE('',*,*,#5993,.T.);
#3345=ORIENTED_EDGE('',*,*,#5989,.T.);
#3346=ORIENTED_EDGE('',*,*,#5994,.F.);
#3347=ORIENTED_EDGE('',*,*,#5995,.F.);
#3348=ORIENTED_EDGE('',*,*,#5996,.T.);
#3349=ORIENTED_EDGE('',*,*,#5992,.T.);
#3350=ORIENTED_EDGE('',*,*,#5997,.F.);
#3351=ORIENTED_EDGE('',*,*,#5998,.F.);
#3352=ORIENTED_EDGE('',*,*,#5999,.T.);
#3353=ORIENTED_EDGE('',*,*,#5995,.T.);
#3354=ORIENTED_EDGE('',*,*,#6000,.F.);
#3355=ORIENTED_EDGE('',*,*,#6001,.F.);
#3356=ORIENTED_EDGE('',*,*,#6002,.T.);
#3357=ORIENTED_EDGE('',*,*,#5998,.T.);
#3358=ORIENTED_EDGE('',*,*,#6003,.F.);
#3359=ORIENTED_EDGE('',*,*,#6004,.F.);
#3360=ORIENTED_EDGE('',*,*,#6005,.T.);
#3361=ORIENTED_EDGE('',*,*,#6001,.T.);
#3362=ORIENTED_EDGE('',*,*,#6006,.F.);
#3363=ORIENTED_EDGE('',*,*,#6007,.F.);
#3364=ORIENTED_EDGE('',*,*,#6008,.T.);
#3365=ORIENTED_EDGE('',*,*,#6004,.T.);
#3366=ORIENTED_EDGE('',*,*,#6009,.F.);
#3367=ORIENTED_EDGE('',*,*,#6010,.F.);
#3368=ORIENTED_EDGE('',*,*,#6011,.T.);
#3369=ORIENTED_EDGE('',*,*,#6007,.T.);
#3370=ORIENTED_EDGE('',*,*,#6012,.F.);
#3371=ORIENTED_EDGE('',*,*,#6013,.F.);
#3372=ORIENTED_EDGE('',*,*,#6014,.T.);
#3373=ORIENTED_EDGE('',*,*,#6010,.T.);
#3374=ORIENTED_EDGE('',*,*,#6015,.F.);
#3375=ORIENTED_EDGE('',*,*,#6016,.F.);
#3376=ORIENTED_EDGE('',*,*,#6017,.T.);
#3377=ORIENTED_EDGE('',*,*,#6013,.T.);
#3378=ORIENTED_EDGE('',*,*,#6018,.F.);
#3379=ORIENTED_EDGE('',*,*,#6019,.F.);
#3380=ORIENTED_EDGE('',*,*,#6020,.T.);
#3381=ORIENTED_EDGE('',*,*,#6016,.T.);
#3382=ORIENTED_EDGE('',*,*,#6021,.F.);
#3383=ORIENTED_EDGE('',*,*,#6022,.F.);
#3384=ORIENTED_EDGE('',*,*,#6023,.T.);
#3385=ORIENTED_EDGE('',*,*,#6019,.T.);
#3386=ORIENTED_EDGE('',*,*,#6024,.F.);
#3387=ORIENTED_EDGE('',*,*,#6025,.F.);
#3388=ORIENTED_EDGE('',*,*,#6026,.T.);
#3389=ORIENTED_EDGE('',*,*,#6022,.T.);
#3390=ORIENTED_EDGE('',*,*,#6027,.F.);
#3391=ORIENTED_EDGE('',*,*,#6028,.F.);
#3392=ORIENTED_EDGE('',*,*,#6029,.T.);
#3393=ORIENTED_EDGE('',*,*,#6025,.T.);
#3394=ORIENTED_EDGE('',*,*,#6030,.F.);
#3395=ORIENTED_EDGE('',*,*,#6031,.F.);
#3396=ORIENTED_EDGE('',*,*,#6032,.T.);
#3397=ORIENTED_EDGE('',*,*,#6028,.T.);
#3398=ORIENTED_EDGE('',*,*,#6033,.F.);
#3399=ORIENTED_EDGE('',*,*,#6034,.F.);
#3400=ORIENTED_EDGE('',*,*,#6035,.T.);
#3401=ORIENTED_EDGE('',*,*,#6031,.T.);
#3402=ORIENTED_EDGE('',*,*,#6036,.F.);
#3403=ORIENTED_EDGE('',*,*,#6037,.F.);
#3404=ORIENTED_EDGE('',*,*,#6038,.T.);
#3405=ORIENTED_EDGE('',*,*,#6034,.T.);
#3406=ORIENTED_EDGE('',*,*,#6039,.F.);
#3407=ORIENTED_EDGE('',*,*,#6040,.F.);
#3408=ORIENTED_EDGE('',*,*,#6041,.T.);
#3409=ORIENTED_EDGE('',*,*,#6037,.T.);
#3410=ORIENTED_EDGE('',*,*,#6042,.F.);
#3411=ORIENTED_EDGE('',*,*,#6043,.F.);
#3412=ORIENTED_EDGE('',*,*,#6044,.T.);
#3413=ORIENTED_EDGE('',*,*,#6040,.T.);
#3414=ORIENTED_EDGE('',*,*,#6045,.F.);
#3415=ORIENTED_EDGE('',*,*,#6046,.F.);
#3416=ORIENTED_EDGE('',*,*,#6047,.T.);
#3417=ORIENTED_EDGE('',*,*,#6043,.T.);
#3418=ORIENTED_EDGE('',*,*,#6048,.F.);
#3419=ORIENTED_EDGE('',*,*,#6049,.F.);
#3420=ORIENTED_EDGE('',*,*,#6050,.T.);
#3421=ORIENTED_EDGE('',*,*,#6046,.T.);
#3422=ORIENTED_EDGE('',*,*,#6051,.F.);
#3423=ORIENTED_EDGE('',*,*,#6052,.F.);
#3424=ORIENTED_EDGE('',*,*,#6053,.T.);
#3425=ORIENTED_EDGE('',*,*,#6049,.T.);
#3426=ORIENTED_EDGE('',*,*,#6054,.F.);
#3427=ORIENTED_EDGE('',*,*,#6055,.F.);
#3428=ORIENTED_EDGE('',*,*,#6056,.T.);
#3429=ORIENTED_EDGE('',*,*,#6052,.T.);
#3430=ORIENTED_EDGE('',*,*,#6057,.F.);
#3431=ORIENTED_EDGE('',*,*,#6058,.F.);
#3432=ORIENTED_EDGE('',*,*,#6059,.T.);
#3433=ORIENTED_EDGE('',*,*,#6055,.T.);
#3434=ORIENTED_EDGE('',*,*,#6060,.F.);
#3435=ORIENTED_EDGE('',*,*,#6061,.F.);
#3436=ORIENTED_EDGE('',*,*,#6062,.T.);
#3437=ORIENTED_EDGE('',*,*,#6058,.T.);
#3438=ORIENTED_EDGE('',*,*,#6063,.F.);
#3439=ORIENTED_EDGE('',*,*,#6064,.F.);
#3440=ORIENTED_EDGE('',*,*,#6065,.T.);
#3441=ORIENTED_EDGE('',*,*,#6061,.T.);
#3442=ORIENTED_EDGE('',*,*,#6066,.F.);
#3443=ORIENTED_EDGE('',*,*,#6067,.F.);
#3444=ORIENTED_EDGE('',*,*,#6068,.T.);
#3445=ORIENTED_EDGE('',*,*,#6064,.T.);
#3446=ORIENTED_EDGE('',*,*,#6069,.F.);
#3447=ORIENTED_EDGE('',*,*,#6070,.F.);
#3448=ORIENTED_EDGE('',*,*,#6071,.T.);
#3449=ORIENTED_EDGE('',*,*,#6067,.T.);
#3450=ORIENTED_EDGE('',*,*,#6072,.F.);
#3451=ORIENTED_EDGE('',*,*,#6073,.F.);
#3452=ORIENTED_EDGE('',*,*,#6074,.T.);
#3453=ORIENTED_EDGE('',*,*,#6070,.T.);
#3454=ORIENTED_EDGE('',*,*,#6075,.F.);
#3455=ORIENTED_EDGE('',*,*,#6076,.F.);
#3456=ORIENTED_EDGE('',*,*,#6077,.T.);
#3457=ORIENTED_EDGE('',*,*,#6073,.T.);
#3458=ORIENTED_EDGE('',*,*,#6078,.F.);
#3459=ORIENTED_EDGE('',*,*,#6079,.F.);
#3460=ORIENTED_EDGE('',*,*,#6080,.T.);
#3461=ORIENTED_EDGE('',*,*,#6076,.T.);
#3462=ORIENTED_EDGE('',*,*,#6081,.F.);
#3463=ORIENTED_EDGE('',*,*,#6082,.F.);
#3464=ORIENTED_EDGE('',*,*,#6083,.T.);
#3465=ORIENTED_EDGE('',*,*,#6079,.T.);
#3466=ORIENTED_EDGE('',*,*,#6084,.F.);
#3467=ORIENTED_EDGE('',*,*,#6085,.F.);
#3468=ORIENTED_EDGE('',*,*,#6086,.T.);
#3469=ORIENTED_EDGE('',*,*,#6082,.T.);
#3470=ORIENTED_EDGE('',*,*,#6087,.F.);
#3471=ORIENTED_EDGE('',*,*,#6088,.F.);
#3472=ORIENTED_EDGE('',*,*,#6089,.T.);
#3473=ORIENTED_EDGE('',*,*,#6085,.T.);
#3474=ORIENTED_EDGE('',*,*,#6090,.F.);
#3475=ORIENTED_EDGE('',*,*,#6091,.F.);
#3476=ORIENTED_EDGE('',*,*,#6092,.T.);
#3477=ORIENTED_EDGE('',*,*,#6088,.T.);
#3478=ORIENTED_EDGE('',*,*,#6093,.F.);
#3479=ORIENTED_EDGE('',*,*,#6094,.F.);
#3480=ORIENTED_EDGE('',*,*,#6095,.T.);
#3481=ORIENTED_EDGE('',*,*,#6091,.T.);
#3482=ORIENTED_EDGE('',*,*,#6096,.F.);
#3483=ORIENTED_EDGE('',*,*,#6097,.F.);
#3484=ORIENTED_EDGE('',*,*,#6098,.T.);
#3485=ORIENTED_EDGE('',*,*,#6094,.T.);
#3486=ORIENTED_EDGE('',*,*,#6099,.F.);
#3487=ORIENTED_EDGE('',*,*,#6100,.F.);
#3488=ORIENTED_EDGE('',*,*,#6101,.T.);
#3489=ORIENTED_EDGE('',*,*,#6097,.T.);
#3490=ORIENTED_EDGE('',*,*,#6102,.F.);
#3491=ORIENTED_EDGE('',*,*,#6103,.F.);
#3492=ORIENTED_EDGE('',*,*,#6104,.T.);
#3493=ORIENTED_EDGE('',*,*,#6100,.T.);
#3494=ORIENTED_EDGE('',*,*,#6105,.F.);
#3495=ORIENTED_EDGE('',*,*,#6106,.F.);
#3496=ORIENTED_EDGE('',*,*,#6107,.T.);
#3497=ORIENTED_EDGE('',*,*,#6103,.T.);
#3498=ORIENTED_EDGE('',*,*,#6108,.F.);
#3499=ORIENTED_EDGE('',*,*,#6109,.F.);
#3500=ORIENTED_EDGE('',*,*,#6110,.T.);
#3501=ORIENTED_EDGE('',*,*,#6106,.T.);
#3502=ORIENTED_EDGE('',*,*,#6111,.F.);
#3503=ORIENTED_EDGE('',*,*,#6112,.F.);
#3504=ORIENTED_EDGE('',*,*,#6113,.T.);
#3505=ORIENTED_EDGE('',*,*,#6109,.T.);
#3506=ORIENTED_EDGE('',*,*,#6114,.F.);
#3507=ORIENTED_EDGE('',*,*,#6115,.F.);
#3508=ORIENTED_EDGE('',*,*,#6116,.T.);
#3509=ORIENTED_EDGE('',*,*,#6112,.T.);
#3510=ORIENTED_EDGE('',*,*,#6117,.F.);
#3511=ORIENTED_EDGE('',*,*,#6118,.F.);
#3512=ORIENTED_EDGE('',*,*,#6119,.T.);
#3513=ORIENTED_EDGE('',*,*,#6115,.T.);
#3514=ORIENTED_EDGE('',*,*,#6120,.F.);
#3515=ORIENTED_EDGE('',*,*,#6121,.F.);
#3516=ORIENTED_EDGE('',*,*,#6122,.T.);
#3517=ORIENTED_EDGE('',*,*,#6118,.T.);
#3518=ORIENTED_EDGE('',*,*,#6123,.F.);
#3519=ORIENTED_EDGE('',*,*,#6124,.F.);
#3520=ORIENTED_EDGE('',*,*,#6125,.T.);
#3521=ORIENTED_EDGE('',*,*,#6121,.T.);
#3522=ORIENTED_EDGE('',*,*,#6126,.F.);
#3523=ORIENTED_EDGE('',*,*,#6127,.F.);
#3524=ORIENTED_EDGE('',*,*,#6128,.T.);
#3525=ORIENTED_EDGE('',*,*,#6124,.T.);
#3526=ORIENTED_EDGE('',*,*,#6129,.F.);
#3527=ORIENTED_EDGE('',*,*,#6130,.F.);
#3528=ORIENTED_EDGE('',*,*,#6131,.T.);
#3529=ORIENTED_EDGE('',*,*,#6127,.T.);
#3530=ORIENTED_EDGE('',*,*,#6132,.F.);
#3531=ORIENTED_EDGE('',*,*,#6133,.F.);
#3532=ORIENTED_EDGE('',*,*,#6134,.T.);
#3533=ORIENTED_EDGE('',*,*,#6130,.T.);
#3534=ORIENTED_EDGE('',*,*,#6135,.F.);
#3535=ORIENTED_EDGE('',*,*,#6136,.F.);
#3536=ORIENTED_EDGE('',*,*,#6137,.T.);
#3537=ORIENTED_EDGE('',*,*,#6133,.T.);
#3538=ORIENTED_EDGE('',*,*,#6138,.F.);
#3539=ORIENTED_EDGE('',*,*,#6139,.F.);
#3540=ORIENTED_EDGE('',*,*,#6140,.T.);
#3541=ORIENTED_EDGE('',*,*,#6136,.T.);
#3542=ORIENTED_EDGE('',*,*,#6141,.F.);
#3543=ORIENTED_EDGE('',*,*,#6142,.F.);
#3544=ORIENTED_EDGE('',*,*,#6143,.T.);
#3545=ORIENTED_EDGE('',*,*,#6139,.T.);
#3546=ORIENTED_EDGE('',*,*,#6144,.F.);
#3547=ORIENTED_EDGE('',*,*,#6145,.F.);
#3548=ORIENTED_EDGE('',*,*,#6146,.T.);
#3549=ORIENTED_EDGE('',*,*,#6142,.T.);
#3550=ORIENTED_EDGE('',*,*,#6147,.F.);
#3551=ORIENTED_EDGE('',*,*,#6148,.F.);
#3552=ORIENTED_EDGE('',*,*,#6149,.T.);
#3553=ORIENTED_EDGE('',*,*,#6145,.T.);
#3554=ORIENTED_EDGE('',*,*,#6150,.F.);
#3555=ORIENTED_EDGE('',*,*,#6151,.F.);
#3556=ORIENTED_EDGE('',*,*,#6152,.T.);
#3557=ORIENTED_EDGE('',*,*,#6148,.T.);
#3558=ORIENTED_EDGE('',*,*,#6153,.F.);
#3559=ORIENTED_EDGE('',*,*,#6154,.F.);
#3560=ORIENTED_EDGE('',*,*,#6155,.T.);
#3561=ORIENTED_EDGE('',*,*,#6151,.T.);
#3562=ORIENTED_EDGE('',*,*,#6156,.F.);
#3563=ORIENTED_EDGE('',*,*,#6157,.F.);
#3564=ORIENTED_EDGE('',*,*,#6158,.T.);
#3565=ORIENTED_EDGE('',*,*,#6154,.T.);
#3566=ORIENTED_EDGE('',*,*,#6159,.F.);
#3567=ORIENTED_EDGE('',*,*,#6160,.F.);
#3568=ORIENTED_EDGE('',*,*,#6161,.T.);
#3569=ORIENTED_EDGE('',*,*,#6157,.T.);
#3570=ORIENTED_EDGE('',*,*,#6162,.F.);
#3571=ORIENTED_EDGE('',*,*,#6163,.F.);
#3572=ORIENTED_EDGE('',*,*,#6164,.T.);
#3573=ORIENTED_EDGE('',*,*,#6160,.T.);
#3574=ORIENTED_EDGE('',*,*,#6165,.F.);
#3575=ORIENTED_EDGE('',*,*,#6166,.F.);
#3576=ORIENTED_EDGE('',*,*,#6167,.T.);
#3577=ORIENTED_EDGE('',*,*,#6163,.T.);
#3578=ORIENTED_EDGE('',*,*,#6168,.F.);
#3579=ORIENTED_EDGE('',*,*,#6169,.F.);
#3580=ORIENTED_EDGE('',*,*,#6170,.T.);
#3581=ORIENTED_EDGE('',*,*,#6166,.T.);
#3582=ORIENTED_EDGE('',*,*,#6171,.F.);
#3583=ORIENTED_EDGE('',*,*,#6172,.F.);
#3584=ORIENTED_EDGE('',*,*,#6173,.T.);
#3585=ORIENTED_EDGE('',*,*,#6169,.T.);
#3586=ORIENTED_EDGE('',*,*,#6174,.F.);
#3587=ORIENTED_EDGE('',*,*,#6175,.F.);
#3588=ORIENTED_EDGE('',*,*,#6176,.T.);
#3589=ORIENTED_EDGE('',*,*,#6172,.T.);
#3590=ORIENTED_EDGE('',*,*,#6177,.F.);
#3591=ORIENTED_EDGE('',*,*,#6178,.F.);
#3592=ORIENTED_EDGE('',*,*,#6179,.T.);
#3593=ORIENTED_EDGE('',*,*,#6175,.T.);
#3594=ORIENTED_EDGE('',*,*,#6180,.F.);
#3595=ORIENTED_EDGE('',*,*,#6181,.F.);
#3596=ORIENTED_EDGE('',*,*,#6182,.T.);
#3597=ORIENTED_EDGE('',*,*,#6178,.T.);
#3598=ORIENTED_EDGE('',*,*,#6183,.F.);
#3599=ORIENTED_EDGE('',*,*,#6184,.F.);
#3600=ORIENTED_EDGE('',*,*,#6185,.T.);
#3601=ORIENTED_EDGE('',*,*,#6181,.T.);
#3602=ORIENTED_EDGE('',*,*,#6186,.F.);
#3603=ORIENTED_EDGE('',*,*,#6187,.F.);
#3604=ORIENTED_EDGE('',*,*,#6188,.T.);
#3605=ORIENTED_EDGE('',*,*,#6184,.T.);
#3606=ORIENTED_EDGE('',*,*,#6189,.F.);
#3607=ORIENTED_EDGE('',*,*,#6190,.F.);
#3608=ORIENTED_EDGE('',*,*,#6191,.T.);
#3609=ORIENTED_EDGE('',*,*,#6187,.T.);
#3610=ORIENTED_EDGE('',*,*,#6192,.F.);
#3611=ORIENTED_EDGE('',*,*,#6193,.F.);
#3612=ORIENTED_EDGE('',*,*,#6194,.T.);
#3613=ORIENTED_EDGE('',*,*,#6190,.T.);
#3614=ORIENTED_EDGE('',*,*,#6195,.F.);
#3615=ORIENTED_EDGE('',*,*,#6196,.F.);
#3616=ORIENTED_EDGE('',*,*,#6197,.T.);
#3617=ORIENTED_EDGE('',*,*,#6193,.T.);
#3618=ORIENTED_EDGE('',*,*,#6198,.F.);
#3619=ORIENTED_EDGE('',*,*,#6199,.F.);
#3620=ORIENTED_EDGE('',*,*,#6200,.T.);
#3621=ORIENTED_EDGE('',*,*,#6196,.T.);
#3622=ORIENTED_EDGE('',*,*,#6201,.F.);
#3623=ORIENTED_EDGE('',*,*,#6202,.F.);
#3624=ORIENTED_EDGE('',*,*,#6203,.T.);
#3625=ORIENTED_EDGE('',*,*,#6199,.T.);
#3626=ORIENTED_EDGE('',*,*,#6204,.F.);
#3627=ORIENTED_EDGE('',*,*,#6205,.F.);
#3628=ORIENTED_EDGE('',*,*,#6206,.T.);
#3629=ORIENTED_EDGE('',*,*,#6202,.T.);
#3630=ORIENTED_EDGE('',*,*,#6207,.F.);
#3631=ORIENTED_EDGE('',*,*,#6208,.F.);
#3632=ORIENTED_EDGE('',*,*,#6209,.T.);
#3633=ORIENTED_EDGE('',*,*,#6205,.T.);
#3634=ORIENTED_EDGE('',*,*,#6210,.F.);
#3635=ORIENTED_EDGE('',*,*,#6211,.F.);
#3636=ORIENTED_EDGE('',*,*,#6212,.T.);
#3637=ORIENTED_EDGE('',*,*,#6208,.T.);
#3638=ORIENTED_EDGE('',*,*,#6213,.F.);
#3639=ORIENTED_EDGE('',*,*,#6214,.F.);
#3640=ORIENTED_EDGE('',*,*,#6215,.T.);
#3641=ORIENTED_EDGE('',*,*,#6211,.T.);
#3642=ORIENTED_EDGE('',*,*,#6216,.F.);
#3643=ORIENTED_EDGE('',*,*,#6217,.F.);
#3644=ORIENTED_EDGE('',*,*,#6218,.T.);
#3645=ORIENTED_EDGE('',*,*,#6214,.T.);
#3646=ORIENTED_EDGE('',*,*,#6219,.F.);
#3647=ORIENTED_EDGE('',*,*,#5593,.F.);
#3648=ORIENTED_EDGE('',*,*,#6220,.T.);
#3649=ORIENTED_EDGE('',*,*,#6217,.T.);
#3650=ORIENTED_EDGE('',*,*,#6221,.F.);
#3651=ORIENTED_EDGE('',*,*,#5769,.F.);
#3652=ORIENTED_EDGE('',*,*,#6222,.T.);
#3653=ORIENTED_EDGE('',*,*,#5774,.F.);
#3654=ORIENTED_EDGE('',*,*,#5777,.F.);
#3655=ORIENTED_EDGE('',*,*,#5780,.F.);
#3656=ORIENTED_EDGE('',*,*,#5783,.F.);
#3657=ORIENTED_EDGE('',*,*,#5786,.F.);
#3658=ORIENTED_EDGE('',*,*,#5789,.F.);
#3659=ORIENTED_EDGE('',*,*,#5792,.F.);
#3660=ORIENTED_EDGE('',*,*,#5795,.F.);
#3661=ORIENTED_EDGE('',*,*,#5798,.F.);
#3662=ORIENTED_EDGE('',*,*,#5801,.F.);
#3663=ORIENTED_EDGE('',*,*,#5804,.F.);
#3664=ORIENTED_EDGE('',*,*,#5807,.F.);
#3665=ORIENTED_EDGE('',*,*,#5810,.F.);
#3666=ORIENTED_EDGE('',*,*,#5813,.F.);
#3667=ORIENTED_EDGE('',*,*,#5816,.F.);
#3668=ORIENTED_EDGE('',*,*,#5819,.F.);
#3669=ORIENTED_EDGE('',*,*,#5822,.F.);
#3670=ORIENTED_EDGE('',*,*,#5825,.F.);
#3671=ORIENTED_EDGE('',*,*,#5828,.F.);
#3672=ORIENTED_EDGE('',*,*,#5831,.F.);
#3673=ORIENTED_EDGE('',*,*,#5834,.F.);
#3674=ORIENTED_EDGE('',*,*,#5837,.F.);
#3675=ORIENTED_EDGE('',*,*,#5840,.F.);
#3676=ORIENTED_EDGE('',*,*,#5843,.F.);
#3677=ORIENTED_EDGE('',*,*,#5846,.F.);
#3678=ORIENTED_EDGE('',*,*,#5849,.F.);
#3679=ORIENTED_EDGE('',*,*,#5852,.F.);
#3680=ORIENTED_EDGE('',*,*,#5855,.F.);
#3681=ORIENTED_EDGE('',*,*,#5858,.F.);
#3682=ORIENTED_EDGE('',*,*,#5861,.F.);
#3683=ORIENTED_EDGE('',*,*,#5864,.F.);
#3684=ORIENTED_EDGE('',*,*,#5867,.F.);
#3685=ORIENTED_EDGE('',*,*,#5870,.F.);
#3686=ORIENTED_EDGE('',*,*,#5873,.F.);
#3687=ORIENTED_EDGE('',*,*,#5876,.F.);
#3688=ORIENTED_EDGE('',*,*,#5879,.F.);
#3689=ORIENTED_EDGE('',*,*,#5882,.F.);
#3690=ORIENTED_EDGE('',*,*,#5885,.F.);
#3691=ORIENTED_EDGE('',*,*,#5888,.F.);
#3692=ORIENTED_EDGE('',*,*,#5891,.F.);
#3693=ORIENTED_EDGE('',*,*,#5894,.F.);
#3694=ORIENTED_EDGE('',*,*,#5897,.F.);
#3695=ORIENTED_EDGE('',*,*,#5900,.F.);
#3696=ORIENTED_EDGE('',*,*,#5903,.F.);
#3697=ORIENTED_EDGE('',*,*,#5906,.F.);
#3698=ORIENTED_EDGE('',*,*,#5909,.F.);
#3699=ORIENTED_EDGE('',*,*,#5912,.F.);
#3700=ORIENTED_EDGE('',*,*,#5915,.F.);
#3701=ORIENTED_EDGE('',*,*,#5918,.F.);
#3702=ORIENTED_EDGE('',*,*,#5921,.F.);
#3703=ORIENTED_EDGE('',*,*,#5924,.F.);
#3704=ORIENTED_EDGE('',*,*,#5927,.F.);
#3705=ORIENTED_EDGE('',*,*,#5930,.F.);
#3706=ORIENTED_EDGE('',*,*,#5933,.F.);
#3707=ORIENTED_EDGE('',*,*,#5936,.F.);
#3708=ORIENTED_EDGE('',*,*,#5939,.F.);
#3709=ORIENTED_EDGE('',*,*,#5942,.F.);
#3710=ORIENTED_EDGE('',*,*,#5945,.F.);
#3711=ORIENTED_EDGE('',*,*,#5948,.F.);
#3712=ORIENTED_EDGE('',*,*,#5951,.F.);
#3713=ORIENTED_EDGE('',*,*,#5954,.F.);
#3714=ORIENTED_EDGE('',*,*,#5957,.F.);
#3715=ORIENTED_EDGE('',*,*,#5960,.F.);
#3716=ORIENTED_EDGE('',*,*,#5963,.F.);
#3717=ORIENTED_EDGE('',*,*,#5966,.F.);
#3718=ORIENTED_EDGE('',*,*,#5969,.F.);
#3719=ORIENTED_EDGE('',*,*,#5972,.F.);
#3720=ORIENTED_EDGE('',*,*,#5975,.F.);
#3721=ORIENTED_EDGE('',*,*,#5978,.F.);
#3722=ORIENTED_EDGE('',*,*,#5981,.F.);
#3723=ORIENTED_EDGE('',*,*,#5984,.F.);
#3724=ORIENTED_EDGE('',*,*,#5987,.F.);
#3725=ORIENTED_EDGE('',*,*,#5990,.F.);
#3726=ORIENTED_EDGE('',*,*,#5993,.F.);
#3727=ORIENTED_EDGE('',*,*,#5996,.F.);
#3728=ORIENTED_EDGE('',*,*,#5999,.F.);
#3729=ORIENTED_EDGE('',*,*,#6002,.F.);
#3730=ORIENTED_EDGE('',*,*,#6005,.F.);
#3731=ORIENTED_EDGE('',*,*,#6008,.F.);
#3732=ORIENTED_EDGE('',*,*,#6011,.F.);
#3733=ORIENTED_EDGE('',*,*,#6014,.F.);
#3734=ORIENTED_EDGE('',*,*,#6017,.F.);
#3735=ORIENTED_EDGE('',*,*,#6020,.F.);
#3736=ORIENTED_EDGE('',*,*,#6023,.F.);
#3737=ORIENTED_EDGE('',*,*,#6026,.F.);
#3738=ORIENTED_EDGE('',*,*,#6029,.F.);
#3739=ORIENTED_EDGE('',*,*,#6032,.F.);
#3740=ORIENTED_EDGE('',*,*,#6035,.F.);
#3741=ORIENTED_EDGE('',*,*,#6038,.F.);
#3742=ORIENTED_EDGE('',*,*,#6041,.F.);
#3743=ORIENTED_EDGE('',*,*,#6044,.F.);
#3744=ORIENTED_EDGE('',*,*,#6047,.F.);
#3745=ORIENTED_EDGE('',*,*,#6050,.F.);
#3746=ORIENTED_EDGE('',*,*,#6053,.F.);
#3747=ORIENTED_EDGE('',*,*,#6056,.F.);
#3748=ORIENTED_EDGE('',*,*,#6059,.F.);
#3749=ORIENTED_EDGE('',*,*,#6062,.F.);
#3750=ORIENTED_EDGE('',*,*,#6065,.F.);
#3751=ORIENTED_EDGE('',*,*,#6068,.F.);
#3752=ORIENTED_EDGE('',*,*,#6071,.F.);
#3753=ORIENTED_EDGE('',*,*,#6074,.F.);
#3754=ORIENTED_EDGE('',*,*,#6077,.F.);
#3755=ORIENTED_EDGE('',*,*,#6080,.F.);
#3756=ORIENTED_EDGE('',*,*,#6083,.F.);
#3757=ORIENTED_EDGE('',*,*,#6086,.F.);
#3758=ORIENTED_EDGE('',*,*,#6089,.F.);
#3759=ORIENTED_EDGE('',*,*,#6092,.F.);
#3760=ORIENTED_EDGE('',*,*,#6095,.F.);
#3761=ORIENTED_EDGE('',*,*,#6098,.F.);
#3762=ORIENTED_EDGE('',*,*,#6101,.F.);
#3763=ORIENTED_EDGE('',*,*,#6104,.F.);
#3764=ORIENTED_EDGE('',*,*,#6107,.F.);
#3765=ORIENTED_EDGE('',*,*,#6110,.F.);
#3766=ORIENTED_EDGE('',*,*,#6113,.F.);
#3767=ORIENTED_EDGE('',*,*,#6116,.F.);
#3768=ORIENTED_EDGE('',*,*,#6119,.F.);
#3769=ORIENTED_EDGE('',*,*,#6122,.F.);
#3770=ORIENTED_EDGE('',*,*,#6125,.F.);
#3771=ORIENTED_EDGE('',*,*,#6128,.F.);
#3772=ORIENTED_EDGE('',*,*,#6131,.F.);
#3773=ORIENTED_EDGE('',*,*,#6134,.F.);
#3774=ORIENTED_EDGE('',*,*,#6137,.F.);
#3775=ORIENTED_EDGE('',*,*,#6140,.F.);
#3776=ORIENTED_EDGE('',*,*,#6143,.F.);
#3777=ORIENTED_EDGE('',*,*,#6146,.F.);
#3778=ORIENTED_EDGE('',*,*,#6149,.F.);
#3779=ORIENTED_EDGE('',*,*,#6152,.F.);
#3780=ORIENTED_EDGE('',*,*,#6155,.F.);
#3781=ORIENTED_EDGE('',*,*,#6158,.F.);
#3782=ORIENTED_EDGE('',*,*,#6161,.F.);
#3783=ORIENTED_EDGE('',*,*,#6164,.F.);
#3784=ORIENTED_EDGE('',*,*,#6167,.F.);
#3785=ORIENTED_EDGE('',*,*,#6170,.F.);
#3786=ORIENTED_EDGE('',*,*,#6173,.F.);
#3787=ORIENTED_EDGE('',*,*,#6176,.F.);
#3788=ORIENTED_EDGE('',*,*,#6179,.F.);
#3789=ORIENTED_EDGE('',*,*,#6182,.F.);
#3790=ORIENTED_EDGE('',*,*,#6185,.F.);
#3791=ORIENTED_EDGE('',*,*,#6188,.F.);
#3792=ORIENTED_EDGE('',*,*,#6191,.F.);
#3793=ORIENTED_EDGE('',*,*,#6194,.F.);
#3794=ORIENTED_EDGE('',*,*,#6197,.F.);
#3795=ORIENTED_EDGE('',*,*,#6200,.F.);
#3796=ORIENTED_EDGE('',*,*,#6203,.F.);
#3797=ORIENTED_EDGE('',*,*,#6206,.F.);
#3798=ORIENTED_EDGE('',*,*,#6209,.F.);
#3799=ORIENTED_EDGE('',*,*,#6212,.F.);
#3800=ORIENTED_EDGE('',*,*,#6215,.F.);
#3801=ORIENTED_EDGE('',*,*,#6218,.F.);
#3802=ORIENTED_EDGE('',*,*,#6220,.F.);
#3803=ORIENTED_EDGE('',*,*,#5592,.F.);
#3804=ORIENTED_EDGE('',*,*,#5596,.F.);
#3805=ORIENTED_EDGE('',*,*,#5599,.F.);
#3806=ORIENTED_EDGE('',*,*,#5602,.F.);
#3807=ORIENTED_EDGE('',*,*,#5605,.F.);
#3808=ORIENTED_EDGE('',*,*,#5608,.F.);
#3809=ORIENTED_EDGE('',*,*,#5611,.F.);
#3810=ORIENTED_EDGE('',*,*,#5614,.F.);
#3811=ORIENTED_EDGE('',*,*,#5617,.F.);
#3812=ORIENTED_EDGE('',*,*,#5620,.F.);
#3813=ORIENTED_EDGE('',*,*,#5623,.F.);
#3814=ORIENTED_EDGE('',*,*,#5626,.F.);
#3815=ORIENTED_EDGE('',*,*,#5629,.F.);
#3816=ORIENTED_EDGE('',*,*,#5632,.F.);
#3817=ORIENTED_EDGE('',*,*,#5635,.F.);
#3818=ORIENTED_EDGE('',*,*,#5638,.F.);
#3819=ORIENTED_EDGE('',*,*,#5641,.F.);
#3820=ORIENTED_EDGE('',*,*,#5644,.F.);
#3821=ORIENTED_EDGE('',*,*,#5647,.F.);
#3822=ORIENTED_EDGE('',*,*,#5650,.F.);
#3823=ORIENTED_EDGE('',*,*,#5653,.F.);
#3824=ORIENTED_EDGE('',*,*,#5656,.F.);
#3825=ORIENTED_EDGE('',*,*,#5659,.F.);
#3826=ORIENTED_EDGE('',*,*,#5662,.F.);
#3827=ORIENTED_EDGE('',*,*,#5665,.F.);
#3828=ORIENTED_EDGE('',*,*,#5668,.F.);
#3829=ORIENTED_EDGE('',*,*,#5671,.F.);
#3830=ORIENTED_EDGE('',*,*,#5674,.F.);
#3831=ORIENTED_EDGE('',*,*,#5677,.F.);
#3832=ORIENTED_EDGE('',*,*,#5680,.F.);
#3833=ORIENTED_EDGE('',*,*,#5683,.F.);
#3834=ORIENTED_EDGE('',*,*,#5686,.F.);
#3835=ORIENTED_EDGE('',*,*,#5689,.F.);
#3836=ORIENTED_EDGE('',*,*,#5692,.F.);
#3837=ORIENTED_EDGE('',*,*,#5695,.F.);
#3838=ORIENTED_EDGE('',*,*,#5698,.F.);
#3839=ORIENTED_EDGE('',*,*,#5701,.F.);
#3840=ORIENTED_EDGE('',*,*,#5704,.F.);
#3841=ORIENTED_EDGE('',*,*,#5707,.F.);
#3842=ORIENTED_EDGE('',*,*,#5710,.F.);
#3843=ORIENTED_EDGE('',*,*,#5713,.F.);
#3844=ORIENTED_EDGE('',*,*,#5716,.F.);
#3845=ORIENTED_EDGE('',*,*,#5719,.F.);
#3846=ORIENTED_EDGE('',*,*,#5722,.F.);
#3847=ORIENTED_EDGE('',*,*,#5725,.F.);
#3848=ORIENTED_EDGE('',*,*,#5728,.F.);
#3849=ORIENTED_EDGE('',*,*,#5731,.F.);
#3850=ORIENTED_EDGE('',*,*,#5734,.F.);
#3851=ORIENTED_EDGE('',*,*,#5737,.F.);
#3852=ORIENTED_EDGE('',*,*,#5740,.F.);
#3853=ORIENTED_EDGE('',*,*,#5743,.F.);
#3854=ORIENTED_EDGE('',*,*,#5746,.F.);
#3855=ORIENTED_EDGE('',*,*,#5749,.F.);
#3856=ORIENTED_EDGE('',*,*,#5752,.F.);
#3857=ORIENTED_EDGE('',*,*,#5755,.F.);
#3858=ORIENTED_EDGE('',*,*,#5758,.F.);
#3859=ORIENTED_EDGE('',*,*,#5761,.F.);
#3860=ORIENTED_EDGE('',*,*,#5764,.F.);
#3861=ORIENTED_EDGE('',*,*,#5767,.F.);
#3862=ORIENTED_EDGE('',*,*,#6223,.F.);
#3863=ORIENTED_EDGE('',*,*,#6224,.F.);
#3864=ORIENTED_EDGE('',*,*,#6225,.F.);
#3865=ORIENTED_EDGE('',*,*,#6226,.F.);
#3866=ORIENTED_EDGE('',*,*,#6227,.F.);
#3867=ORIENTED_EDGE('',*,*,#6228,.F.);
#3868=ORIENTED_EDGE('',*,*,#6229,.F.);
#3869=ORIENTED_EDGE('',*,*,#6230,.F.);
#3870=ORIENTED_EDGE('',*,*,#6231,.F.);
#3871=ORIENTED_EDGE('',*,*,#6232,.F.);
#3872=ORIENTED_EDGE('',*,*,#6233,.F.);
#3873=ORIENTED_EDGE('',*,*,#6234,.F.);
#3874=ORIENTED_EDGE('',*,*,#6235,.F.);
#3875=ORIENTED_EDGE('',*,*,#6236,.F.);
#3876=ORIENTED_EDGE('',*,*,#6237,.F.);
#3877=ORIENTED_EDGE('',*,*,#6238,.F.);
#3878=ORIENTED_EDGE('',*,*,#6239,.F.);
#3879=ORIENTED_EDGE('',*,*,#6240,.F.);
#3880=ORIENTED_EDGE('',*,*,#6241,.F.);
#3881=ORIENTED_EDGE('',*,*,#6242,.F.);
#3882=ORIENTED_EDGE('',*,*,#6243,.F.);
#3883=ORIENTED_EDGE('',*,*,#6244,.F.);
#3884=ORIENTED_EDGE('',*,*,#6245,.F.);
#3885=ORIENTED_EDGE('',*,*,#6246,.F.);
#3886=ORIENTED_EDGE('',*,*,#6247,.F.);
#3887=ORIENTED_EDGE('',*,*,#6248,.F.);
#3888=ORIENTED_EDGE('',*,*,#6249,.F.);
#3889=ORIENTED_EDGE('',*,*,#6250,.F.);
#3890=ORIENTED_EDGE('',*,*,#6251,.F.);
#3891=ORIENTED_EDGE('',*,*,#6252,.F.);
#3892=ORIENTED_EDGE('',*,*,#6253,.F.);
#3893=ORIENTED_EDGE('',*,*,#6254,.F.);
#3894=ORIENTED_EDGE('',*,*,#6255,.F.);
#3895=ORIENTED_EDGE('',*,*,#6256,.F.);
#3896=ORIENTED_EDGE('',*,*,#6257,.F.);
#3897=ORIENTED_EDGE('',*,*,#6258,.F.);
#3898=ORIENTED_EDGE('',*,*,#6259,.F.);
#3899=ORIENTED_EDGE('',*,*,#6260,.F.);
#3900=ORIENTED_EDGE('',*,*,#6261,.F.);
#3901=ORIENTED_EDGE('',*,*,#6262,.F.);
#3902=ORIENTED_EDGE('',*,*,#6263,.F.);
#3903=ORIENTED_EDGE('',*,*,#6264,.F.);
#3904=ORIENTED_EDGE('',*,*,#6265,.F.);
#3905=ORIENTED_EDGE('',*,*,#6266,.F.);
#3906=ORIENTED_EDGE('',*,*,#6267,.F.);
#3907=ORIENTED_EDGE('',*,*,#6268,.F.);
#3908=ORIENTED_EDGE('',*,*,#6269,.F.);
#3909=ORIENTED_EDGE('',*,*,#6270,.F.);
#3910=ORIENTED_EDGE('',*,*,#6271,.F.);
#3911=ORIENTED_EDGE('',*,*,#6272,.F.);
#3912=ORIENTED_EDGE('',*,*,#6273,.F.);
#3913=ORIENTED_EDGE('',*,*,#6274,.F.);
#3914=ORIENTED_EDGE('',*,*,#6275,.F.);
#3915=ORIENTED_EDGE('',*,*,#6276,.F.);
#3916=ORIENTED_EDGE('',*,*,#6277,.F.);
#3917=ORIENTED_EDGE('',*,*,#6278,.F.);
#3918=ORIENTED_EDGE('',*,*,#6279,.F.);
#3919=ORIENTED_EDGE('',*,*,#6280,.F.);
#3920=ORIENTED_EDGE('',*,*,#6281,.F.);
#3921=ORIENTED_EDGE('',*,*,#6282,.F.);
#3922=ORIENTED_EDGE('',*,*,#6283,.F.);
#3923=ORIENTED_EDGE('',*,*,#6284,.F.);
#3924=ORIENTED_EDGE('',*,*,#6285,.F.);
#3925=ORIENTED_EDGE('',*,*,#6286,.F.);
#3926=ORIENTED_EDGE('',*,*,#6287,.F.);
#3927=ORIENTED_EDGE('',*,*,#6288,.F.);
#3928=ORIENTED_EDGE('',*,*,#6289,.F.);
#3929=ORIENTED_EDGE('',*,*,#6290,.F.);
#3930=ORIENTED_EDGE('',*,*,#6291,.F.);
#3931=ORIENTED_EDGE('',*,*,#6292,.F.);
#3932=ORIENTED_EDGE('',*,*,#6293,.F.);
#3933=ORIENTED_EDGE('',*,*,#6294,.F.);
#3934=ORIENTED_EDGE('',*,*,#6295,.F.);
#3935=ORIENTED_EDGE('',*,*,#6296,.F.);
#3936=ORIENTED_EDGE('',*,*,#6297,.F.);
#3937=ORIENTED_EDGE('',*,*,#6298,.F.);
#3938=ORIENTED_EDGE('',*,*,#6299,.F.);
#3939=ORIENTED_EDGE('',*,*,#6300,.F.);
#3940=ORIENTED_EDGE('',*,*,#6301,.F.);
#3941=ORIENTED_EDGE('',*,*,#6302,.F.);
#3942=ORIENTED_EDGE('',*,*,#6303,.F.);
#3943=ORIENTED_EDGE('',*,*,#6304,.F.);
#3944=ORIENTED_EDGE('',*,*,#6305,.F.);
#3945=ORIENTED_EDGE('',*,*,#6306,.F.);
#3946=ORIENTED_EDGE('',*,*,#6307,.F.);
#3947=ORIENTED_EDGE('',*,*,#6308,.F.);
#3948=ORIENTED_EDGE('',*,*,#6309,.F.);
#3949=ORIENTED_EDGE('',*,*,#6310,.F.);
#3950=ORIENTED_EDGE('',*,*,#6311,.F.);
#3951=ORIENTED_EDGE('',*,*,#6312,.F.);
#3952=ORIENTED_EDGE('',*,*,#6313,.F.);
#3953=ORIENTED_EDGE('',*,*,#6314,.F.);
#3954=ORIENTED_EDGE('',*,*,#6315,.F.);
#3955=ORIENTED_EDGE('',*,*,#6316,.F.);
#3956=ORIENTED_EDGE('',*,*,#6317,.F.);
#3957=ORIENTED_EDGE('',*,*,#6318,.F.);
#3958=ORIENTED_EDGE('',*,*,#6319,.F.);
#3959=ORIENTED_EDGE('',*,*,#6320,.F.);
#3960=ORIENTED_EDGE('',*,*,#6321,.F.);
#3961=ORIENTED_EDGE('',*,*,#6322,.F.);
#3962=ORIENTED_EDGE('',*,*,#6323,.F.);
#3963=ORIENTED_EDGE('',*,*,#6324,.F.);
#3964=ORIENTED_EDGE('',*,*,#6325,.F.);
#3965=ORIENTED_EDGE('',*,*,#6326,.F.);
#3966=ORIENTED_EDGE('',*,*,#6327,.F.);
#3967=ORIENTED_EDGE('',*,*,#6328,.F.);
#3968=ORIENTED_EDGE('',*,*,#6329,.F.);
#3969=ORIENTED_EDGE('',*,*,#6330,.F.);
#3970=ORIENTED_EDGE('',*,*,#6331,.F.);
#3971=ORIENTED_EDGE('',*,*,#6332,.F.);
#3972=ORIENTED_EDGE('',*,*,#6333,.F.);
#3973=ORIENTED_EDGE('',*,*,#6334,.F.);
#3974=ORIENTED_EDGE('',*,*,#6335,.F.);
#3975=ORIENTED_EDGE('',*,*,#6336,.F.);
#3976=ORIENTED_EDGE('',*,*,#6337,.F.);
#3977=ORIENTED_EDGE('',*,*,#6338,.F.);
#3978=ORIENTED_EDGE('',*,*,#6339,.T.);
#3979=ORIENTED_EDGE('',*,*,#6340,.F.);
#3980=ORIENTED_EDGE('',*,*,#6341,.F.);
#3981=ORIENTED_EDGE('',*,*,#6342,.F.);
#3982=ORIENTED_EDGE('',*,*,#6343,.F.);
#3983=ORIENTED_EDGE('',*,*,#6344,.F.);
#3984=ORIENTED_EDGE('',*,*,#6345,.F.);
#3985=ORIENTED_EDGE('',*,*,#6346,.F.);
#3986=ORIENTED_EDGE('',*,*,#6347,.F.);
#3987=ORIENTED_EDGE('',*,*,#6348,.F.);
#3988=ORIENTED_EDGE('',*,*,#6349,.F.);
#3989=ORIENTED_EDGE('',*,*,#6350,.F.);
#3990=ORIENTED_EDGE('',*,*,#6351,.F.);
#3991=ORIENTED_EDGE('',*,*,#6352,.F.);
#3992=ORIENTED_EDGE('',*,*,#6353,.F.);
#3993=ORIENTED_EDGE('',*,*,#6354,.F.);
#3994=ORIENTED_EDGE('',*,*,#6355,.F.);
#3995=ORIENTED_EDGE('',*,*,#6356,.F.);
#3996=ORIENTED_EDGE('',*,*,#5587,.F.);
#3997=ORIENTED_EDGE('',*,*,#6357,.T.);
#3998=ORIENTED_EDGE('',*,*,#6358,.T.);
#3999=ORIENTED_EDGE('',*,*,#6359,.T.);
#4000=ORIENTED_EDGE('',*,*,#6360,.T.);
#4001=ORIENTED_EDGE('',*,*,#6361,.T.);
#4002=ORIENTED_EDGE('',*,*,#6362,.T.);
#4003=ORIENTED_EDGE('',*,*,#6363,.T.);
#4004=ORIENTED_EDGE('',*,*,#6364,.T.);
#4005=ORIENTED_EDGE('',*,*,#6365,.T.);
#4006=ORIENTED_EDGE('',*,*,#6366,.T.);
#4007=ORIENTED_EDGE('',*,*,#6367,.T.);
#4008=ORIENTED_EDGE('',*,*,#6368,.T.);
#4009=ORIENTED_EDGE('',*,*,#6369,.T.);
#4010=ORIENTED_EDGE('',*,*,#6370,.T.);
#4011=ORIENTED_EDGE('',*,*,#6371,.T.);
#4012=ORIENTED_EDGE('',*,*,#6372,.T.);
#4013=ORIENTED_EDGE('',*,*,#6373,.T.);
#4014=ORIENTED_EDGE('',*,*,#6374,.T.);
#4015=ORIENTED_EDGE('',*,*,#6375,.T.);
#4016=ORIENTED_EDGE('',*,*,#6376,.T.);
#4017=ORIENTED_EDGE('',*,*,#6377,.T.);
#4018=ORIENTED_EDGE('',*,*,#6378,.T.);
#4019=ORIENTED_EDGE('',*,*,#6379,.T.);
#4020=ORIENTED_EDGE('',*,*,#6380,.T.);
#4021=ORIENTED_EDGE('',*,*,#6381,.T.);
#4022=ORIENTED_EDGE('',*,*,#6382,.T.);
#4023=ORIENTED_EDGE('',*,*,#6383,.T.);
#4024=ORIENTED_EDGE('',*,*,#6384,.T.);
#4025=ORIENTED_EDGE('',*,*,#6385,.T.);
#4026=ORIENTED_EDGE('',*,*,#6386,.T.);
#4027=ORIENTED_EDGE('',*,*,#6387,.T.);
#4028=ORIENTED_EDGE('',*,*,#6388,.T.);
#4029=ORIENTED_EDGE('',*,*,#6389,.T.);
#4030=ORIENTED_EDGE('',*,*,#6390,.T.);
#4031=ORIENTED_EDGE('',*,*,#6391,.T.);
#4032=ORIENTED_EDGE('',*,*,#6392,.T.);
#4033=ORIENTED_EDGE('',*,*,#6393,.T.);
#4034=ORIENTED_EDGE('',*,*,#6394,.T.);
#4035=ORIENTED_EDGE('',*,*,#6395,.T.);
#4036=ORIENTED_EDGE('',*,*,#6396,.T.);
#4037=ORIENTED_EDGE('',*,*,#6397,.T.);
#4038=ORIENTED_EDGE('',*,*,#6398,.T.);
#4039=ORIENTED_EDGE('',*,*,#6399,.T.);
#4040=ORIENTED_EDGE('',*,*,#6400,.T.);
#4041=ORIENTED_EDGE('',*,*,#6401,.T.);
#4042=ORIENTED_EDGE('',*,*,#6402,.T.);
#4043=ORIENTED_EDGE('',*,*,#6403,.T.);
#4044=ORIENTED_EDGE('',*,*,#6404,.T.);
#4045=ORIENTED_EDGE('',*,*,#6405,.T.);
#4046=ORIENTED_EDGE('',*,*,#6406,.T.);
#4047=ORIENTED_EDGE('',*,*,#6407,.T.);
#4048=ORIENTED_EDGE('',*,*,#6408,.T.);
#4049=ORIENTED_EDGE('',*,*,#6409,.T.);
#4050=ORIENTED_EDGE('',*,*,#6410,.T.);
#4051=ORIENTED_EDGE('',*,*,#6411,.T.);
#4052=ORIENTED_EDGE('',*,*,#6412,.T.);
#4053=ORIENTED_EDGE('',*,*,#6413,.T.);
#4054=ORIENTED_EDGE('',*,*,#6414,.T.);
#4055=ORIENTED_EDGE('',*,*,#6415,.T.);
#4056=ORIENTED_EDGE('',*,*,#6416,.F.);
#4057=ORIENTED_EDGE('',*,*,#5770,.T.);
#4058=ORIENTED_EDGE('',*,*,#5765,.T.);
#4059=ORIENTED_EDGE('',*,*,#5762,.T.);
#4060=ORIENTED_EDGE('',*,*,#5759,.T.);
#4061=ORIENTED_EDGE('',*,*,#5756,.T.);
#4062=ORIENTED_EDGE('',*,*,#5753,.T.);
#4063=ORIENTED_EDGE('',*,*,#5750,.T.);
#4064=ORIENTED_EDGE('',*,*,#5747,.T.);
#4065=ORIENTED_EDGE('',*,*,#5744,.T.);
#4066=ORIENTED_EDGE('',*,*,#5741,.T.);
#4067=ORIENTED_EDGE('',*,*,#5738,.T.);
#4068=ORIENTED_EDGE('',*,*,#5735,.T.);
#4069=ORIENTED_EDGE('',*,*,#5732,.T.);
#4070=ORIENTED_EDGE('',*,*,#5729,.T.);
#4071=ORIENTED_EDGE('',*,*,#5726,.T.);
#4072=ORIENTED_EDGE('',*,*,#5723,.T.);
#4073=ORIENTED_EDGE('',*,*,#5720,.T.);
#4074=ORIENTED_EDGE('',*,*,#5717,.T.);
#4075=ORIENTED_EDGE('',*,*,#5714,.T.);
#4076=ORIENTED_EDGE('',*,*,#5711,.T.);
#4077=ORIENTED_EDGE('',*,*,#5708,.T.);
#4078=ORIENTED_EDGE('',*,*,#5705,.T.);
#4079=ORIENTED_EDGE('',*,*,#5702,.T.);
#4080=ORIENTED_EDGE('',*,*,#5699,.T.);
#4081=ORIENTED_EDGE('',*,*,#5696,.T.);
#4082=ORIENTED_EDGE('',*,*,#5693,.T.);
#4083=ORIENTED_EDGE('',*,*,#5690,.T.);
#4084=ORIENTED_EDGE('',*,*,#5687,.T.);
#4085=ORIENTED_EDGE('',*,*,#5684,.T.);
#4086=ORIENTED_EDGE('',*,*,#5681,.T.);
#4087=ORIENTED_EDGE('',*,*,#5678,.T.);
#4088=ORIENTED_EDGE('',*,*,#5675,.T.);
#4089=ORIENTED_EDGE('',*,*,#5672,.T.);
#4090=ORIENTED_EDGE('',*,*,#5669,.T.);
#4091=ORIENTED_EDGE('',*,*,#5666,.T.);
#4092=ORIENTED_EDGE('',*,*,#5663,.T.);
#4093=ORIENTED_EDGE('',*,*,#5660,.T.);
#4094=ORIENTED_EDGE('',*,*,#5657,.T.);
#4095=ORIENTED_EDGE('',*,*,#5654,.T.);
#4096=ORIENTED_EDGE('',*,*,#5651,.T.);
#4097=ORIENTED_EDGE('',*,*,#5648,.T.);
#4098=ORIENTED_EDGE('',*,*,#5645,.T.);
#4099=ORIENTED_EDGE('',*,*,#5642,.T.);
#4100=ORIENTED_EDGE('',*,*,#5639,.T.);
#4101=ORIENTED_EDGE('',*,*,#5636,.T.);
#4102=ORIENTED_EDGE('',*,*,#5633,.T.);
#4103=ORIENTED_EDGE('',*,*,#5630,.T.);
#4104=ORIENTED_EDGE('',*,*,#5627,.T.);
#4105=ORIENTED_EDGE('',*,*,#5624,.T.);
#4106=ORIENTED_EDGE('',*,*,#5621,.T.);
#4107=ORIENTED_EDGE('',*,*,#5618,.T.);
#4108=ORIENTED_EDGE('',*,*,#5615,.T.);
#4109=ORIENTED_EDGE('',*,*,#5612,.T.);
#4110=ORIENTED_EDGE('',*,*,#5609,.T.);
#4111=ORIENTED_EDGE('',*,*,#5606,.T.);
#4112=ORIENTED_EDGE('',*,*,#5603,.T.);
#4113=ORIENTED_EDGE('',*,*,#5600,.T.);
#4114=ORIENTED_EDGE('',*,*,#5597,.T.);
#4115=ORIENTED_EDGE('',*,*,#5594,.T.);
#4116=ORIENTED_EDGE('',*,*,#5590,.T.);
#4117=ORIENTED_EDGE('',*,*,#6219,.T.);
#4118=ORIENTED_EDGE('',*,*,#6216,.T.);
#4119=ORIENTED_EDGE('',*,*,#6213,.T.);
#4120=ORIENTED_EDGE('',*,*,#6210,.T.);
#4121=ORIENTED_EDGE('',*,*,#6207,.T.);
#4122=ORIENTED_EDGE('',*,*,#6204,.T.);
#4123=ORIENTED_EDGE('',*,*,#6201,.T.);
#4124=ORIENTED_EDGE('',*,*,#6198,.T.);
#4125=ORIENTED_EDGE('',*,*,#6195,.T.);
#4126=ORIENTED_EDGE('',*,*,#6192,.T.);
#4127=ORIENTED_EDGE('',*,*,#6189,.T.);
#4128=ORIENTED_EDGE('',*,*,#6186,.T.);
#4129=ORIENTED_EDGE('',*,*,#6183,.T.);
#4130=ORIENTED_EDGE('',*,*,#6180,.T.);
#4131=ORIENTED_EDGE('',*,*,#6177,.T.);
#4132=ORIENTED_EDGE('',*,*,#6174,.T.);
#4133=ORIENTED_EDGE('',*,*,#6171,.T.);
#4134=ORIENTED_EDGE('',*,*,#6168,.T.);
#4135=ORIENTED_EDGE('',*,*,#6165,.T.);
#4136=ORIENTED_EDGE('',*,*,#6162,.T.);
#4137=ORIENTED_EDGE('',*,*,#6159,.T.);
#4138=ORIENTED_EDGE('',*,*,#6156,.T.);
#4139=ORIENTED_EDGE('',*,*,#6153,.T.);
#4140=ORIENTED_EDGE('',*,*,#6150,.T.);
#4141=ORIENTED_EDGE('',*,*,#6147,.T.);
#4142=ORIENTED_EDGE('',*,*,#6144,.T.);
#4143=ORIENTED_EDGE('',*,*,#6141,.T.);
#4144=ORIENTED_EDGE('',*,*,#6138,.T.);
#4145=ORIENTED_EDGE('',*,*,#6135,.T.);
#4146=ORIENTED_EDGE('',*,*,#6132,.T.);
#4147=ORIENTED_EDGE('',*,*,#6129,.T.);
#4148=ORIENTED_EDGE('',*,*,#6126,.T.);
#4149=ORIENTED_EDGE('',*,*,#6123,.T.);
#4150=ORIENTED_EDGE('',*,*,#6120,.T.);
#4151=ORIENTED_EDGE('',*,*,#6117,.T.);
#4152=ORIENTED_EDGE('',*,*,#6114,.T.);
#4153=ORIENTED_EDGE('',*,*,#6111,.T.);
#4154=ORIENTED_EDGE('',*,*,#6108,.T.);
#4155=ORIENTED_EDGE('',*,*,#6105,.T.);
#4156=ORIENTED_EDGE('',*,*,#6102,.T.);
#4157=ORIENTED_EDGE('',*,*,#6099,.T.);
#4158=ORIENTED_EDGE('',*,*,#6096,.T.);
#4159=ORIENTED_EDGE('',*,*,#6093,.T.);
#4160=ORIENTED_EDGE('',*,*,#6090,.T.);
#4161=ORIENTED_EDGE('',*,*,#6087,.T.);
#4162=ORIENTED_EDGE('',*,*,#6084,.T.);
#4163=ORIENTED_EDGE('',*,*,#6081,.T.);
#4164=ORIENTED_EDGE('',*,*,#6078,.T.);
#4165=ORIENTED_EDGE('',*,*,#6075,.T.);
#4166=ORIENTED_EDGE('',*,*,#6072,.T.);
#4167=ORIENTED_EDGE('',*,*,#6069,.T.);
#4168=ORIENTED_EDGE('',*,*,#6066,.T.);
#4169=ORIENTED_EDGE('',*,*,#6063,.T.);
#4170=ORIENTED_EDGE('',*,*,#6060,.T.);
#4171=ORIENTED_EDGE('',*,*,#6057,.T.);
#4172=ORIENTED_EDGE('',*,*,#6054,.T.);
#4173=ORIENTED_EDGE('',*,*,#6051,.T.);
#4174=ORIENTED_EDGE('',*,*,#6048,.T.);
#4175=ORIENTED_EDGE('',*,*,#6045,.T.);
#4176=ORIENTED_EDGE('',*,*,#6042,.T.);
#4177=ORIENTED_EDGE('',*,*,#6039,.T.);
#4178=ORIENTED_EDGE('',*,*,#6036,.T.);
#4179=ORIENTED_EDGE('',*,*,#6033,.T.);
#4180=ORIENTED_EDGE('',*,*,#6030,.T.);
#4181=ORIENTED_EDGE('',*,*,#6027,.T.);
#4182=ORIENTED_EDGE('',*,*,#6024,.T.);
#4183=ORIENTED_EDGE('',*,*,#6021,.T.);
#4184=ORIENTED_EDGE('',*,*,#6018,.T.);
#4185=ORIENTED_EDGE('',*,*,#6015,.T.);
#4186=ORIENTED_EDGE('',*,*,#6012,.T.);
#4187=ORIENTED_EDGE('',*,*,#6009,.T.);
#4188=ORIENTED_EDGE('',*,*,#6006,.T.);
#4189=ORIENTED_EDGE('',*,*,#6003,.T.);
#4190=ORIENTED_EDGE('',*,*,#6000,.T.);
#4191=ORIENTED_EDGE('',*,*,#5997,.T.);
#4192=ORIENTED_EDGE('',*,*,#5994,.T.);
#4193=ORIENTED_EDGE('',*,*,#5991,.T.);
#4194=ORIENTED_EDGE('',*,*,#5988,.T.);
#4195=ORIENTED_EDGE('',*,*,#5985,.T.);
#4196=ORIENTED_EDGE('',*,*,#5982,.T.);
#4197=ORIENTED_EDGE('',*,*,#5979,.T.);
#4198=ORIENTED_EDGE('',*,*,#5976,.T.);
#4199=ORIENTED_EDGE('',*,*,#5973,.T.);
#4200=ORIENTED_EDGE('',*,*,#5970,.T.);
#4201=ORIENTED_EDGE('',*,*,#5967,.T.);
#4202=ORIENTED_EDGE('',*,*,#5964,.T.);
#4203=ORIENTED_EDGE('',*,*,#5961,.T.);
#4204=ORIENTED_EDGE('',*,*,#5958,.T.);
#4205=ORIENTED_EDGE('',*,*,#5955,.T.);
#4206=ORIENTED_EDGE('',*,*,#5952,.T.);
#4207=ORIENTED_EDGE('',*,*,#5949,.T.);
#4208=ORIENTED_EDGE('',*,*,#5946,.T.);
#4209=ORIENTED_EDGE('',*,*,#5943,.T.);
#4210=ORIENTED_EDGE('',*,*,#5940,.T.);
#4211=ORIENTED_EDGE('',*,*,#5937,.T.);
#4212=ORIENTED_EDGE('',*,*,#5934,.T.);
#4213=ORIENTED_EDGE('',*,*,#5931,.T.);
#4214=ORIENTED_EDGE('',*,*,#5928,.T.);
#4215=ORIENTED_EDGE('',*,*,#5925,.T.);
#4216=ORIENTED_EDGE('',*,*,#5922,.T.);
#4217=ORIENTED_EDGE('',*,*,#5919,.T.);
#4218=ORIENTED_EDGE('',*,*,#5916,.T.);
#4219=ORIENTED_EDGE('',*,*,#5913,.T.);
#4220=ORIENTED_EDGE('',*,*,#5910,.T.);
#4221=ORIENTED_EDGE('',*,*,#5907,.T.);
#4222=ORIENTED_EDGE('',*,*,#5904,.T.);
#4223=ORIENTED_EDGE('',*,*,#5901,.T.);
#4224=ORIENTED_EDGE('',*,*,#5898,.T.);
#4225=ORIENTED_EDGE('',*,*,#5895,.T.);
#4226=ORIENTED_EDGE('',*,*,#5892,.T.);
#4227=ORIENTED_EDGE('',*,*,#5889,.T.);
#4228=ORIENTED_EDGE('',*,*,#5886,.T.);
#4229=ORIENTED_EDGE('',*,*,#5883,.T.);
#4230=ORIENTED_EDGE('',*,*,#5880,.T.);
#4231=ORIENTED_EDGE('',*,*,#5877,.T.);
#4232=ORIENTED_EDGE('',*,*,#5874,.T.);
#4233=ORIENTED_EDGE('',*,*,#5871,.T.);
#4234=ORIENTED_EDGE('',*,*,#5868,.T.);
#4235=ORIENTED_EDGE('',*,*,#5865,.T.);
#4236=ORIENTED_EDGE('',*,*,#5862,.T.);
#4237=ORIENTED_EDGE('',*,*,#5859,.T.);
#4238=ORIENTED_EDGE('',*,*,#5856,.T.);
#4239=ORIENTED_EDGE('',*,*,#5853,.T.);
#4240=ORIENTED_EDGE('',*,*,#5850,.T.);
#4241=ORIENTED_EDGE('',*,*,#5847,.T.);
#4242=ORIENTED_EDGE('',*,*,#5844,.T.);
#4243=ORIENTED_EDGE('',*,*,#5841,.T.);
#4244=ORIENTED_EDGE('',*,*,#5838,.T.);
#4245=ORIENTED_EDGE('',*,*,#5835,.T.);
#4246=ORIENTED_EDGE('',*,*,#5832,.T.);
#4247=ORIENTED_EDGE('',*,*,#5829,.T.);
#4248=ORIENTED_EDGE('',*,*,#5826,.T.);
#4249=ORIENTED_EDGE('',*,*,#5823,.T.);
#4250=ORIENTED_EDGE('',*,*,#5820,.T.);
#4251=ORIENTED_EDGE('',*,*,#5817,.T.);
#4252=ORIENTED_EDGE('',*,*,#5814,.T.);
#4253=ORIENTED_EDGE('',*,*,#5811,.T.);
#4254=ORIENTED_EDGE('',*,*,#5808,.T.);
#4255=ORIENTED_EDGE('',*,*,#5805,.T.);
#4256=ORIENTED_EDGE('',*,*,#5802,.T.);
#4257=ORIENTED_EDGE('',*,*,#5799,.T.);
#4258=ORIENTED_EDGE('',*,*,#5796,.T.);
#4259=ORIENTED_EDGE('',*,*,#5793,.T.);
#4260=ORIENTED_EDGE('',*,*,#5790,.T.);
#4261=ORIENTED_EDGE('',*,*,#5787,.T.);
#4262=ORIENTED_EDGE('',*,*,#5784,.T.);
#4263=ORIENTED_EDGE('',*,*,#5781,.T.);
#4264=ORIENTED_EDGE('',*,*,#5778,.T.);
#4265=ORIENTED_EDGE('',*,*,#5775,.T.);
#4266=ORIENTED_EDGE('',*,*,#5772,.T.);
#4267=ORIENTED_EDGE('',*,*,#6417,.T.);
#4268=ORIENTED_EDGE('',*,*,#5589,.T.);
#4269=ORIENTED_EDGE('',*,*,#6418,.T.);
#4270=ORIENTED_EDGE('',*,*,#6419,.T.);
#4271=ORIENTED_EDGE('',*,*,#6420,.T.);
#4272=ORIENTED_EDGE('',*,*,#6421,.F.);
#4273=ORIENTED_EDGE('',*,*,#6422,.F.);
#4274=ORIENTED_EDGE('',*,*,#6421,.T.);
#4275=ORIENTED_EDGE('',*,*,#6423,.T.);
#4276=ORIENTED_EDGE('',*,*,#6424,.F.);
#4277=ORIENTED_EDGE('',*,*,#6425,.F.);
#4278=ORIENTED_EDGE('',*,*,#6424,.T.);
#4279=ORIENTED_EDGE('',*,*,#6426,.T.);
#4280=ORIENTED_EDGE('',*,*,#6427,.F.);
#4281=ORIENTED_EDGE('',*,*,#6428,.F.);
#4282=ORIENTED_EDGE('',*,*,#6427,.T.);
#4283=ORIENTED_EDGE('',*,*,#6429,.T.);
#4284=ORIENTED_EDGE('',*,*,#6430,.F.);
#4285=ORIENTED_EDGE('',*,*,#6431,.F.);
#4286=ORIENTED_EDGE('',*,*,#6430,.T.);
#4287=ORIENTED_EDGE('',*,*,#6432,.T.);
#4288=ORIENTED_EDGE('',*,*,#6433,.F.);
#4289=ORIENTED_EDGE('',*,*,#6434,.F.);
#4290=ORIENTED_EDGE('',*,*,#6433,.T.);
#4291=ORIENTED_EDGE('',*,*,#6435,.T.);
#4292=ORIENTED_EDGE('',*,*,#6436,.F.);
#4293=ORIENTED_EDGE('',*,*,#6437,.F.);
#4294=ORIENTED_EDGE('',*,*,#6436,.T.);
#4295=ORIENTED_EDGE('',*,*,#6438,.T.);
#4296=ORIENTED_EDGE('',*,*,#6439,.F.);
#4297=ORIENTED_EDGE('',*,*,#6440,.F.);
#4298=ORIENTED_EDGE('',*,*,#6439,.T.);
#4299=ORIENTED_EDGE('',*,*,#6441,.T.);
#4300=ORIENTED_EDGE('',*,*,#6442,.F.);
#4301=ORIENTED_EDGE('',*,*,#6443,.F.);
#4302=ORIENTED_EDGE('',*,*,#6442,.T.);
#4303=ORIENTED_EDGE('',*,*,#6444,.T.);
#4304=ORIENTED_EDGE('',*,*,#6445,.F.);
#4305=ORIENTED_EDGE('',*,*,#6446,.F.);
#4306=ORIENTED_EDGE('',*,*,#6445,.T.);
#4307=ORIENTED_EDGE('',*,*,#6447,.T.);
#4308=ORIENTED_EDGE('',*,*,#6448,.F.);
#4309=ORIENTED_EDGE('',*,*,#6449,.F.);
#4310=ORIENTED_EDGE('',*,*,#6448,.T.);
#4311=ORIENTED_EDGE('',*,*,#6450,.T.);
#4312=ORIENTED_EDGE('',*,*,#6451,.F.);
#4313=ORIENTED_EDGE('',*,*,#6452,.F.);
#4314=ORIENTED_EDGE('',*,*,#6451,.T.);
#4315=ORIENTED_EDGE('',*,*,#6453,.T.);
#4316=ORIENTED_EDGE('',*,*,#6454,.F.);
#4317=ORIENTED_EDGE('',*,*,#6455,.F.);
#4318=ORIENTED_EDGE('',*,*,#6454,.T.);
#4319=ORIENTED_EDGE('',*,*,#6456,.T.);
#4320=ORIENTED_EDGE('',*,*,#6457,.F.);
#4321=ORIENTED_EDGE('',*,*,#6458,.F.);
#4322=ORIENTED_EDGE('',*,*,#6457,.T.);
#4323=ORIENTED_EDGE('',*,*,#6459,.T.);
#4324=ORIENTED_EDGE('',*,*,#6460,.F.);
#4325=ORIENTED_EDGE('',*,*,#6461,.F.);
#4326=ORIENTED_EDGE('',*,*,#6460,.T.);
#4327=ORIENTED_EDGE('',*,*,#6462,.T.);
#4328=ORIENTED_EDGE('',*,*,#6463,.F.);
#4329=ORIENTED_EDGE('',*,*,#6464,.F.);
#4330=ORIENTED_EDGE('',*,*,#6463,.T.);
#4331=ORIENTED_EDGE('',*,*,#6465,.T.);
#4332=ORIENTED_EDGE('',*,*,#6466,.F.);
#4333=ORIENTED_EDGE('',*,*,#6467,.F.);
#4334=ORIENTED_EDGE('',*,*,#6466,.T.);
#4335=ORIENTED_EDGE('',*,*,#6468,.T.);
#4336=ORIENTED_EDGE('',*,*,#6469,.F.);
#4337=ORIENTED_EDGE('',*,*,#6470,.F.);
#4338=ORIENTED_EDGE('',*,*,#6469,.T.);
#4339=ORIENTED_EDGE('',*,*,#6471,.T.);
#4340=ORIENTED_EDGE('',*,*,#6472,.F.);
#4341=ORIENTED_EDGE('',*,*,#6473,.F.);
#4342=ORIENTED_EDGE('',*,*,#6231,.T.);
#4343=ORIENTED_EDGE('',*,*,#6474,.F.);
#4344=ORIENTED_EDGE('',*,*,#6475,.F.);
#4345=ORIENTED_EDGE('',*,*,#6476,.T.);
#4346=ORIENTED_EDGE('',*,*,#6230,.T.);
#4347=ORIENTED_EDGE('',*,*,#6477,.F.);
#4348=ORIENTED_EDGE('',*,*,#6478,.F.);
#4349=ORIENTED_EDGE('',*,*,#6474,.T.);
#4350=ORIENTED_EDGE('',*,*,#6477,.T.);
#4351=ORIENTED_EDGE('',*,*,#6229,.T.);
#4352=ORIENTED_EDGE('',*,*,#6479,.F.);
#4353=ORIENTED_EDGE('',*,*,#6480,.T.);
#4354=ORIENTED_EDGE('',*,*,#6479,.T.);
#4355=ORIENTED_EDGE('',*,*,#6228,.T.);
#4356=ORIENTED_EDGE('',*,*,#6481,.F.);
#4357=ORIENTED_EDGE('',*,*,#6482,.T.);
#4358=ORIENTED_EDGE('',*,*,#6227,.T.);
#4359=ORIENTED_EDGE('',*,*,#6483,.F.);
#4360=ORIENTED_EDGE('',*,*,#6484,.F.);
#4361=ORIENTED_EDGE('',*,*,#6481,.T.);
#4362=ORIENTED_EDGE('',*,*,#6226,.T.);
#4363=ORIENTED_EDGE('',*,*,#6485,.F.);
#4364=ORIENTED_EDGE('',*,*,#6486,.F.);
#4365=ORIENTED_EDGE('',*,*,#6483,.T.);
#4366=ORIENTED_EDGE('',*,*,#6225,.T.);
#4367=ORIENTED_EDGE('',*,*,#6487,.F.);
#4368=ORIENTED_EDGE('',*,*,#6488,.F.);
#4369=ORIENTED_EDGE('',*,*,#6485,.T.);
#4370=ORIENTED_EDGE('',*,*,#6224,.T.);
#4371=ORIENTED_EDGE('',*,*,#6489,.F.);
#4372=ORIENTED_EDGE('',*,*,#6490,.F.);
#4373=ORIENTED_EDGE('',*,*,#6487,.T.);
#4374=ORIENTED_EDGE('',*,*,#6223,.T.);
#4375=ORIENTED_EDGE('',*,*,#6491,.F.);
#4376=ORIENTED_EDGE('',*,*,#6492,.F.);
#4377=ORIENTED_EDGE('',*,*,#6489,.T.);
#4378=ORIENTED_EDGE('',*,*,#6245,.T.);
#4379=ORIENTED_EDGE('',*,*,#6493,.F.);
#4380=ORIENTED_EDGE('',*,*,#6494,.F.);
#4381=ORIENTED_EDGE('',*,*,#6491,.T.);
#4382=ORIENTED_EDGE('',*,*,#6244,.T.);
#4383=ORIENTED_EDGE('',*,*,#6495,.F.);
#4384=ORIENTED_EDGE('',*,*,#6496,.F.);
#4385=ORIENTED_EDGE('',*,*,#6493,.T.);
#4386=ORIENTED_EDGE('',*,*,#6243,.T.);
#4387=ORIENTED_EDGE('',*,*,#6497,.F.);
#4388=ORIENTED_EDGE('',*,*,#6498,.F.);
#4389=ORIENTED_EDGE('',*,*,#6495,.T.);
#4390=ORIENTED_EDGE('',*,*,#6242,.T.);
#4391=ORIENTED_EDGE('',*,*,#6499,.F.);
#4392=ORIENTED_EDGE('',*,*,#6500,.F.);
#4393=ORIENTED_EDGE('',*,*,#6497,.T.);
#4394=ORIENTED_EDGE('',*,*,#6241,.T.);
#4395=ORIENTED_EDGE('',*,*,#6501,.F.);
#4396=ORIENTED_EDGE('',*,*,#6502,.F.);
#4397=ORIENTED_EDGE('',*,*,#6499,.T.);
#4398=ORIENTED_EDGE('',*,*,#6240,.T.);
#4399=ORIENTED_EDGE('',*,*,#6503,.F.);
#4400=ORIENTED_EDGE('',*,*,#6504,.F.);
#4401=ORIENTED_EDGE('',*,*,#6501,.T.);
#4402=ORIENTED_EDGE('',*,*,#6239,.T.);
#4403=ORIENTED_EDGE('',*,*,#6505,.F.);
#4404=ORIENTED_EDGE('',*,*,#6506,.F.);
#4405=ORIENTED_EDGE('',*,*,#6503,.T.);
#4406=ORIENTED_EDGE('',*,*,#6238,.T.);
#4407=ORIENTED_EDGE('',*,*,#6507,.F.);
#4408=ORIENTED_EDGE('',*,*,#6508,.F.);
#4409=ORIENTED_EDGE('',*,*,#6505,.T.);
#4410=ORIENTED_EDGE('',*,*,#6237,.T.);
#4411=ORIENTED_EDGE('',*,*,#6509,.F.);
#4412=ORIENTED_EDGE('',*,*,#6510,.F.);
#4413=ORIENTED_EDGE('',*,*,#6507,.T.);
#4414=ORIENTED_EDGE('',*,*,#6236,.T.);
#4415=ORIENTED_EDGE('',*,*,#6511,.F.);
#4416=ORIENTED_EDGE('',*,*,#6512,.F.);
#4417=ORIENTED_EDGE('',*,*,#6509,.T.);
#4418=ORIENTED_EDGE('',*,*,#6235,.T.);
#4419=ORIENTED_EDGE('',*,*,#6513,.F.);
#4420=ORIENTED_EDGE('',*,*,#6514,.F.);
#4421=ORIENTED_EDGE('',*,*,#6511,.T.);
#4422=ORIENTED_EDGE('',*,*,#6234,.T.);
#4423=ORIENTED_EDGE('',*,*,#6515,.F.);
#4424=ORIENTED_EDGE('',*,*,#6516,.F.);
#4425=ORIENTED_EDGE('',*,*,#6513,.T.);
#4426=ORIENTED_EDGE('',*,*,#6233,.T.);
#4427=ORIENTED_EDGE('',*,*,#6517,.F.);
#4428=ORIENTED_EDGE('',*,*,#6518,.F.);
#4429=ORIENTED_EDGE('',*,*,#6515,.T.);
#4430=ORIENTED_EDGE('',*,*,#6232,.T.);
#4431=ORIENTED_EDGE('',*,*,#6476,.F.);
#4432=ORIENTED_EDGE('',*,*,#6519,.F.);
#4433=ORIENTED_EDGE('',*,*,#6517,.T.);
#4434=ORIENTED_EDGE('',*,*,#6472,.T.);
#4435=ORIENTED_EDGE('',*,*,#6520,.T.);
#4436=ORIENTED_EDGE('',*,*,#6419,.F.);
#4437=ORIENTED_EDGE('',*,*,#6521,.F.);
#4438=ORIENTED_EDGE('',*,*,#6475,.T.);
#4439=ORIENTED_EDGE('',*,*,#6478,.T.);
#4440=ORIENTED_EDGE('',*,*,#6480,.F.);
#4441=ORIENTED_EDGE('',*,*,#6482,.F.);
#4442=ORIENTED_EDGE('',*,*,#6484,.T.);
#4443=ORIENTED_EDGE('',*,*,#6486,.T.);
#4444=ORIENTED_EDGE('',*,*,#6488,.T.);
#4445=ORIENTED_EDGE('',*,*,#6490,.T.);
#4446=ORIENTED_EDGE('',*,*,#6492,.T.);
#4447=ORIENTED_EDGE('',*,*,#6494,.T.);
#4448=ORIENTED_EDGE('',*,*,#6496,.T.);
#4449=ORIENTED_EDGE('',*,*,#6498,.T.);
#4450=ORIENTED_EDGE('',*,*,#6500,.T.);
#4451=ORIENTED_EDGE('',*,*,#6502,.T.);
#4452=ORIENTED_EDGE('',*,*,#6504,.T.);
#4453=ORIENTED_EDGE('',*,*,#6506,.T.);
#4454=ORIENTED_EDGE('',*,*,#6508,.T.);
#4455=ORIENTED_EDGE('',*,*,#6510,.T.);
#4456=ORIENTED_EDGE('',*,*,#6512,.T.);
#4457=ORIENTED_EDGE('',*,*,#6514,.T.);
#4458=ORIENTED_EDGE('',*,*,#6516,.T.);
#4459=ORIENTED_EDGE('',*,*,#6518,.T.);
#4460=ORIENTED_EDGE('',*,*,#6519,.T.);
#4461=ORIENTED_EDGE('',*,*,#6422,.T.);
#4462=ORIENTED_EDGE('',*,*,#6425,.T.);
#4463=ORIENTED_EDGE('',*,*,#6428,.T.);
#4464=ORIENTED_EDGE('',*,*,#6431,.T.);
#4465=ORIENTED_EDGE('',*,*,#6434,.T.);
#4466=ORIENTED_EDGE('',*,*,#6437,.T.);
#4467=ORIENTED_EDGE('',*,*,#6440,.T.);
#4468=ORIENTED_EDGE('',*,*,#6443,.T.);
#4469=ORIENTED_EDGE('',*,*,#6446,.T.);
#4470=ORIENTED_EDGE('',*,*,#6449,.T.);
#4471=ORIENTED_EDGE('',*,*,#6452,.T.);
#4472=ORIENTED_EDGE('',*,*,#6455,.T.);
#4473=ORIENTED_EDGE('',*,*,#6458,.T.);
#4474=ORIENTED_EDGE('',*,*,#6461,.T.);
#4475=ORIENTED_EDGE('',*,*,#6464,.T.);
#4476=ORIENTED_EDGE('',*,*,#6467,.T.);
#4477=ORIENTED_EDGE('',*,*,#6470,.T.);
#4478=ORIENTED_EDGE('',*,*,#6473,.T.);
#4479=ORIENTED_EDGE('',*,*,#6521,.T.);
#4480=ORIENTED_EDGE('',*,*,#6522,.T.);
#4481=ORIENTED_EDGE('',*,*,#6296,.T.);
#4482=ORIENTED_EDGE('',*,*,#6523,.F.);
#4483=ORIENTED_EDGE('',*,*,#6524,.F.);
#4484=ORIENTED_EDGE('',*,*,#6292,.T.);
#4485=ORIENTED_EDGE('',*,*,#6525,.F.);
#4486=ORIENTED_EDGE('',*,*,#6526,.F.);
#4487=ORIENTED_EDGE('',*,*,#6527,.T.);
#4488=ORIENTED_EDGE('',*,*,#6291,.T.);
#4489=ORIENTED_EDGE('',*,*,#6528,.F.);
#4490=ORIENTED_EDGE('',*,*,#6529,.F.);
#4491=ORIENTED_EDGE('',*,*,#6525,.T.);
#4492=ORIENTED_EDGE('',*,*,#6313,.T.);
#4493=ORIENTED_EDGE('',*,*,#6530,.F.);
#4494=ORIENTED_EDGE('',*,*,#6531,.F.);
#4495=ORIENTED_EDGE('',*,*,#6528,.T.);
#4496=ORIENTED_EDGE('',*,*,#6312,.T.);
#4497=ORIENTED_EDGE('',*,*,#6532,.F.);
#4498=ORIENTED_EDGE('',*,*,#6533,.F.);
#4499=ORIENTED_EDGE('',*,*,#6530,.T.);
#4500=ORIENTED_EDGE('',*,*,#6311,.T.);
#4501=ORIENTED_EDGE('',*,*,#6534,.F.);
#4502=ORIENTED_EDGE('',*,*,#6535,.F.);
#4503=ORIENTED_EDGE('',*,*,#6532,.T.);
#4504=ORIENTED_EDGE('',*,*,#6310,.T.);
#4505=ORIENTED_EDGE('',*,*,#6536,.F.);
#4506=ORIENTED_EDGE('',*,*,#6537,.F.);
#4507=ORIENTED_EDGE('',*,*,#6534,.T.);
#4508=ORIENTED_EDGE('',*,*,#6309,.T.);
#4509=ORIENTED_EDGE('',*,*,#6538,.F.);
#4510=ORIENTED_EDGE('',*,*,#6539,.F.);
#4511=ORIENTED_EDGE('',*,*,#6536,.T.);
#4512=ORIENTED_EDGE('',*,*,#6308,.T.);
#4513=ORIENTED_EDGE('',*,*,#6540,.F.);
#4514=ORIENTED_EDGE('',*,*,#6541,.F.);
#4515=ORIENTED_EDGE('',*,*,#6538,.T.);
#4516=ORIENTED_EDGE('',*,*,#6307,.T.);
#4517=ORIENTED_EDGE('',*,*,#6542,.F.);
#4518=ORIENTED_EDGE('',*,*,#6543,.F.);
#4519=ORIENTED_EDGE('',*,*,#6540,.T.);
#4520=ORIENTED_EDGE('',*,*,#6306,.T.);
#4521=ORIENTED_EDGE('',*,*,#6544,.F.);
#4522=ORIENTED_EDGE('',*,*,#6545,.F.);
#4523=ORIENTED_EDGE('',*,*,#6542,.T.);
#4524=ORIENTED_EDGE('',*,*,#6305,.T.);
#4525=ORIENTED_EDGE('',*,*,#6546,.F.);
#4526=ORIENTED_EDGE('',*,*,#6547,.F.);
#4527=ORIENTED_EDGE('',*,*,#6544,.T.);
#4528=ORIENTED_EDGE('',*,*,#6304,.T.);
#4529=ORIENTED_EDGE('',*,*,#6548,.F.);
#4530=ORIENTED_EDGE('',*,*,#6549,.F.);
#4531=ORIENTED_EDGE('',*,*,#6546,.T.);
#4532=ORIENTED_EDGE('',*,*,#6303,.T.);
#4533=ORIENTED_EDGE('',*,*,#6550,.F.);
#4534=ORIENTED_EDGE('',*,*,#6551,.F.);
#4535=ORIENTED_EDGE('',*,*,#6548,.T.);
#4536=ORIENTED_EDGE('',*,*,#6302,.T.);
#4537=ORIENTED_EDGE('',*,*,#6552,.F.);
#4538=ORIENTED_EDGE('',*,*,#6553,.F.);
#4539=ORIENTED_EDGE('',*,*,#6550,.T.);
#4540=ORIENTED_EDGE('',*,*,#6301,.T.);
#4541=ORIENTED_EDGE('',*,*,#6554,.F.);
#4542=ORIENTED_EDGE('',*,*,#6555,.F.);
#4543=ORIENTED_EDGE('',*,*,#6552,.T.);
#4544=ORIENTED_EDGE('',*,*,#6300,.T.);
#4545=ORIENTED_EDGE('',*,*,#6556,.F.);
#4546=ORIENTED_EDGE('',*,*,#6557,.F.);
#4547=ORIENTED_EDGE('',*,*,#6554,.T.);
#4548=ORIENTED_EDGE('',*,*,#6299,.T.);
#4549=ORIENTED_EDGE('',*,*,#6558,.F.);
#4550=ORIENTED_EDGE('',*,*,#6559,.F.);
#4551=ORIENTED_EDGE('',*,*,#6556,.T.);
#4552=ORIENTED_EDGE('',*,*,#6298,.T.);
#4553=ORIENTED_EDGE('',*,*,#6560,.F.);
#4554=ORIENTED_EDGE('',*,*,#6561,.F.);
#4555=ORIENTED_EDGE('',*,*,#6558,.T.);
#4556=ORIENTED_EDGE('',*,*,#6297,.T.);
#4557=ORIENTED_EDGE('',*,*,#6522,.F.);
#4558=ORIENTED_EDGE('',*,*,#6562,.F.);
#4559=ORIENTED_EDGE('',*,*,#6560,.T.);
#4560=ORIENTED_EDGE('',*,*,#6295,.T.);
#4561=ORIENTED_EDGE('',*,*,#6563,.F.);
#4562=ORIENTED_EDGE('',*,*,#6564,.F.);
#4563=ORIENTED_EDGE('',*,*,#6523,.T.);
#4564=ORIENTED_EDGE('',*,*,#6294,.T.);
#4565=ORIENTED_EDGE('',*,*,#6565,.F.);
#4566=ORIENTED_EDGE('',*,*,#6566,.F.);
#4567=ORIENTED_EDGE('',*,*,#6563,.T.);
#4568=ORIENTED_EDGE('',*,*,#6567,.T.);
#4569=ORIENTED_EDGE('',*,*,#6568,.T.);
#4570=ORIENTED_EDGE('',*,*,#6569,.F.);
#4571=ORIENTED_EDGE('',*,*,#6570,.F.);
#4572=ORIENTED_EDGE('',*,*,#6569,.T.);
#4573=ORIENTED_EDGE('',*,*,#6571,.T.);
#4574=ORIENTED_EDGE('',*,*,#5566,.F.);
#4575=ORIENTED_EDGE('',*,*,#6572,.F.);
#4576=ORIENTED_EDGE('',*,*,#5571,.T.);
#4577=ORIENTED_EDGE('',*,*,#6573,.T.);
#4578=ORIENTED_EDGE('',*,*,#6574,.F.);
#4579=ORIENTED_EDGE('',*,*,#6575,.F.);
#4580=ORIENTED_EDGE('',*,*,#6574,.T.);
#4581=ORIENTED_EDGE('',*,*,#6576,.T.);
#4582=ORIENTED_EDGE('',*,*,#6577,.F.);
#4583=ORIENTED_EDGE('',*,*,#6578,.F.);
#4584=ORIENTED_EDGE('',*,*,#6577,.T.);
#4585=ORIENTED_EDGE('',*,*,#6579,.T.);
#4586=ORIENTED_EDGE('',*,*,#6580,.F.);
#4587=ORIENTED_EDGE('',*,*,#6581,.F.);
#4588=ORIENTED_EDGE('',*,*,#6580,.T.);
#4589=ORIENTED_EDGE('',*,*,#6582,.T.);
#4590=ORIENTED_EDGE('',*,*,#6583,.F.);
#4591=ORIENTED_EDGE('',*,*,#6584,.F.);
#4592=ORIENTED_EDGE('',*,*,#6583,.T.);
#4593=ORIENTED_EDGE('',*,*,#6585,.T.);
#4594=ORIENTED_EDGE('',*,*,#6586,.F.);
#4595=ORIENTED_EDGE('',*,*,#6587,.F.);
#4596=ORIENTED_EDGE('',*,*,#6586,.T.);
#4597=ORIENTED_EDGE('',*,*,#6588,.T.);
#4598=ORIENTED_EDGE('',*,*,#6589,.F.);
#4599=ORIENTED_EDGE('',*,*,#6590,.F.);
#4600=ORIENTED_EDGE('',*,*,#6589,.T.);
#4601=ORIENTED_EDGE('',*,*,#6591,.T.);
#4602=ORIENTED_EDGE('',*,*,#6592,.F.);
#4603=ORIENTED_EDGE('',*,*,#6593,.F.);
#4604=ORIENTED_EDGE('',*,*,#6592,.T.);
#4605=ORIENTED_EDGE('',*,*,#6594,.T.);
#4606=ORIENTED_EDGE('',*,*,#6595,.F.);
#4607=ORIENTED_EDGE('',*,*,#6596,.F.);
#4608=ORIENTED_EDGE('',*,*,#6595,.T.);
#4609=ORIENTED_EDGE('',*,*,#6597,.T.);
#4610=ORIENTED_EDGE('',*,*,#6598,.F.);
#4611=ORIENTED_EDGE('',*,*,#6599,.F.);
#4612=ORIENTED_EDGE('',*,*,#6598,.T.);
#4613=ORIENTED_EDGE('',*,*,#6600,.T.);
#4614=ORIENTED_EDGE('',*,*,#6601,.F.);
#4615=ORIENTED_EDGE('',*,*,#6602,.F.);
#4616=ORIENTED_EDGE('',*,*,#6601,.T.);
#4617=ORIENTED_EDGE('',*,*,#6603,.T.);
#4618=ORIENTED_EDGE('',*,*,#6604,.F.);
#4619=ORIENTED_EDGE('',*,*,#6605,.F.);
#4620=ORIENTED_EDGE('',*,*,#6604,.T.);
#4621=ORIENTED_EDGE('',*,*,#6606,.T.);
#4622=ORIENTED_EDGE('',*,*,#6607,.F.);
#4623=ORIENTED_EDGE('',*,*,#6608,.F.);
#4624=ORIENTED_EDGE('',*,*,#6607,.T.);
#4625=ORIENTED_EDGE('',*,*,#6609,.T.);
#4626=ORIENTED_EDGE('',*,*,#6610,.F.);
#4627=ORIENTED_EDGE('',*,*,#6611,.F.);
#4628=ORIENTED_EDGE('',*,*,#6610,.T.);
#4629=ORIENTED_EDGE('',*,*,#6612,.T.);
#4630=ORIENTED_EDGE('',*,*,#6613,.F.);
#4631=ORIENTED_EDGE('',*,*,#6614,.F.);
#4632=ORIENTED_EDGE('',*,*,#6613,.T.);
#4633=ORIENTED_EDGE('',*,*,#6615,.T.);
#4634=ORIENTED_EDGE('',*,*,#6567,.F.);
#4635=ORIENTED_EDGE('',*,*,#6616,.F.);
#4636=ORIENTED_EDGE('',*,*,#6293,.T.);
#4637=ORIENTED_EDGE('',*,*,#6527,.F.);
#4638=ORIENTED_EDGE('',*,*,#6617,.F.);
#4639=ORIENTED_EDGE('',*,*,#6565,.T.);
#4640=ORIENTED_EDGE('',*,*,#6570,.T.);
#4641=ORIENTED_EDGE('',*,*,#6572,.T.);
#4642=ORIENTED_EDGE('',*,*,#5569,.F.);
#4643=ORIENTED_EDGE('',*,*,#5572,.F.);
#4644=ORIENTED_EDGE('',*,*,#6575,.T.);
#4645=ORIENTED_EDGE('',*,*,#6578,.T.);
#4646=ORIENTED_EDGE('',*,*,#6581,.T.);
#4647=ORIENTED_EDGE('',*,*,#6584,.T.);
#4648=ORIENTED_EDGE('',*,*,#6587,.T.);
#4649=ORIENTED_EDGE('',*,*,#6590,.T.);
#4650=ORIENTED_EDGE('',*,*,#6593,.T.);
#4651=ORIENTED_EDGE('',*,*,#6596,.T.);
#4652=ORIENTED_EDGE('',*,*,#6599,.T.);
#4653=ORIENTED_EDGE('',*,*,#6602,.T.);
#4654=ORIENTED_EDGE('',*,*,#6605,.T.);
#4655=ORIENTED_EDGE('',*,*,#6608,.T.);
#4656=ORIENTED_EDGE('',*,*,#6611,.T.);
#4657=ORIENTED_EDGE('',*,*,#6614,.T.);
#4658=ORIENTED_EDGE('',*,*,#6616,.T.);
#4659=ORIENTED_EDGE('',*,*,#6526,.T.);
#4660=ORIENTED_EDGE('',*,*,#6529,.T.);
#4661=ORIENTED_EDGE('',*,*,#6531,.T.);
#4662=ORIENTED_EDGE('',*,*,#6533,.T.);
#4663=ORIENTED_EDGE('',*,*,#6535,.T.);
#4664=ORIENTED_EDGE('',*,*,#6537,.T.);
#4665=ORIENTED_EDGE('',*,*,#6539,.T.);
#4666=ORIENTED_EDGE('',*,*,#6541,.T.);
#4667=ORIENTED_EDGE('',*,*,#6543,.T.);
#4668=ORIENTED_EDGE('',*,*,#6545,.T.);
#4669=ORIENTED_EDGE('',*,*,#6547,.T.);
#4670=ORIENTED_EDGE('',*,*,#6549,.T.);
#4671=ORIENTED_EDGE('',*,*,#6551,.T.);
#4672=ORIENTED_EDGE('',*,*,#6553,.T.);
#4673=ORIENTED_EDGE('',*,*,#6555,.T.);
#4674=ORIENTED_EDGE('',*,*,#6557,.T.);
#4675=ORIENTED_EDGE('',*,*,#6559,.T.);
#4676=ORIENTED_EDGE('',*,*,#6561,.T.);
#4677=ORIENTED_EDGE('',*,*,#6562,.T.);
#4678=ORIENTED_EDGE('',*,*,#6524,.T.);
#4679=ORIENTED_EDGE('',*,*,#6564,.T.);
#4680=ORIENTED_EDGE('',*,*,#6566,.T.);
#4681=ORIENTED_EDGE('',*,*,#6617,.T.);
#4682=ORIENTED_EDGE('',*,*,#6618,.F.);
#4683=ORIENTED_EDGE('',*,*,#6619,.F.);
#4684=ORIENTED_EDGE('',*,*,#6620,.F.);
#4685=ORIENTED_EDGE('',*,*,#6621,.F.);
#4686=ORIENTED_EDGE('',*,*,#6622,.F.);
#4687=ORIENTED_EDGE('',*,*,#6623,.F.);
#4688=ORIENTED_EDGE('',*,*,#6624,.F.);
#4689=ORIENTED_EDGE('',*,*,#6625,.F.);
#4690=ORIENTED_EDGE('',*,*,#6626,.F.);
#4691=ORIENTED_EDGE('',*,*,#6627,.F.);
#4692=ORIENTED_EDGE('',*,*,#6628,.F.);
#4693=ORIENTED_EDGE('',*,*,#6629,.F.);
#4694=ORIENTED_EDGE('',*,*,#6630,.F.);
#4695=ORIENTED_EDGE('',*,*,#6631,.F.);
#4696=ORIENTED_EDGE('',*,*,#6632,.F.);
#4697=ORIENTED_EDGE('',*,*,#6633,.F.);
#4698=ORIENTED_EDGE('',*,*,#6634,.T.);
#4699=ORIENTED_EDGE('',*,*,#6401,.F.);
#4700=ORIENTED_EDGE('',*,*,#6635,.F.);
#4701=ORIENTED_EDGE('',*,*,#6633,.T.);
#4702=ORIENTED_EDGE('',*,*,#6636,.T.);
#4703=ORIENTED_EDGE('',*,*,#6402,.F.);
#4704=ORIENTED_EDGE('',*,*,#6634,.F.);
#4705=ORIENTED_EDGE('',*,*,#6632,.T.);
#4706=ORIENTED_EDGE('',*,*,#6637,.T.);
#4707=ORIENTED_EDGE('',*,*,#6403,.F.);
#4708=ORIENTED_EDGE('',*,*,#6636,.F.);
#4709=ORIENTED_EDGE('',*,*,#6631,.T.);
#4710=ORIENTED_EDGE('',*,*,#6638,.T.);
#4711=ORIENTED_EDGE('',*,*,#6404,.F.);
#4712=ORIENTED_EDGE('',*,*,#6637,.F.);
#4713=ORIENTED_EDGE('',*,*,#6630,.T.);
#4714=ORIENTED_EDGE('',*,*,#6639,.T.);
#4715=ORIENTED_EDGE('',*,*,#6405,.F.);
#4716=ORIENTED_EDGE('',*,*,#6638,.F.);
#4717=ORIENTED_EDGE('',*,*,#6629,.T.);
#4718=ORIENTED_EDGE('',*,*,#6640,.T.);
#4719=ORIENTED_EDGE('',*,*,#6406,.F.);
#4720=ORIENTED_EDGE('',*,*,#6639,.F.);
#4721=ORIENTED_EDGE('',*,*,#6628,.T.);
#4722=ORIENTED_EDGE('',*,*,#6641,.T.);
#4723=ORIENTED_EDGE('',*,*,#6407,.F.);
#4724=ORIENTED_EDGE('',*,*,#6640,.F.);
#4725=ORIENTED_EDGE('',*,*,#6627,.T.);
#4726=ORIENTED_EDGE('',*,*,#6642,.T.);
#4727=ORIENTED_EDGE('',*,*,#6408,.F.);
#4728=ORIENTED_EDGE('',*,*,#6641,.F.);
#4729=ORIENTED_EDGE('',*,*,#6626,.T.);
#4730=ORIENTED_EDGE('',*,*,#6643,.T.);
#4731=ORIENTED_EDGE('',*,*,#6409,.F.);
#4732=ORIENTED_EDGE('',*,*,#6642,.F.);
#4733=ORIENTED_EDGE('',*,*,#6625,.T.);
#4734=ORIENTED_EDGE('',*,*,#6644,.T.);
#4735=ORIENTED_EDGE('',*,*,#6410,.F.);
#4736=ORIENTED_EDGE('',*,*,#6643,.F.);
#4737=ORIENTED_EDGE('',*,*,#6624,.T.);
#4738=ORIENTED_EDGE('',*,*,#6645,.T.);
#4739=ORIENTED_EDGE('',*,*,#6411,.F.);
#4740=ORIENTED_EDGE('',*,*,#6644,.F.);
#4741=ORIENTED_EDGE('',*,*,#6623,.T.);
#4742=ORIENTED_EDGE('',*,*,#6646,.T.);
#4743=ORIENTED_EDGE('',*,*,#6412,.F.);
#4744=ORIENTED_EDGE('',*,*,#6645,.F.);
#4745=ORIENTED_EDGE('',*,*,#6622,.T.);
#4746=ORIENTED_EDGE('',*,*,#6647,.T.);
#4747=ORIENTED_EDGE('',*,*,#6413,.F.);
#4748=ORIENTED_EDGE('',*,*,#6646,.F.);
#4749=ORIENTED_EDGE('',*,*,#6621,.T.);
#4750=ORIENTED_EDGE('',*,*,#6648,.T.);
#4751=ORIENTED_EDGE('',*,*,#6414,.F.);
#4752=ORIENTED_EDGE('',*,*,#6647,.F.);
#4753=ORIENTED_EDGE('',*,*,#6620,.T.);
#4754=ORIENTED_EDGE('',*,*,#6649,.T.);
#4755=ORIENTED_EDGE('',*,*,#6399,.F.);
#4756=ORIENTED_EDGE('',*,*,#6648,.F.);
#4757=ORIENTED_EDGE('',*,*,#6619,.T.);
#4758=ORIENTED_EDGE('',*,*,#6635,.T.);
#4759=ORIENTED_EDGE('',*,*,#6400,.F.);
#4760=ORIENTED_EDGE('',*,*,#6649,.F.);
#4761=ORIENTED_EDGE('',*,*,#6618,.T.);
#4762=ORIENTED_EDGE('',*,*,#6650,.F.);
#4763=ORIENTED_EDGE('',*,*,#6651,.F.);
#4764=ORIENTED_EDGE('',*,*,#6652,.F.);
#4765=ORIENTED_EDGE('',*,*,#6653,.F.);
#4766=ORIENTED_EDGE('',*,*,#6654,.F.);
#4767=ORIENTED_EDGE('',*,*,#6655,.F.);
#4768=ORIENTED_EDGE('',*,*,#6656,.F.);
#4769=ORIENTED_EDGE('',*,*,#6657,.F.);
#4770=ORIENTED_EDGE('',*,*,#6658,.F.);
#4771=ORIENTED_EDGE('',*,*,#6659,.F.);
#4772=ORIENTED_EDGE('',*,*,#6660,.F.);
#4773=ORIENTED_EDGE('',*,*,#6661,.F.);
#4774=ORIENTED_EDGE('',*,*,#6662,.F.);
#4775=ORIENTED_EDGE('',*,*,#6663,.F.);
#4776=ORIENTED_EDGE('',*,*,#6664,.F.);
#4777=ORIENTED_EDGE('',*,*,#6665,.F.);
#4778=ORIENTED_EDGE('',*,*,#6666,.F.);
#4779=ORIENTED_EDGE('',*,*,#6667,.F.);
#4780=ORIENTED_EDGE('',*,*,#6668,.F.);
#4781=ORIENTED_EDGE('',*,*,#6669,.F.);
#4782=ORIENTED_EDGE('',*,*,#6670,.F.);
#4783=ORIENTED_EDGE('',*,*,#6671,.F.);
#4784=ORIENTED_EDGE('',*,*,#6672,.F.);
#4785=ORIENTED_EDGE('',*,*,#6673,.F.);
#4786=ORIENTED_EDGE('',*,*,#6674,.F.);
#4787=ORIENTED_EDGE('',*,*,#6675,.F.);
#4788=ORIENTED_EDGE('',*,*,#6676,.T.);
#4789=ORIENTED_EDGE('',*,*,#6375,.F.);
#4790=ORIENTED_EDGE('',*,*,#6677,.F.);
#4791=ORIENTED_EDGE('',*,*,#6675,.T.);
#4792=ORIENTED_EDGE('',*,*,#6678,.T.);
#4793=ORIENTED_EDGE('',*,*,#6376,.F.);
#4794=ORIENTED_EDGE('',*,*,#6676,.F.);
#4795=ORIENTED_EDGE('',*,*,#6674,.T.);
#4796=ORIENTED_EDGE('',*,*,#6679,.T.);
#4797=ORIENTED_EDGE('',*,*,#6377,.F.);
#4798=ORIENTED_EDGE('',*,*,#6678,.F.);
#4799=ORIENTED_EDGE('',*,*,#6673,.T.);
#4800=ORIENTED_EDGE('',*,*,#6680,.T.);
#4801=ORIENTED_EDGE('',*,*,#6380,.F.);
#4802=ORIENTED_EDGE('',*,*,#6681,.F.);
#4803=ORIENTED_EDGE('',*,*,#6670,.T.);
#4804=ORIENTED_EDGE('',*,*,#6682,.T.);
#4805=ORIENTED_EDGE('',*,*,#6381,.F.);
#4806=ORIENTED_EDGE('',*,*,#6680,.F.);
#4807=ORIENTED_EDGE('',*,*,#6669,.T.);
#4808=ORIENTED_EDGE('',*,*,#6683,.T.);
#4809=ORIENTED_EDGE('',*,*,#6382,.F.);
#4810=ORIENTED_EDGE('',*,*,#6682,.F.);
#4811=ORIENTED_EDGE('',*,*,#6668,.T.);
#4812=ORIENTED_EDGE('',*,*,#6684,.T.);
#4813=ORIENTED_EDGE('',*,*,#6383,.F.);
#4814=ORIENTED_EDGE('',*,*,#6683,.F.);
#4815=ORIENTED_EDGE('',*,*,#6667,.T.);
#4816=ORIENTED_EDGE('',*,*,#6685,.T.);
#4817=ORIENTED_EDGE('',*,*,#6384,.F.);
#4818=ORIENTED_EDGE('',*,*,#6684,.F.);
#4819=ORIENTED_EDGE('',*,*,#6666,.T.);
#4820=ORIENTED_EDGE('',*,*,#6686,.T.);
#4821=ORIENTED_EDGE('',*,*,#6385,.F.);
#4822=ORIENTED_EDGE('',*,*,#6685,.F.);
#4823=ORIENTED_EDGE('',*,*,#6665,.T.);
#4824=ORIENTED_EDGE('',*,*,#6687,.T.);
#4825=ORIENTED_EDGE('',*,*,#6386,.F.);
#4826=ORIENTED_EDGE('',*,*,#6686,.F.);
#4827=ORIENTED_EDGE('',*,*,#6664,.T.);
#4828=ORIENTED_EDGE('',*,*,#6688,.T.);
#4829=ORIENTED_EDGE('',*,*,#6389,.F.);
#4830=ORIENTED_EDGE('',*,*,#6689,.F.);
#4831=ORIENTED_EDGE('',*,*,#6661,.T.);
#4832=ORIENTED_EDGE('',*,*,#6690,.T.);
#4833=ORIENTED_EDGE('',*,*,#6390,.F.);
#4834=ORIENTED_EDGE('',*,*,#6688,.F.);
#4835=ORIENTED_EDGE('',*,*,#6660,.T.);
#4836=ORIENTED_EDGE('',*,*,#6691,.T.);
#4837=ORIENTED_EDGE('',*,*,#6391,.F.);
#4838=ORIENTED_EDGE('',*,*,#6690,.F.);
#4839=ORIENTED_EDGE('',*,*,#6659,.T.);
#4840=ORIENTED_EDGE('',*,*,#6692,.T.);
#4841=ORIENTED_EDGE('',*,*,#6392,.F.);
#4842=ORIENTED_EDGE('',*,*,#6691,.F.);
#4843=ORIENTED_EDGE('',*,*,#6658,.T.);
#4844=ORIENTED_EDGE('',*,*,#6693,.T.);
#4845=ORIENTED_EDGE('',*,*,#6396,.F.);
#4846=ORIENTED_EDGE('',*,*,#6694,.F.);
#4847=ORIENTED_EDGE('',*,*,#6654,.T.);
#4848=ORIENTED_EDGE('',*,*,#6695,.T.);
#4849=ORIENTED_EDGE('',*,*,#6397,.F.);
#4850=ORIENTED_EDGE('',*,*,#6693,.F.);
#4851=ORIENTED_EDGE('',*,*,#6653,.T.);
#4852=ORIENTED_EDGE('',*,*,#6696,.T.);
#4853=ORIENTED_EDGE('',*,*,#6398,.F.);
#4854=ORIENTED_EDGE('',*,*,#6695,.F.);
#4855=ORIENTED_EDGE('',*,*,#6652,.T.);
#4856=ORIENTED_EDGE('',*,*,#6697,.T.);
#4857=ORIENTED_EDGE('',*,*,#6373,.F.);
#4858=ORIENTED_EDGE('',*,*,#6696,.F.);
#4859=ORIENTED_EDGE('',*,*,#6651,.T.);
#4860=ORIENTED_EDGE('',*,*,#6677,.T.);
#4861=ORIENTED_EDGE('',*,*,#6374,.F.);
#4862=ORIENTED_EDGE('',*,*,#6697,.F.);
#4863=ORIENTED_EDGE('',*,*,#6650,.T.);
#4864=ORIENTED_EDGE('',*,*,#6395,.F.);
#4865=ORIENTED_EDGE('',*,*,#6698,.F.);
#4866=ORIENTED_EDGE('',*,*,#6655,.T.);
#4867=ORIENTED_EDGE('',*,*,#6694,.T.);
#4868=ORIENTED_EDGE('',*,*,#6394,.F.);
#4869=ORIENTED_EDGE('',*,*,#6699,.F.);
#4870=ORIENTED_EDGE('',*,*,#6656,.T.);
#4871=ORIENTED_EDGE('',*,*,#6698,.T.);
#4872=ORIENTED_EDGE('',*,*,#6393,.F.);
#4873=ORIENTED_EDGE('',*,*,#6692,.F.);
#4874=ORIENTED_EDGE('',*,*,#6657,.T.);
#4875=ORIENTED_EDGE('',*,*,#6699,.T.);
#4876=ORIENTED_EDGE('',*,*,#6388,.F.);
#4877=ORIENTED_EDGE('',*,*,#6700,.F.);
#4878=ORIENTED_EDGE('',*,*,#6662,.T.);
#4879=ORIENTED_EDGE('',*,*,#6689,.T.);
#4880=ORIENTED_EDGE('',*,*,#6387,.F.);
#4881=ORIENTED_EDGE('',*,*,#6687,.F.);
#4882=ORIENTED_EDGE('',*,*,#6663,.T.);
#4883=ORIENTED_EDGE('',*,*,#6700,.T.);
#4884=ORIENTED_EDGE('',*,*,#6379,.F.);
#4885=ORIENTED_EDGE('',*,*,#6701,.F.);
#4886=ORIENTED_EDGE('',*,*,#6671,.T.);
#4887=ORIENTED_EDGE('',*,*,#6681,.T.);
#4888=ORIENTED_EDGE('',*,*,#6378,.F.);
#4889=ORIENTED_EDGE('',*,*,#6679,.F.);
#4890=ORIENTED_EDGE('',*,*,#6672,.T.);
#4891=ORIENTED_EDGE('',*,*,#6701,.T.);
#4892=ORIENTED_EDGE('',*,*,#6702,.F.);
#4893=ORIENTED_EDGE('',*,*,#6703,.F.);
#4894=ORIENTED_EDGE('',*,*,#6704,.F.);
#4895=ORIENTED_EDGE('',*,*,#6705,.F.);
#4896=ORIENTED_EDGE('',*,*,#6706,.F.);
#4897=ORIENTED_EDGE('',*,*,#6707,.F.);
#4898=ORIENTED_EDGE('',*,*,#6708,.F.);
#4899=ORIENTED_EDGE('',*,*,#6709,.F.);
#4900=ORIENTED_EDGE('',*,*,#6710,.F.);
#4901=ORIENTED_EDGE('',*,*,#6711,.F.);
#4902=ORIENTED_EDGE('',*,*,#6712,.F.);
#4903=ORIENTED_EDGE('',*,*,#6713,.F.);
#4904=ORIENTED_EDGE('',*,*,#6714,.F.);
#4905=ORIENTED_EDGE('',*,*,#6715,.F.);
#4906=ORIENTED_EDGE('',*,*,#6716,.F.);
#4907=ORIENTED_EDGE('',*,*,#6717,.F.);
#4908=ORIENTED_EDGE('',*,*,#6718,.T.);
#4909=ORIENTED_EDGE('',*,*,#6359,.F.);
#4910=ORIENTED_EDGE('',*,*,#6719,.F.);
#4911=ORIENTED_EDGE('',*,*,#6717,.T.);
#4912=ORIENTED_EDGE('',*,*,#6720,.T.);
#4913=ORIENTED_EDGE('',*,*,#6360,.F.);
#4914=ORIENTED_EDGE('',*,*,#6718,.F.);
#4915=ORIENTED_EDGE('',*,*,#6716,.T.);
#4916=ORIENTED_EDGE('',*,*,#6721,.T.);
#4917=ORIENTED_EDGE('',*,*,#6361,.F.);
#4918=ORIENTED_EDGE('',*,*,#6720,.F.);
#4919=ORIENTED_EDGE('',*,*,#6715,.T.);
#4920=ORIENTED_EDGE('',*,*,#6722,.T.);
#4921=ORIENTED_EDGE('',*,*,#6362,.F.);
#4922=ORIENTED_EDGE('',*,*,#6721,.F.);
#4923=ORIENTED_EDGE('',*,*,#6714,.T.);
#4924=ORIENTED_EDGE('',*,*,#6723,.T.);
#4925=ORIENTED_EDGE('',*,*,#6363,.F.);
#4926=ORIENTED_EDGE('',*,*,#6722,.F.);
#4927=ORIENTED_EDGE('',*,*,#6713,.T.);
#4928=ORIENTED_EDGE('',*,*,#6724,.T.);
#4929=ORIENTED_EDGE('',*,*,#6364,.F.);
#4930=ORIENTED_EDGE('',*,*,#6723,.F.);
#4931=ORIENTED_EDGE('',*,*,#6712,.T.);
#4932=ORIENTED_EDGE('',*,*,#6725,.T.);
#4933=ORIENTED_EDGE('',*,*,#6365,.F.);
#4934=ORIENTED_EDGE('',*,*,#6724,.F.);
#4935=ORIENTED_EDGE('',*,*,#6711,.T.);
#4936=ORIENTED_EDGE('',*,*,#6726,.T.);
#4937=ORIENTED_EDGE('',*,*,#6366,.F.);
#4938=ORIENTED_EDGE('',*,*,#6725,.F.);
#4939=ORIENTED_EDGE('',*,*,#6710,.T.);
#4940=ORIENTED_EDGE('',*,*,#6727,.T.);
#4941=ORIENTED_EDGE('',*,*,#6367,.F.);
#4942=ORIENTED_EDGE('',*,*,#6726,.F.);
#4943=ORIENTED_EDGE('',*,*,#6709,.T.);
#4944=ORIENTED_EDGE('',*,*,#6728,.T.);
#4945=ORIENTED_EDGE('',*,*,#6368,.F.);
#4946=ORIENTED_EDGE('',*,*,#6727,.F.);
#4947=ORIENTED_EDGE('',*,*,#6708,.T.);
#4948=ORIENTED_EDGE('',*,*,#6729,.T.);
#4949=ORIENTED_EDGE('',*,*,#6369,.F.);
#4950=ORIENTED_EDGE('',*,*,#6728,.F.);
#4951=ORIENTED_EDGE('',*,*,#6707,.T.);
#4952=ORIENTED_EDGE('',*,*,#6730,.T.);
#4953=ORIENTED_EDGE('',*,*,#6370,.F.);
#4954=ORIENTED_EDGE('',*,*,#6729,.F.);
#4955=ORIENTED_EDGE('',*,*,#6706,.T.);
#4956=ORIENTED_EDGE('',*,*,#6731,.T.);
#4957=ORIENTED_EDGE('',*,*,#6371,.F.);
#4958=ORIENTED_EDGE('',*,*,#6730,.F.);
#4959=ORIENTED_EDGE('',*,*,#6705,.T.);
#4960=ORIENTED_EDGE('',*,*,#6732,.T.);
#4961=ORIENTED_EDGE('',*,*,#6372,.F.);
#4962=ORIENTED_EDGE('',*,*,#6731,.F.);
#4963=ORIENTED_EDGE('',*,*,#6704,.T.);
#4964=ORIENTED_EDGE('',*,*,#6733,.T.);
#4965=ORIENTED_EDGE('',*,*,#6357,.F.);
#4966=ORIENTED_EDGE('',*,*,#6732,.F.);
#4967=ORIENTED_EDGE('',*,*,#6703,.T.);
#4968=ORIENTED_EDGE('',*,*,#6719,.T.);
#4969=ORIENTED_EDGE('',*,*,#6358,.F.);
#4970=ORIENTED_EDGE('',*,*,#6733,.F.);
#4971=ORIENTED_EDGE('',*,*,#6702,.T.);
#4972=ORIENTED_EDGE('',*,*,#6734,.T.);
#4973=ORIENTED_EDGE('',*,*,#6735,.T.);
#4974=ORIENTED_EDGE('',*,*,#6736,.T.);
#4975=ORIENTED_EDGE('',*,*,#6737,.T.);
#4976=ORIENTED_EDGE('',*,*,#6738,.T.);
#4977=ORIENTED_EDGE('',*,*,#6739,.T.);
#4978=ORIENTED_EDGE('',*,*,#6740,.T.);
#4979=ORIENTED_EDGE('',*,*,#6741,.T.);
#4980=ORIENTED_EDGE('',*,*,#6742,.T.);
#4981=ORIENTED_EDGE('',*,*,#6743,.T.);
#4982=ORIENTED_EDGE('',*,*,#6744,.T.);
#4983=ORIENTED_EDGE('',*,*,#6745,.T.);
#4984=ORIENTED_EDGE('',*,*,#6746,.T.);
#4985=ORIENTED_EDGE('',*,*,#6747,.T.);
#4986=ORIENTED_EDGE('',*,*,#6748,.T.);
#4987=ORIENTED_EDGE('',*,*,#6749,.T.);
#4988=ORIENTED_EDGE('',*,*,#6750,.T.);
#4989=ORIENTED_EDGE('',*,*,#6751,.T.);
#4990=ORIENTED_EDGE('',*,*,#6752,.T.);
#4991=ORIENTED_EDGE('',*,*,#6753,.T.);
#4992=ORIENTED_EDGE('',*,*,#6754,.T.);
#4993=ORIENTED_EDGE('',*,*,#6755,.T.);
#4994=ORIENTED_EDGE('',*,*,#6756,.T.);
#4995=ORIENTED_EDGE('',*,*,#6757,.T.);
#4996=ORIENTED_EDGE('',*,*,#6758,.T.);
#4997=ORIENTED_EDGE('',*,*,#6759,.T.);
#4998=ORIENTED_EDGE('',*,*,#6316,.T.);
#4999=ORIENTED_EDGE('',*,*,#6760,.F.);
#5000=ORIENTED_EDGE('',*,*,#6759,.F.);
#5001=ORIENTED_EDGE('',*,*,#6761,.T.);
#5002=ORIENTED_EDGE('',*,*,#6317,.T.);
#5003=ORIENTED_EDGE('',*,*,#6761,.F.);
#5004=ORIENTED_EDGE('',*,*,#6758,.F.);
#5005=ORIENTED_EDGE('',*,*,#6762,.T.);
#5006=ORIENTED_EDGE('',*,*,#6318,.T.);
#5007=ORIENTED_EDGE('',*,*,#6762,.F.);
#5008=ORIENTED_EDGE('',*,*,#6757,.F.);
#5009=ORIENTED_EDGE('',*,*,#6763,.T.);
#5010=ORIENTED_EDGE('',*,*,#6319,.T.);
#5011=ORIENTED_EDGE('',*,*,#6763,.F.);
#5012=ORIENTED_EDGE('',*,*,#6756,.F.);
#5013=ORIENTED_EDGE('',*,*,#6764,.T.);
#5014=ORIENTED_EDGE('',*,*,#6320,.T.);
#5015=ORIENTED_EDGE('',*,*,#6764,.F.);
#5016=ORIENTED_EDGE('',*,*,#6755,.F.);
#5017=ORIENTED_EDGE('',*,*,#6765,.T.);
#5018=ORIENTED_EDGE('',*,*,#6321,.T.);
#5019=ORIENTED_EDGE('',*,*,#6765,.F.);
#5020=ORIENTED_EDGE('',*,*,#6754,.F.);
#5021=ORIENTED_EDGE('',*,*,#6766,.T.);
#5022=ORIENTED_EDGE('',*,*,#6327,.T.);
#5023=ORIENTED_EDGE('',*,*,#6767,.F.);
#5024=ORIENTED_EDGE('',*,*,#6748,.F.);
#5025=ORIENTED_EDGE('',*,*,#6768,.T.);
#5026=ORIENTED_EDGE('',*,*,#6328,.T.);
#5027=ORIENTED_EDGE('',*,*,#6768,.F.);
#5028=ORIENTED_EDGE('',*,*,#6747,.F.);
#5029=ORIENTED_EDGE('',*,*,#6769,.T.);
#5030=ORIENTED_EDGE('',*,*,#6329,.T.);
#5031=ORIENTED_EDGE('',*,*,#6769,.F.);
#5032=ORIENTED_EDGE('',*,*,#6746,.F.);
#5033=ORIENTED_EDGE('',*,*,#6770,.T.);
#5034=ORIENTED_EDGE('',*,*,#6330,.T.);
#5035=ORIENTED_EDGE('',*,*,#6770,.F.);
#5036=ORIENTED_EDGE('',*,*,#6745,.F.);
#5037=ORIENTED_EDGE('',*,*,#6771,.T.);
#5038=ORIENTED_EDGE('',*,*,#6331,.T.);
#5039=ORIENTED_EDGE('',*,*,#6771,.F.);
#5040=ORIENTED_EDGE('',*,*,#6744,.F.);
#5041=ORIENTED_EDGE('',*,*,#6772,.T.);
#5042=ORIENTED_EDGE('',*,*,#6332,.T.);
#5043=ORIENTED_EDGE('',*,*,#6772,.F.);
#5044=ORIENTED_EDGE('',*,*,#6743,.F.);
#5045=ORIENTED_EDGE('',*,*,#6773,.T.);
#5046=ORIENTED_EDGE('',*,*,#6333,.T.);
#5047=ORIENTED_EDGE('',*,*,#6773,.F.);
#5048=ORIENTED_EDGE('',*,*,#6742,.F.);
#5049=ORIENTED_EDGE('',*,*,#6774,.T.);
#5050=ORIENTED_EDGE('',*,*,#6334,.T.);
#5051=ORIENTED_EDGE('',*,*,#6774,.F.);
#5052=ORIENTED_EDGE('',*,*,#6741,.F.);
#5053=ORIENTED_EDGE('',*,*,#6775,.T.);
#5054=ORIENTED_EDGE('',*,*,#6335,.T.);
#5055=ORIENTED_EDGE('',*,*,#6775,.F.);
#5056=ORIENTED_EDGE('',*,*,#6740,.F.);
#5057=ORIENTED_EDGE('',*,*,#6776,.T.);
#5058=ORIENTED_EDGE('',*,*,#6337,.T.);
#5059=ORIENTED_EDGE('',*,*,#6777,.F.);
#5060=ORIENTED_EDGE('',*,*,#6738,.F.);
#5061=ORIENTED_EDGE('',*,*,#6778,.T.);
#5062=ORIENTED_EDGE('',*,*,#6338,.T.);
#5063=ORIENTED_EDGE('',*,*,#6778,.F.);
#5064=ORIENTED_EDGE('',*,*,#6737,.F.);
#5065=ORIENTED_EDGE('',*,*,#6779,.T.);
#5066=ORIENTED_EDGE('',*,*,#6339,.F.);
#5067=ORIENTED_EDGE('',*,*,#6779,.F.);
#5068=ORIENTED_EDGE('',*,*,#6736,.F.);
#5069=ORIENTED_EDGE('',*,*,#6780,.T.);
#5070=ORIENTED_EDGE('',*,*,#6314,.T.);
#5071=ORIENTED_EDGE('',*,*,#6780,.F.);
#5072=ORIENTED_EDGE('',*,*,#6735,.F.);
#5073=ORIENTED_EDGE('',*,*,#6781,.T.);
#5074=ORIENTED_EDGE('',*,*,#6777,.T.);
#5075=ORIENTED_EDGE('',*,*,#6336,.T.);
#5076=ORIENTED_EDGE('',*,*,#6776,.F.);
#5077=ORIENTED_EDGE('',*,*,#6739,.F.);
#5078=ORIENTED_EDGE('',*,*,#6767,.T.);
#5079=ORIENTED_EDGE('',*,*,#6326,.T.);
#5080=ORIENTED_EDGE('',*,*,#6782,.F.);
#5081=ORIENTED_EDGE('',*,*,#6749,.F.);
#5082=ORIENTED_EDGE('',*,*,#6782,.T.);
#5083=ORIENTED_EDGE('',*,*,#6325,.T.);
#5084=ORIENTED_EDGE('',*,*,#6783,.F.);
#5085=ORIENTED_EDGE('',*,*,#6750,.F.);
#5086=ORIENTED_EDGE('',*,*,#6783,.T.);
#5087=ORIENTED_EDGE('',*,*,#6324,.T.);
#5088=ORIENTED_EDGE('',*,*,#6784,.F.);
#5089=ORIENTED_EDGE('',*,*,#6751,.F.);
#5090=ORIENTED_EDGE('',*,*,#6784,.T.);
#5091=ORIENTED_EDGE('',*,*,#6323,.T.);
#5092=ORIENTED_EDGE('',*,*,#6785,.F.);
#5093=ORIENTED_EDGE('',*,*,#6752,.F.);
#5094=ORIENTED_EDGE('',*,*,#6785,.T.);
#5095=ORIENTED_EDGE('',*,*,#6322,.T.);
#5096=ORIENTED_EDGE('',*,*,#6766,.F.);
#5097=ORIENTED_EDGE('',*,*,#6753,.F.);
#5098=ORIENTED_EDGE('',*,*,#6760,.T.);
#5099=ORIENTED_EDGE('',*,*,#6315,.T.);
#5100=ORIENTED_EDGE('',*,*,#6781,.F.);
#5101=ORIENTED_EDGE('',*,*,#6734,.F.);
#5102=ORIENTED_EDGE('',*,*,#6786,.T.);
#5103=ORIENTED_EDGE('',*,*,#6787,.T.);
#5104=ORIENTED_EDGE('',*,*,#6788,.T.);
#5105=ORIENTED_EDGE('',*,*,#6789,.T.);
#5106=ORIENTED_EDGE('',*,*,#6790,.T.);
#5107=ORIENTED_EDGE('',*,*,#6791,.T.);
#5108=ORIENTED_EDGE('',*,*,#6792,.T.);
#5109=ORIENTED_EDGE('',*,*,#6793,.T.);
#5110=ORIENTED_EDGE('',*,*,#6794,.T.);
#5111=ORIENTED_EDGE('',*,*,#6795,.T.);
#5112=ORIENTED_EDGE('',*,*,#6796,.T.);
#5113=ORIENTED_EDGE('',*,*,#6797,.T.);
#5114=ORIENTED_EDGE('',*,*,#6798,.T.);
#5115=ORIENTED_EDGE('',*,*,#6799,.T.);
#5116=ORIENTED_EDGE('',*,*,#6800,.T.);
#5117=ORIENTED_EDGE('',*,*,#6801,.T.);
#5118=ORIENTED_EDGE('',*,*,#6802,.T.);
#5119=ORIENTED_EDGE('',*,*,#6803,.T.);
#5120=ORIENTED_EDGE('',*,*,#6804,.T.);
#5121=ORIENTED_EDGE('',*,*,#6805,.T.);
#5122=ORIENTED_EDGE('',*,*,#6806,.T.);
#5123=ORIENTED_EDGE('',*,*,#6807,.T.);
#5124=ORIENTED_EDGE('',*,*,#6271,.T.);
#5125=ORIENTED_EDGE('',*,*,#6808,.F.);
#5126=ORIENTED_EDGE('',*,*,#6807,.F.);
#5127=ORIENTED_EDGE('',*,*,#6809,.T.);
#5128=ORIENTED_EDGE('',*,*,#6272,.T.);
#5129=ORIENTED_EDGE('',*,*,#6809,.F.);
#5130=ORIENTED_EDGE('',*,*,#6806,.F.);
#5131=ORIENTED_EDGE('',*,*,#6810,.T.);
#5132=ORIENTED_EDGE('',*,*,#6280,.T.);
#5133=ORIENTED_EDGE('',*,*,#6811,.F.);
#5134=ORIENTED_EDGE('',*,*,#6798,.F.);
#5135=ORIENTED_EDGE('',*,*,#6812,.T.);
#5136=ORIENTED_EDGE('',*,*,#6281,.T.);
#5137=ORIENTED_EDGE('',*,*,#6812,.F.);
#5138=ORIENTED_EDGE('',*,*,#6797,.F.);
#5139=ORIENTED_EDGE('',*,*,#6813,.T.);
#5140=ORIENTED_EDGE('',*,*,#6282,.T.);
#5141=ORIENTED_EDGE('',*,*,#6813,.F.);
#5142=ORIENTED_EDGE('',*,*,#6796,.F.);
#5143=ORIENTED_EDGE('',*,*,#6814,.T.);
#5144=ORIENTED_EDGE('',*,*,#6283,.T.);
#5145=ORIENTED_EDGE('',*,*,#6814,.F.);
#5146=ORIENTED_EDGE('',*,*,#6795,.F.);
#5147=ORIENTED_EDGE('',*,*,#6815,.T.);
#5148=ORIENTED_EDGE('',*,*,#6284,.T.);
#5149=ORIENTED_EDGE('',*,*,#6815,.F.);
#5150=ORIENTED_EDGE('',*,*,#6794,.F.);
#5151=ORIENTED_EDGE('',*,*,#6816,.T.);
#5152=ORIENTED_EDGE('',*,*,#6286,.T.);
#5153=ORIENTED_EDGE('',*,*,#6817,.F.);
#5154=ORIENTED_EDGE('',*,*,#6792,.F.);
#5155=ORIENTED_EDGE('',*,*,#6818,.T.);
#5156=ORIENTED_EDGE('',*,*,#6287,.T.);
#5157=ORIENTED_EDGE('',*,*,#6818,.F.);
#5158=ORIENTED_EDGE('',*,*,#6791,.F.);
#5159=ORIENTED_EDGE('',*,*,#6819,.T.);
#5160=ORIENTED_EDGE('',*,*,#6288,.T.);
#5161=ORIENTED_EDGE('',*,*,#6819,.F.);
#5162=ORIENTED_EDGE('',*,*,#6790,.F.);
#5163=ORIENTED_EDGE('',*,*,#6820,.T.);
#5164=ORIENTED_EDGE('',*,*,#6289,.T.);
#5165=ORIENTED_EDGE('',*,*,#6820,.F.);
#5166=ORIENTED_EDGE('',*,*,#6789,.F.);
#5167=ORIENTED_EDGE('',*,*,#6821,.T.);
#5168=ORIENTED_EDGE('',*,*,#6290,.T.);
#5169=ORIENTED_EDGE('',*,*,#6821,.F.);
#5170=ORIENTED_EDGE('',*,*,#6788,.F.);
#5171=ORIENTED_EDGE('',*,*,#6822,.T.);
#5172=ORIENTED_EDGE('',*,*,#6269,.T.);
#5173=ORIENTED_EDGE('',*,*,#6822,.F.);
#5174=ORIENTED_EDGE('',*,*,#6787,.F.);
#5175=ORIENTED_EDGE('',*,*,#6823,.T.);
#5176=ORIENTED_EDGE('',*,*,#6270,.T.);
#5177=ORIENTED_EDGE('',*,*,#6823,.F.);
#5178=ORIENTED_EDGE('',*,*,#6786,.F.);
#5179=ORIENTED_EDGE('',*,*,#6808,.T.);
#5180=ORIENTED_EDGE('',*,*,#6817,.T.);
#5181=ORIENTED_EDGE('',*,*,#6285,.T.);
#5182=ORIENTED_EDGE('',*,*,#6816,.F.);
#5183=ORIENTED_EDGE('',*,*,#6793,.F.);
#5184=ORIENTED_EDGE('',*,*,#6811,.T.);
#5185=ORIENTED_EDGE('',*,*,#6279,.T.);
#5186=ORIENTED_EDGE('',*,*,#6824,.F.);
#5187=ORIENTED_EDGE('',*,*,#6799,.F.);
#5188=ORIENTED_EDGE('',*,*,#6824,.T.);
#5189=ORIENTED_EDGE('',*,*,#6278,.T.);
#5190=ORIENTED_EDGE('',*,*,#6825,.F.);
#5191=ORIENTED_EDGE('',*,*,#6800,.F.);
#5192=ORIENTED_EDGE('',*,*,#6825,.T.);
#5193=ORIENTED_EDGE('',*,*,#6277,.T.);
#5194=ORIENTED_EDGE('',*,*,#6826,.F.);
#5195=ORIENTED_EDGE('',*,*,#6801,.F.);
#5196=ORIENTED_EDGE('',*,*,#6826,.T.);
#5197=ORIENTED_EDGE('',*,*,#6276,.T.);
#5198=ORIENTED_EDGE('',*,*,#6827,.F.);
#5199=ORIENTED_EDGE('',*,*,#6802,.F.);
#5200=ORIENTED_EDGE('',*,*,#6827,.T.);
#5201=ORIENTED_EDGE('',*,*,#6275,.T.);
#5202=ORIENTED_EDGE('',*,*,#6828,.F.);
#5203=ORIENTED_EDGE('',*,*,#6803,.F.);
#5204=ORIENTED_EDGE('',*,*,#6828,.T.);
#5205=ORIENTED_EDGE('',*,*,#6274,.T.);
#5206=ORIENTED_EDGE('',*,*,#6829,.F.);
#5207=ORIENTED_EDGE('',*,*,#6804,.F.);
#5208=ORIENTED_EDGE('',*,*,#6829,.T.);
#5209=ORIENTED_EDGE('',*,*,#6273,.T.);
#5210=ORIENTED_EDGE('',*,*,#6810,.F.);
#5211=ORIENTED_EDGE('',*,*,#6805,.F.);
#5212=ORIENTED_EDGE('',*,*,#6830,.T.);
#5213=ORIENTED_EDGE('',*,*,#6342,.T.);
#5214=ORIENTED_EDGE('',*,*,#6831,.F.);
#5215=ORIENTED_EDGE('',*,*,#6832,.F.);
#5216=ORIENTED_EDGE('',*,*,#6833,.T.);
#5217=ORIENTED_EDGE('',*,*,#6343,.T.);
#5218=ORIENTED_EDGE('',*,*,#6830,.F.);
#5219=ORIENTED_EDGE('',*,*,#6834,.F.);
#5220=ORIENTED_EDGE('',*,*,#6835,.T.);
#5221=ORIENTED_EDGE('',*,*,#6344,.T.);
#5222=ORIENTED_EDGE('',*,*,#6833,.F.);
#5223=ORIENTED_EDGE('',*,*,#6836,.F.);
#5224=ORIENTED_EDGE('',*,*,#6837,.T.);
#5225=ORIENTED_EDGE('',*,*,#6345,.T.);
#5226=ORIENTED_EDGE('',*,*,#6835,.F.);
#5227=ORIENTED_EDGE('',*,*,#6838,.F.);
#5228=ORIENTED_EDGE('',*,*,#6839,.T.);
#5229=ORIENTED_EDGE('',*,*,#6353,.T.);
#5230=ORIENTED_EDGE('',*,*,#6840,.F.);
#5231=ORIENTED_EDGE('',*,*,#6841,.F.);
#5232=ORIENTED_EDGE('',*,*,#6842,.T.);
#5233=ORIENTED_EDGE('',*,*,#6354,.T.);
#5234=ORIENTED_EDGE('',*,*,#6839,.F.);
#5235=ORIENTED_EDGE('',*,*,#6843,.F.);
#5236=ORIENTED_EDGE('',*,*,#6341,.T.);
#5237=ORIENTED_EDGE('',*,*,#6844,.F.);
#5238=ORIENTED_EDGE('',*,*,#6845,.F.);
#5239=ORIENTED_EDGE('',*,*,#6831,.T.);
#5240=ORIENTED_EDGE('',*,*,#6340,.T.);
#5241=ORIENTED_EDGE('',*,*,#6846,.F.);
#5242=ORIENTED_EDGE('',*,*,#6847,.F.);
#5243=ORIENTED_EDGE('',*,*,#6844,.T.);
#5244=ORIENTED_EDGE('',*,*,#6417,.F.);
#5245=ORIENTED_EDGE('',*,*,#6848,.F.);
#5246=ORIENTED_EDGE('',*,*,#6849,.T.);
#5247=ORIENTED_EDGE('',*,*,#6846,.T.);
#5248=ORIENTED_EDGE('',*,*,#5586,.T.);
#5249=ORIENTED_EDGE('',*,*,#6418,.F.);
#5250=ORIENTED_EDGE('',*,*,#5588,.F.);
#5251=ORIENTED_EDGE('',*,*,#6850,.F.);
#5252=ORIENTED_EDGE('',*,*,#6851,.T.);
#5253=ORIENTED_EDGE('',*,*,#6848,.T.);
#5254=ORIENTED_EDGE('',*,*,#6356,.T.);
#5255=ORIENTED_EDGE('',*,*,#6852,.F.);
#5256=ORIENTED_EDGE('',*,*,#6853,.F.);
#5257=ORIENTED_EDGE('',*,*,#6850,.T.);
#5258=ORIENTED_EDGE('',*,*,#6355,.T.);
#5259=ORIENTED_EDGE('',*,*,#6842,.F.);
#5260=ORIENTED_EDGE('',*,*,#6854,.F.);
#5261=ORIENTED_EDGE('',*,*,#6852,.T.);
#5262=ORIENTED_EDGE('',*,*,#6352,.T.);
#5263=ORIENTED_EDGE('',*,*,#6855,.F.);
#5264=ORIENTED_EDGE('',*,*,#6856,.F.);
#5265=ORIENTED_EDGE('',*,*,#6840,.T.);
#5266=ORIENTED_EDGE('',*,*,#6351,.T.);
#5267=ORIENTED_EDGE('',*,*,#6857,.F.);
#5268=ORIENTED_EDGE('',*,*,#6858,.F.);
#5269=ORIENTED_EDGE('',*,*,#6855,.T.);
#5270=ORIENTED_EDGE('',*,*,#6350,.T.);
#5271=ORIENTED_EDGE('',*,*,#6859,.F.);
#5272=ORIENTED_EDGE('',*,*,#6860,.F.);
#5273=ORIENTED_EDGE('',*,*,#6857,.T.);
#5274=ORIENTED_EDGE('',*,*,#6349,.T.);
#5275=ORIENTED_EDGE('',*,*,#6861,.F.);
#5276=ORIENTED_EDGE('',*,*,#6862,.F.);
#5277=ORIENTED_EDGE('',*,*,#6859,.T.);
#5278=ORIENTED_EDGE('',*,*,#6348,.T.);
#5279=ORIENTED_EDGE('',*,*,#6863,.F.);
#5280=ORIENTED_EDGE('',*,*,#6864,.F.);
#5281=ORIENTED_EDGE('',*,*,#6861,.T.);
#5282=ORIENTED_EDGE('',*,*,#6347,.T.);
#5283=ORIENTED_EDGE('',*,*,#6865,.F.);
#5284=ORIENTED_EDGE('',*,*,#6866,.F.);
#5285=ORIENTED_EDGE('',*,*,#6863,.T.);
#5286=ORIENTED_EDGE('',*,*,#6346,.T.);
#5287=ORIENTED_EDGE('',*,*,#6837,.F.);
#5288=ORIENTED_EDGE('',*,*,#6867,.F.);
#5289=ORIENTED_EDGE('',*,*,#6865,.T.);
#5290=ORIENTED_EDGE('',*,*,#6845,.T.);
#5291=ORIENTED_EDGE('',*,*,#6847,.T.);
#5292=ORIENTED_EDGE('',*,*,#6849,.F.);
#5293=ORIENTED_EDGE('',*,*,#6851,.F.);
#5294=ORIENTED_EDGE('',*,*,#6853,.T.);
#5295=ORIENTED_EDGE('',*,*,#6854,.T.);
#5296=ORIENTED_EDGE('',*,*,#6843,.T.);
#5297=ORIENTED_EDGE('',*,*,#6841,.T.);
#5298=ORIENTED_EDGE('',*,*,#6856,.T.);
#5299=ORIENTED_EDGE('',*,*,#6858,.T.);
#5300=ORIENTED_EDGE('',*,*,#6860,.T.);
#5301=ORIENTED_EDGE('',*,*,#6862,.T.);
#5302=ORIENTED_EDGE('',*,*,#6864,.T.);
#5303=ORIENTED_EDGE('',*,*,#6866,.T.);
#5304=ORIENTED_EDGE('',*,*,#6867,.T.);
#5305=ORIENTED_EDGE('',*,*,#6838,.T.);
#5306=ORIENTED_EDGE('',*,*,#6836,.T.);
#5307=ORIENTED_EDGE('',*,*,#6834,.T.);
#5308=ORIENTED_EDGE('',*,*,#6832,.T.);
#5309=ORIENTED_EDGE('',*,*,#6868,.T.);
#5310=ORIENTED_EDGE('',*,*,#6264,.T.);
#5311=ORIENTED_EDGE('',*,*,#6869,.F.);
#5312=ORIENTED_EDGE('',*,*,#6870,.F.);
#5313=ORIENTED_EDGE('',*,*,#6247,.T.);
#5314=ORIENTED_EDGE('',*,*,#6871,.F.);
#5315=ORIENTED_EDGE('',*,*,#6872,.F.);
#5316=ORIENTED_EDGE('',*,*,#6873,.T.);
#5317=ORIENTED_EDGE('',*,*,#6246,.T.);
#5318=ORIENTED_EDGE('',*,*,#6874,.F.);
#5319=ORIENTED_EDGE('',*,*,#6875,.F.);
#5320=ORIENTED_EDGE('',*,*,#6871,.T.);
#5321=ORIENTED_EDGE('',*,*,#6268,.T.);
#5322=ORIENTED_EDGE('',*,*,#6876,.F.);
#5323=ORIENTED_EDGE('',*,*,#6877,.F.);
#5324=ORIENTED_EDGE('',*,*,#6874,.T.);
#5325=ORIENTED_EDGE('',*,*,#6267,.T.);
#5326=ORIENTED_EDGE('',*,*,#6878,.F.);
#5327=ORIENTED_EDGE('',*,*,#6879,.F.);
#5328=ORIENTED_EDGE('',*,*,#6876,.T.);
#5329=ORIENTED_EDGE('',*,*,#6266,.T.);
#5330=ORIENTED_EDGE('',*,*,#6880,.F.);
#5331=ORIENTED_EDGE('',*,*,#6881,.F.);
#5332=ORIENTED_EDGE('',*,*,#6878,.T.);
#5333=ORIENTED_EDGE('',*,*,#6265,.T.);
#5334=ORIENTED_EDGE('',*,*,#6868,.F.);
#5335=ORIENTED_EDGE('',*,*,#6882,.F.);
#5336=ORIENTED_EDGE('',*,*,#6880,.T.);
#5337=ORIENTED_EDGE('',*,*,#6263,.T.);
#5338=ORIENTED_EDGE('',*,*,#6883,.F.);
#5339=ORIENTED_EDGE('',*,*,#6884,.F.);
#5340=ORIENTED_EDGE('',*,*,#6869,.T.);
#5341=ORIENTED_EDGE('',*,*,#6262,.T.);
#5342=ORIENTED_EDGE('',*,*,#6885,.F.);
#5343=ORIENTED_EDGE('',*,*,#6886,.F.);
#5344=ORIENTED_EDGE('',*,*,#6883,.T.);
#5345=ORIENTED_EDGE('',*,*,#6261,.T.);
#5346=ORIENTED_EDGE('',*,*,#6887,.F.);
#5347=ORIENTED_EDGE('',*,*,#6888,.F.);
#5348=ORIENTED_EDGE('',*,*,#6885,.T.);
#5349=ORIENTED_EDGE('',*,*,#6260,.T.);
#5350=ORIENTED_EDGE('',*,*,#6889,.F.);
#5351=ORIENTED_EDGE('',*,*,#6890,.F.);
#5352=ORIENTED_EDGE('',*,*,#6887,.T.);
#5353=ORIENTED_EDGE('',*,*,#6259,.T.);
#5354=ORIENTED_EDGE('',*,*,#6891,.F.);
#5355=ORIENTED_EDGE('',*,*,#6892,.F.);
#5356=ORIENTED_EDGE('',*,*,#6889,.T.);
#5357=ORIENTED_EDGE('',*,*,#6258,.T.);
#5358=ORIENTED_EDGE('',*,*,#6893,.F.);
#5359=ORIENTED_EDGE('',*,*,#6894,.F.);
#5360=ORIENTED_EDGE('',*,*,#6891,.T.);
#5361=ORIENTED_EDGE('',*,*,#6257,.T.);
#5362=ORIENTED_EDGE('',*,*,#6895,.F.);
#5363=ORIENTED_EDGE('',*,*,#6896,.F.);
#5364=ORIENTED_EDGE('',*,*,#6893,.T.);
#5365=ORIENTED_EDGE('',*,*,#6256,.T.);
#5366=ORIENTED_EDGE('',*,*,#6897,.F.);
#5367=ORIENTED_EDGE('',*,*,#6898,.F.);
#5368=ORIENTED_EDGE('',*,*,#6895,.T.);
#5369=ORIENTED_EDGE('',*,*,#6255,.T.);
#5370=ORIENTED_EDGE('',*,*,#6899,.F.);
#5371=ORIENTED_EDGE('',*,*,#6900,.F.);
#5372=ORIENTED_EDGE('',*,*,#6897,.T.);
#5373=ORIENTED_EDGE('',*,*,#6254,.T.);
#5374=ORIENTED_EDGE('',*,*,#6901,.F.);
#5375=ORIENTED_EDGE('',*,*,#6902,.F.);
#5376=ORIENTED_EDGE('',*,*,#6899,.T.);
#5377=ORIENTED_EDGE('',*,*,#6253,.T.);
#5378=ORIENTED_EDGE('',*,*,#6903,.F.);
#5379=ORIENTED_EDGE('',*,*,#6904,.F.);
#5380=ORIENTED_EDGE('',*,*,#6901,.T.);
#5381=ORIENTED_EDGE('',*,*,#6252,.T.);
#5382=ORIENTED_EDGE('',*,*,#6905,.F.);
#5383=ORIENTED_EDGE('',*,*,#6906,.F.);
#5384=ORIENTED_EDGE('',*,*,#6903,.T.);
#5385=ORIENTED_EDGE('',*,*,#6251,.T.);
#5386=ORIENTED_EDGE('',*,*,#6907,.F.);
#5387=ORIENTED_EDGE('',*,*,#6908,.F.);
#5388=ORIENTED_EDGE('',*,*,#6905,.T.);
#5389=ORIENTED_EDGE('',*,*,#6250,.T.);
#5390=ORIENTED_EDGE('',*,*,#6909,.F.);
#5391=ORIENTED_EDGE('',*,*,#6910,.F.);
#5392=ORIENTED_EDGE('',*,*,#6907,.T.);
#5393=ORIENTED_EDGE('',*,*,#6249,.T.);
#5394=ORIENTED_EDGE('',*,*,#6911,.F.);
#5395=ORIENTED_EDGE('',*,*,#6912,.F.);
#5396=ORIENTED_EDGE('',*,*,#6909,.T.);
#5397=ORIENTED_EDGE('',*,*,#6913,.T.);
#5398=ORIENTED_EDGE('',*,*,#6914,.T.);
#5399=ORIENTED_EDGE('',*,*,#6915,.F.);
#5400=ORIENTED_EDGE('',*,*,#6916,.F.);
#5401=ORIENTED_EDGE('',*,*,#6915,.T.);
#5402=ORIENTED_EDGE('',*,*,#6917,.T.);
#5403=ORIENTED_EDGE('',*,*,#5573,.F.);
#5404=ORIENTED_EDGE('',*,*,#6918,.F.);
#5405=ORIENTED_EDGE('',*,*,#5584,.T.);
#5406=ORIENTED_EDGE('',*,*,#6919,.T.);
#5407=ORIENTED_EDGE('',*,*,#6920,.F.);
#5408=ORIENTED_EDGE('',*,*,#6921,.F.);
#5409=ORIENTED_EDGE('',*,*,#6920,.T.);
#5410=ORIENTED_EDGE('',*,*,#6922,.T.);
#5411=ORIENTED_EDGE('',*,*,#6923,.F.);
#5412=ORIENTED_EDGE('',*,*,#6924,.F.);
#5413=ORIENTED_EDGE('',*,*,#6923,.T.);
#5414=ORIENTED_EDGE('',*,*,#6925,.T.);
#5415=ORIENTED_EDGE('',*,*,#6926,.F.);
#5416=ORIENTED_EDGE('',*,*,#6927,.F.);
#5417=ORIENTED_EDGE('',*,*,#6926,.T.);
#5418=ORIENTED_EDGE('',*,*,#6928,.T.);
#5419=ORIENTED_EDGE('',*,*,#6929,.F.);
#5420=ORIENTED_EDGE('',*,*,#6930,.F.);
#5421=ORIENTED_EDGE('',*,*,#6929,.T.);
#5422=ORIENTED_EDGE('',*,*,#6931,.T.);
#5423=ORIENTED_EDGE('',*,*,#6932,.F.);
#5424=ORIENTED_EDGE('',*,*,#6933,.F.);
#5425=ORIENTED_EDGE('',*,*,#6932,.T.);
#5426=ORIENTED_EDGE('',*,*,#6934,.T.);
#5427=ORIENTED_EDGE('',*,*,#6935,.F.);
#5428=ORIENTED_EDGE('',*,*,#6936,.F.);
#5429=ORIENTED_EDGE('',*,*,#6935,.T.);
#5430=ORIENTED_EDGE('',*,*,#6937,.T.);
#5431=ORIENTED_EDGE('',*,*,#6938,.F.);
#5432=ORIENTED_EDGE('',*,*,#6939,.F.);
#5433=ORIENTED_EDGE('',*,*,#6938,.T.);
#5434=ORIENTED_EDGE('',*,*,#6940,.T.);
#5435=ORIENTED_EDGE('',*,*,#6941,.F.);
#5436=ORIENTED_EDGE('',*,*,#6942,.F.);
#5437=ORIENTED_EDGE('',*,*,#6941,.T.);
#5438=ORIENTED_EDGE('',*,*,#6943,.T.);
#5439=ORIENTED_EDGE('',*,*,#6944,.F.);
#5440=ORIENTED_EDGE('',*,*,#6945,.F.);
#5441=ORIENTED_EDGE('',*,*,#6944,.T.);
#5442=ORIENTED_EDGE('',*,*,#6946,.T.);
#5443=ORIENTED_EDGE('',*,*,#6947,.F.);
#5444=ORIENTED_EDGE('',*,*,#6948,.F.);
#5445=ORIENTED_EDGE('',*,*,#6947,.T.);
#5446=ORIENTED_EDGE('',*,*,#6949,.T.);
#5447=ORIENTED_EDGE('',*,*,#6950,.F.);
#5448=ORIENTED_EDGE('',*,*,#6951,.F.);
#5449=ORIENTED_EDGE('',*,*,#6950,.T.);
#5450=ORIENTED_EDGE('',*,*,#6952,.T.);
#5451=ORIENTED_EDGE('',*,*,#6953,.F.);
#5452=ORIENTED_EDGE('',*,*,#6954,.F.);
#5453=ORIENTED_EDGE('',*,*,#6953,.T.);
#5454=ORIENTED_EDGE('',*,*,#6955,.T.);
#5455=ORIENTED_EDGE('',*,*,#6913,.F.);
#5456=ORIENTED_EDGE('',*,*,#6956,.F.);
#5457=ORIENTED_EDGE('',*,*,#6248,.T.);
#5458=ORIENTED_EDGE('',*,*,#6873,.F.);
#5459=ORIENTED_EDGE('',*,*,#6957,.F.);
#5460=ORIENTED_EDGE('',*,*,#6911,.T.);
#5461=ORIENTED_EDGE('',*,*,#6916,.T.);
#5462=ORIENTED_EDGE('',*,*,#6918,.T.);
#5463=ORIENTED_EDGE('',*,*,#5576,.F.);
#5464=ORIENTED_EDGE('',*,*,#5579,.F.);
#5465=ORIENTED_EDGE('',*,*,#5582,.F.);
#5466=ORIENTED_EDGE('',*,*,#5585,.F.);
#5467=ORIENTED_EDGE('',*,*,#6921,.T.);
#5468=ORIENTED_EDGE('',*,*,#6924,.T.);
#5469=ORIENTED_EDGE('',*,*,#6927,.T.);
#5470=ORIENTED_EDGE('',*,*,#6930,.T.);
#5471=ORIENTED_EDGE('',*,*,#6933,.T.);
#5472=ORIENTED_EDGE('',*,*,#6936,.T.);
#5473=ORIENTED_EDGE('',*,*,#6939,.T.);
#5474=ORIENTED_EDGE('',*,*,#6942,.T.);
#5475=ORIENTED_EDGE('',*,*,#6945,.T.);
#5476=ORIENTED_EDGE('',*,*,#6948,.T.);
#5477=ORIENTED_EDGE('',*,*,#6951,.T.);
#5478=ORIENTED_EDGE('',*,*,#6954,.T.);
#5479=ORIENTED_EDGE('',*,*,#6956,.T.);
#5480=ORIENTED_EDGE('',*,*,#6872,.T.);
#5481=ORIENTED_EDGE('',*,*,#6875,.T.);
#5482=ORIENTED_EDGE('',*,*,#6877,.T.);
#5483=ORIENTED_EDGE('',*,*,#6879,.T.);
#5484=ORIENTED_EDGE('',*,*,#6881,.T.);
#5485=ORIENTED_EDGE('',*,*,#6882,.T.);
#5486=ORIENTED_EDGE('',*,*,#6870,.T.);
#5487=ORIENTED_EDGE('',*,*,#6884,.T.);
#5488=ORIENTED_EDGE('',*,*,#6886,.T.);
#5489=ORIENTED_EDGE('',*,*,#6888,.T.);
#5490=ORIENTED_EDGE('',*,*,#6890,.T.);
#5491=ORIENTED_EDGE('',*,*,#6892,.T.);
#5492=ORIENTED_EDGE('',*,*,#6894,.T.);
#5493=ORIENTED_EDGE('',*,*,#6896,.T.);
#5494=ORIENTED_EDGE('',*,*,#6898,.T.);
#5495=ORIENTED_EDGE('',*,*,#6900,.T.);
#5496=ORIENTED_EDGE('',*,*,#6902,.T.);
#5497=ORIENTED_EDGE('',*,*,#6904,.T.);
#5498=ORIENTED_EDGE('',*,*,#6906,.T.);
#5499=ORIENTED_EDGE('',*,*,#6908,.T.);
#5500=ORIENTED_EDGE('',*,*,#6910,.T.);
#5501=ORIENTED_EDGE('',*,*,#6912,.T.);
#5502=ORIENTED_EDGE('',*,*,#6957,.T.);
#5503=ORIENTED_EDGE('',*,*,#6917,.F.);
#5504=ORIENTED_EDGE('',*,*,#6914,.F.);
#5505=ORIENTED_EDGE('',*,*,#6955,.F.);
#5506=ORIENTED_EDGE('',*,*,#6952,.F.);
#5507=ORIENTED_EDGE('',*,*,#6949,.F.);
#5508=ORIENTED_EDGE('',*,*,#6946,.F.);
#5509=ORIENTED_EDGE('',*,*,#6943,.F.);
#5510=ORIENTED_EDGE('',*,*,#6940,.F.);
#5511=ORIENTED_EDGE('',*,*,#6937,.F.);
#5512=ORIENTED_EDGE('',*,*,#6934,.F.);
#5513=ORIENTED_EDGE('',*,*,#6931,.F.);
#5514=ORIENTED_EDGE('',*,*,#6928,.F.);
#5515=ORIENTED_EDGE('',*,*,#6925,.F.);
#5516=ORIENTED_EDGE('',*,*,#6922,.F.);
#5517=ORIENTED_EDGE('',*,*,#6919,.F.);
#5518=ORIENTED_EDGE('',*,*,#5583,.F.);
#5519=ORIENTED_EDGE('',*,*,#5580,.F.);
#5520=ORIENTED_EDGE('',*,*,#5577,.F.);
#5521=ORIENTED_EDGE('',*,*,#5574,.F.);
#5522=ORIENTED_EDGE('',*,*,#6571,.F.);
#5523=ORIENTED_EDGE('',*,*,#6568,.F.);
#5524=ORIENTED_EDGE('',*,*,#6615,.F.);
#5525=ORIENTED_EDGE('',*,*,#6612,.F.);
#5526=ORIENTED_EDGE('',*,*,#6609,.F.);
#5527=ORIENTED_EDGE('',*,*,#6606,.F.);
#5528=ORIENTED_EDGE('',*,*,#6603,.F.);
#5529=ORIENTED_EDGE('',*,*,#6600,.F.);
#5530=ORIENTED_EDGE('',*,*,#6597,.F.);
#5531=ORIENTED_EDGE('',*,*,#6594,.F.);
#5532=ORIENTED_EDGE('',*,*,#6591,.F.);
#5533=ORIENTED_EDGE('',*,*,#6588,.F.);
#5534=ORIENTED_EDGE('',*,*,#6585,.F.);
#5535=ORIENTED_EDGE('',*,*,#6582,.F.);
#5536=ORIENTED_EDGE('',*,*,#6579,.F.);
#5537=ORIENTED_EDGE('',*,*,#6576,.F.);
#5538=ORIENTED_EDGE('',*,*,#6573,.F.);
#5539=ORIENTED_EDGE('',*,*,#5570,.F.);
#5540=ORIENTED_EDGE('',*,*,#5567,.F.);
#5541=ORIENTED_EDGE('',*,*,#6423,.F.);
#5542=ORIENTED_EDGE('',*,*,#6420,.F.);
#5543=ORIENTED_EDGE('',*,*,#6520,.F.);
#5544=ORIENTED_EDGE('',*,*,#6471,.F.);
#5545=ORIENTED_EDGE('',*,*,#6468,.F.);
#5546=ORIENTED_EDGE('',*,*,#6465,.F.);
#5547=ORIENTED_EDGE('',*,*,#6462,.F.);
#5548=ORIENTED_EDGE('',*,*,#6459,.F.);
#5549=ORIENTED_EDGE('',*,*,#6456,.F.);
#5550=ORIENTED_EDGE('',*,*,#6453,.F.);
#5551=ORIENTED_EDGE('',*,*,#6450,.F.);
#5552=ORIENTED_EDGE('',*,*,#6447,.F.);
#5553=ORIENTED_EDGE('',*,*,#6444,.F.);
#5554=ORIENTED_EDGE('',*,*,#6441,.F.);
#5555=ORIENTED_EDGE('',*,*,#6438,.F.);
#5556=ORIENTED_EDGE('',*,*,#6435,.F.);
#5557=ORIENTED_EDGE('',*,*,#6432,.F.);
#5558=ORIENTED_EDGE('',*,*,#6429,.F.);
#5559=ORIENTED_EDGE('',*,*,#6426,.F.);
#5560=ORIENTED_EDGE('',*,*,#6415,.F.);
#5561=ORIENTED_EDGE('',*,*,#6221,.T.);
#5562=ORIENTED_EDGE('',*,*,#6222,.F.);
#5563=ORIENTED_EDGE('',*,*,#5768,.T.);
#5564=ORIENTED_EDGE('',*,*,#6416,.T.);
#5565=ORIENTED_EDGE('',*,*,#5771,.T.);
#5566=EDGE_CURVE('',#6958,#6959,#7886,.T.);
#5567=EDGE_CURVE('',#6959,#6960,#18,.T.);
#5568=EDGE_CURVE('',#6961,#6960,#7887,.T.);
#5569=EDGE_CURVE('',#6961,#6958,#19,.T.);
#5570=EDGE_CURVE('',#6960,#6962,#20,.T.);
#5571=EDGE_CURVE('',#6963,#6962,#21,.T.);
#5572=EDGE_CURVE('',#6963,#6961,#22,.T.);
#5573=EDGE_CURVE('',#6964,#6965,#23,.T.);
#5574=EDGE_CURVE('',#6965,#6966,#24,.T.);
#5575=EDGE_CURVE('',#6967,#6966,#7888,.T.);
#5576=EDGE_CURVE('',#6967,#6964,#25,.T.);
#5577=EDGE_CURVE('',#6966,#6968,#26,.T.);
#5578=EDGE_CURVE('',#6969,#6968,#27,.T.);
#5579=EDGE_CURVE('',#6969,#6967,#28,.T.);
#5580=EDGE_CURVE('',#6968,#6970,#29,.T.);
#5581=EDGE_CURVE('',#6971,#6970,#7889,.T.);
#5582=EDGE_CURVE('',#6971,#6969,#30,.T.);
#5583=EDGE_CURVE('',#6970,#6972,#31,.T.);
#5584=EDGE_CURVE('',#6973,#6972,#32,.T.);
#5585=EDGE_CURVE('',#6973,#6971,#33,.T.);
#5586=EDGE_CURVE('',#6974,#6975,#34,.T.);
#5587=EDGE_CURVE('',#6974,#6976,#35,.T.);
#5588=EDGE_CURVE('',#6976,#6977,#36,.T.);
#5589=EDGE_CURVE('',#6975,#6977,#37,.T.);
#5590=EDGE_CURVE('',#6978,#6979,#38,.T.);
#5591=EDGE_CURVE('',#6980,#6978,#39,.T.);
#5592=EDGE_CURVE('',#6980,#6981,#40,.T.);
#5593=EDGE_CURVE('',#6981,#6979,#41,.T.);
#5594=EDGE_CURVE('',#6982,#6978,#42,.T.);
#5595=EDGE_CURVE('',#6983,#6982,#43,.T.);
#5596=EDGE_CURVE('',#6983,#6980,#44,.T.);
#5597=EDGE_CURVE('',#6984,#6982,#45,.T.);
#5598=EDGE_CURVE('',#6985,#6984,#46,.T.);
#5599=EDGE_CURVE('',#6985,#6983,#47,.T.);
#5600=EDGE_CURVE('',#6986,#6984,#48,.T.);
#5601=EDGE_CURVE('',#6987,#6986,#49,.T.);
#5602=EDGE_CURVE('',#6987,#6985,#50,.T.);
#5603=EDGE_CURVE('',#6988,#6986,#51,.T.);
#5604=EDGE_CURVE('',#6989,#6988,#52,.T.);
#5605=EDGE_CURVE('',#6989,#6987,#53,.T.);
#5606=EDGE_CURVE('',#6990,#6988,#54,.T.);
#5607=EDGE_CURVE('',#6991,#6990,#55,.T.);
#5608=EDGE_CURVE('',#6991,#6989,#56,.T.);
#5609=EDGE_CURVE('',#6992,#6990,#57,.T.);
#5610=EDGE_CURVE('',#6993,#6992,#58,.T.);
#5611=EDGE_CURVE('',#6993,#6991,#59,.T.);
#5612=EDGE_CURVE('',#6994,#6992,#60,.T.);
#5613=EDGE_CURVE('',#6995,#6994,#61,.T.);
#5614=EDGE_CURVE('',#6995,#6993,#62,.T.);
#5615=EDGE_CURVE('',#6996,#6994,#63,.T.);
#5616=EDGE_CURVE('',#6997,#6996,#64,.T.);
#5617=EDGE_CURVE('',#6997,#6995,#65,.T.);
#5618=EDGE_CURVE('',#6998,#6996,#66,.T.);
#5619=EDGE_CURVE('',#6999,#6998,#67,.T.);
#5620=EDGE_CURVE('',#6999,#6997,#68,.T.);
#5621=EDGE_CURVE('',#7000,#6998,#69,.T.);
#5622=EDGE_CURVE('',#7001,#7000,#70,.T.);
#5623=EDGE_CURVE('',#7001,#6999,#71,.T.);
#5624=EDGE_CURVE('',#7002,#7000,#72,.T.);
#5625=EDGE_CURVE('',#7003,#7002,#73,.T.);
#5626=EDGE_CURVE('',#7003,#7001,#74,.T.);
#5627=EDGE_CURVE('',#7004,#7002,#75,.T.);
#5628=EDGE_CURVE('',#7005,#7004,#76,.T.);
#5629=EDGE_CURVE('',#7005,#7003,#77,.T.);
#5630=EDGE_CURVE('',#7006,#7004,#78,.T.);
#5631=EDGE_CURVE('',#7007,#7006,#79,.T.);
#5632=EDGE_CURVE('',#7007,#7005,#80,.T.);
#5633=EDGE_CURVE('',#7008,#7006,#81,.T.);
#5634=EDGE_CURVE('',#7009,#7008,#82,.T.);
#5635=EDGE_CURVE('',#7009,#7007,#83,.T.);
#5636=EDGE_CURVE('',#7010,#7008,#84,.T.);
#5637=EDGE_CURVE('',#7011,#7010,#85,.T.);
#5638=EDGE_CURVE('',#7011,#7009,#86,.T.);
#5639=EDGE_CURVE('',#7012,#7010,#87,.T.);
#5640=EDGE_CURVE('',#7013,#7012,#88,.T.);
#5641=EDGE_CURVE('',#7013,#7011,#89,.T.);
#5642=EDGE_CURVE('',#7014,#7012,#90,.T.);
#5643=EDGE_CURVE('',#7015,#7014,#91,.T.);
#5644=EDGE_CURVE('',#7015,#7013,#92,.T.);
#5645=EDGE_CURVE('',#7016,#7014,#93,.T.);
#5646=EDGE_CURVE('',#7017,#7016,#94,.T.);
#5647=EDGE_CURVE('',#7017,#7015,#95,.T.);
#5648=EDGE_CURVE('',#7018,#7016,#96,.T.);
#5649=EDGE_CURVE('',#7019,#7018,#97,.T.);
#5650=EDGE_CURVE('',#7019,#7017,#98,.T.);
#5651=EDGE_CURVE('',#7020,#7018,#99,.T.);
#5652=EDGE_CURVE('',#7021,#7020,#100,.T.);
#5653=EDGE_CURVE('',#7021,#7019,#101,.T.);
#5654=EDGE_CURVE('',#7022,#7020,#102,.T.);
#5655=EDGE_CURVE('',#7023,#7022,#103,.T.);
#5656=EDGE_CURVE('',#7023,#7021,#104,.T.);
#5657=EDGE_CURVE('',#7024,#7022,#105,.T.);
#5658=EDGE_CURVE('',#7025,#7024,#106,.T.);
#5659=EDGE_CURVE('',#7025,#7023,#107,.T.);
#5660=EDGE_CURVE('',#7026,#7024,#108,.T.);
#5661=EDGE_CURVE('',#7027,#7026,#109,.T.);
#5662=EDGE_CURVE('',#7027,#7025,#110,.T.);
#5663=EDGE_CURVE('',#7028,#7026,#111,.T.);
#5664=EDGE_CURVE('',#7029,#7028,#112,.T.);
#5665=EDGE_CURVE('',#7029,#7027,#113,.T.);
#5666=EDGE_CURVE('',#7030,#7028,#114,.T.);
#5667=EDGE_CURVE('',#7031,#7030,#115,.T.);
#5668=EDGE_CURVE('',#7031,#7029,#116,.T.);
#5669=EDGE_CURVE('',#7032,#7030,#117,.T.);
#5670=EDGE_CURVE('',#7033,#7032,#118,.T.);
#5671=EDGE_CURVE('',#7033,#7031,#119,.T.);
#5672=EDGE_CURVE('',#7034,#7032,#120,.T.);
#5673=EDGE_CURVE('',#7035,#7034,#121,.T.);
#5674=EDGE_CURVE('',#7035,#7033,#122,.T.);
#5675=EDGE_CURVE('',#7036,#7034,#123,.T.);
#5676=EDGE_CURVE('',#7037,#7036,#124,.T.);
#5677=EDGE_CURVE('',#7037,#7035,#125,.T.);
#5678=EDGE_CURVE('',#7038,#7036,#126,.T.);
#5679=EDGE_CURVE('',#7039,#7038,#127,.T.);
#5680=EDGE_CURVE('',#7039,#7037,#128,.T.);
#5681=EDGE_CURVE('',#7040,#7038,#129,.T.);
#5682=EDGE_CURVE('',#7041,#7040,#130,.T.);
#5683=EDGE_CURVE('',#7041,#7039,#131,.T.);
#5684=EDGE_CURVE('',#7042,#7040,#132,.T.);
#5685=EDGE_CURVE('',#7043,#7042,#133,.T.);
#5686=EDGE_CURVE('',#7043,#7041,#134,.T.);
#5687=EDGE_CURVE('',#7044,#7042,#135,.T.);
#5688=EDGE_CURVE('',#7045,#7044,#136,.T.);
#5689=EDGE_CURVE('',#7045,#7043,#137,.T.);
#5690=EDGE_CURVE('',#7046,#7044,#138,.T.);
#5691=EDGE_CURVE('',#7047,#7046,#139,.T.);
#5692=EDGE_CURVE('',#7047,#7045,#140,.T.);
#5693=EDGE_CURVE('',#7048,#7046,#141,.T.);
#5694=EDGE_CURVE('',#7049,#7048,#142,.T.);
#5695=EDGE_CURVE('',#7049,#7047,#143,.T.);
#5696=EDGE_CURVE('',#7050,#7048,#144,.T.);
#5697=EDGE_CURVE('',#7051,#7050,#145,.T.);
#5698=EDGE_CURVE('',#7051,#7049,#146,.T.);
#5699=EDGE_CURVE('',#7052,#7050,#147,.T.);
#5700=EDGE_CURVE('',#7053,#7052,#148,.T.);
#5701=EDGE_CURVE('',#7053,#7051,#149,.T.);
#5702=EDGE_CURVE('',#7054,#7052,#150,.T.);
#5703=EDGE_CURVE('',#7055,#7054,#151,.T.);
#5704=EDGE_CURVE('',#7055,#7053,#152,.T.);
#5705=EDGE_CURVE('',#7056,#7054,#153,.T.);
#5706=EDGE_CURVE('',#7057,#7056,#154,.T.);
#5707=EDGE_CURVE('',#7057,#7055,#155,.T.);
#5708=EDGE_CURVE('',#7058,#7056,#156,.T.);
#5709=EDGE_CURVE('',#7059,#7058,#157,.T.);
#5710=EDGE_CURVE('',#7059,#7057,#158,.T.);
#5711=EDGE_CURVE('',#7060,#7058,#159,.T.);
#5712=EDGE_CURVE('',#7061,#7060,#160,.T.);
#5713=EDGE_CURVE('',#7061,#7059,#161,.T.);
#5714=EDGE_CURVE('',#7062,#7060,#162,.T.);
#5715=EDGE_CURVE('',#7063,#7062,#163,.T.);
#5716=EDGE_CURVE('',#7063,#7061,#164,.T.);
#5717=EDGE_CURVE('',#7064,#7062,#165,.T.);
#5718=EDGE_CURVE('',#7065,#7064,#166,.T.);
#5719=EDGE_CURVE('',#7065,#7063,#167,.T.);
#5720=EDGE_CURVE('',#7066,#7064,#168,.T.);
#5721=EDGE_CURVE('',#7067,#7066,#169,.T.);
#5722=EDGE_CURVE('',#7067,#7065,#170,.T.);
#5723=EDGE_CURVE('',#7068,#7066,#171,.T.);
#5724=EDGE_CURVE('',#7069,#7068,#172,.T.);
#5725=EDGE_CURVE('',#7069,#7067,#173,.T.);
#5726=EDGE_CURVE('',#7070,#7068,#174,.T.);
#5727=EDGE_CURVE('',#7071,#7070,#175,.T.);
#5728=EDGE_CURVE('',#7071,#7069,#176,.T.);
#5729=EDGE_CURVE('',#7072,#7070,#177,.T.);
#5730=EDGE_CURVE('',#7073,#7072,#178,.T.);
#5731=EDGE_CURVE('',#7073,#7071,#179,.T.);
#5732=EDGE_CURVE('',#7074,#7072,#180,.T.);
#5733=EDGE_CURVE('',#7075,#7074,#181,.T.);
#5734=EDGE_CURVE('',#7075,#7073,#182,.T.);
#5735=EDGE_CURVE('',#7076,#7074,#183,.T.);
#5736=EDGE_CURVE('',#7077,#7076,#184,.T.);
#5737=EDGE_CURVE('',#7077,#7075,#185,.T.);
#5738=EDGE_CURVE('',#7078,#7076,#186,.T.);
#5739=EDGE_CURVE('',#7079,#7078,#187,.T.);
#5740=EDGE_CURVE('',#7079,#7077,#188,.T.);
#5741=EDGE_CURVE('',#7080,#7078,#189,.T.);
#5742=EDGE_CURVE('',#7081,#7080,#190,.T.);
#5743=EDGE_CURVE('',#7081,#7079,#191,.T.);
#5744=EDGE_CURVE('',#7082,#7080,#192,.T.);
#5745=EDGE_CURVE('',#7083,#7082,#193,.T.);
#5746=EDGE_CURVE('',#7083,#7081,#194,.T.);
#5747=EDGE_CURVE('',#7084,#7082,#195,.T.);
#5748=EDGE_CURVE('',#7085,#7084,#196,.T.);
#5749=EDGE_CURVE('',#7085,#7083,#197,.T.);
#5750=EDGE_CURVE('',#7086,#7084,#198,.T.);
#5751=EDGE_CURVE('',#7087,#7086,#199,.T.);
#5752=EDGE_CURVE('',#7087,#7085,#200,.T.);
#5753=EDGE_CURVE('',#7088,#7086,#201,.T.);
#5754=EDGE_CURVE('',#7089,#7088,#202,.T.);
#5755=EDGE_CURVE('',#7089,#7087,#203,.T.);
#5756=EDGE_CURVE('',#7090,#7088,#204,.T.);
#5757=EDGE_CURVE('',#7091,#7090,#205,.T.);
#5758=EDGE_CURVE('',#7091,#7089,#206,.T.);
#5759=EDGE_CURVE('',#7092,#7090,#207,.T.);
#5760=EDGE_CURVE('',#7093,#7092,#208,.T.);
#5761=EDGE_CURVE('',#7093,#7091,#209,.T.);
#5762=EDGE_CURVE('',#7094,#7092,#210,.T.);
#5763=EDGE_CURVE('',#7095,#7094,#211,.T.);
#5764=EDGE_CURVE('',#7095,#7093,#212,.T.);
#5765=EDGE_CURVE('',#7096,#7094,#213,.T.);
#5766=EDGE_CURVE('',#7097,#7096,#214,.T.);
#5767=EDGE_CURVE('',#7097,#7095,#215,.T.);
#5768=EDGE_CURVE('',#7098,#7099,#216,.F.);
#5769=EDGE_CURVE('',#7098,#7097,#217,.T.);
#5770=EDGE_CURVE('',#7099,#7096,#218,.T.);
#5771=EDGE_CURVE('',#7100,#7101,#219,.T.);
#5772=EDGE_CURVE('',#7102,#7100,#220,.T.);
#5773=EDGE_CURVE('',#7103,#7102,#221,.T.);
#5774=EDGE_CURVE('',#7103,#7101,#222,.T.);
#5775=EDGE_CURVE('',#7104,#7102,#223,.T.);
#5776=EDGE_CURVE('',#7105,#7104,#224,.T.);
#5777=EDGE_CURVE('',#7105,#7103,#225,.T.);
#5778=EDGE_CURVE('',#7106,#7104,#226,.T.);
#5779=EDGE_CURVE('',#7107,#7106,#227,.T.);
#5780=EDGE_CURVE('',#7107,#7105,#228,.T.);
#5781=EDGE_CURVE('',#7108,#7106,#229,.T.);
#5782=EDGE_CURVE('',#7109,#7108,#230,.T.);
#5783=EDGE_CURVE('',#7109,#7107,#231,.T.);
#5784=EDGE_CURVE('',#7110,#7108,#232,.T.);
#5785=EDGE_CURVE('',#7111,#7110,#233,.T.);
#5786=EDGE_CURVE('',#7111,#7109,#234,.T.);
#5787=EDGE_CURVE('',#7112,#7110,#235,.T.);
#5788=EDGE_CURVE('',#7113,#7112,#236,.T.);
#5789=EDGE_CURVE('',#7113,#7111,#237,.T.);
#5790=EDGE_CURVE('',#7114,#7112,#238,.T.);
#5791=EDGE_CURVE('',#7115,#7114,#239,.T.);
#5792=EDGE_CURVE('',#7115,#7113,#240,.T.);
#5793=EDGE_CURVE('',#7116,#7114,#241,.T.);
#5794=EDGE_CURVE('',#7117,#7116,#242,.T.);
#5795=EDGE_CURVE('',#7117,#7115,#243,.T.);
#5796=EDGE_CURVE('',#7118,#7116,#244,.T.);
#5797=EDGE_CURVE('',#7119,#7118,#245,.T.);
#5798=EDGE_CURVE('',#7119,#7117,#246,.T.);
#5799=EDGE_CURVE('',#7120,#7118,#247,.T.);
#5800=EDGE_CURVE('',#7121,#7120,#248,.T.);
#5801=EDGE_CURVE('',#7121,#7119,#249,.T.);
#5802=EDGE_CURVE('',#7122,#7120,#250,.T.);
#5803=EDGE_CURVE('',#7123,#7122,#251,.T.);
#5804=EDGE_CURVE('',#7123,#7121,#252,.T.);
#5805=EDGE_CURVE('',#7124,#7122,#253,.T.);
#5806=EDGE_CURVE('',#7125,#7124,#254,.T.);
#5807=EDGE_CURVE('',#7125,#7123,#255,.T.);
#5808=EDGE_CURVE('',#7126,#7124,#256,.T.);
#5809=EDGE_CURVE('',#7127,#7126,#257,.T.);
#5810=EDGE_CURVE('',#7127,#7125,#258,.T.);
#5811=EDGE_CURVE('',#7128,#7126,#259,.T.);
#5812=EDGE_CURVE('',#7129,#7128,#260,.T.);
#5813=EDGE_CURVE('',#7129,#7127,#261,.T.);
#5814=EDGE_CURVE('',#7130,#7128,#262,.T.);
#5815=EDGE_CURVE('',#7131,#7130,#263,.T.);
#5816=EDGE_CURVE('',#7131,#7129,#264,.T.);
#5817=EDGE_CURVE('',#7132,#7130,#265,.T.);
#5818=EDGE_CURVE('',#7133,#7132,#266,.T.);
#5819=EDGE_CURVE('',#7133,#7131,#267,.T.);
#5820=EDGE_CURVE('',#7134,#7132,#268,.T.);
#5821=EDGE_CURVE('',#7135,#7134,#269,.T.);
#5822=EDGE_CURVE('',#7135,#7133,#270,.T.);
#5823=EDGE_CURVE('',#7136,#7134,#271,.T.);
#5824=EDGE_CURVE('',#7137,#7136,#272,.T.);
#5825=EDGE_CURVE('',#7137,#7135,#273,.T.);
#5826=EDGE_CURVE('',#7138,#7136,#274,.T.);
#5827=EDGE_CURVE('',#7139,#7138,#275,.T.);
#5828=EDGE_CURVE('',#7139,#7137,#276,.T.);
#5829=EDGE_CURVE('',#7140,#7138,#277,.T.);
#5830=EDGE_CURVE('',#7141,#7140,#278,.T.);
#5831=EDGE_CURVE('',#7141,#7139,#279,.T.);
#5832=EDGE_CURVE('',#7142,#7140,#280,.T.);
#5833=EDGE_CURVE('',#7143,#7142,#281,.T.);
#5834=EDGE_CURVE('',#7143,#7141,#282,.T.);
#5835=EDGE_CURVE('',#7144,#7142,#283,.T.);
#5836=EDGE_CURVE('',#7145,#7144,#284,.T.);
#5837=EDGE_CURVE('',#7145,#7143,#285,.T.);
#5838=EDGE_CURVE('',#7146,#7144,#286,.T.);
#5839=EDGE_CURVE('',#7147,#7146,#287,.T.);
#5840=EDGE_CURVE('',#7147,#7145,#288,.T.);
#5841=EDGE_CURVE('',#7148,#7146,#289,.T.);
#5842=EDGE_CURVE('',#7149,#7148,#290,.T.);
#5843=EDGE_CURVE('',#7149,#7147,#291,.T.);
#5844=EDGE_CURVE('',#7150,#7148,#292,.T.);
#5845=EDGE_CURVE('',#7151,#7150,#293,.T.);
#5846=EDGE_CURVE('',#7151,#7149,#294,.T.);
#5847=EDGE_CURVE('',#7152,#7150,#295,.T.);
#5848=EDGE_CURVE('',#7153,#7152,#296,.T.);
#5849=EDGE_CURVE('',#7153,#7151,#297,.T.);
#5850=EDGE_CURVE('',#7154,#7152,#298,.T.);
#5851=EDGE_CURVE('',#7155,#7154,#299,.T.);
#5852=EDGE_CURVE('',#7155,#7153,#300,.T.);
#5853=EDGE_CURVE('',#7156,#7154,#301,.T.);
#5854=EDGE_CURVE('',#7157,#7156,#302,.T.);
#5855=EDGE_CURVE('',#7157,#7155,#303,.T.);
#5856=EDGE_CURVE('',#7158,#7156,#304,.T.);
#5857=EDGE_CURVE('',#7159,#7158,#305,.T.);
#5858=EDGE_CURVE('',#7159,#7157,#306,.T.);
#5859=EDGE_CURVE('',#7160,#7158,#307,.T.);
#5860=EDGE_CURVE('',#7161,#7160,#308,.T.);
#5861=EDGE_CURVE('',#7161,#7159,#309,.T.);
#5862=EDGE_CURVE('',#7162,#7160,#310,.T.);
#5863=EDGE_CURVE('',#7163,#7162,#311,.T.);
#5864=EDGE_CURVE('',#7163,#7161,#312,.T.);
#5865=EDGE_CURVE('',#7164,#7162,#313,.T.);
#5866=EDGE_CURVE('',#7165,#7164,#314,.T.);
#5867=EDGE_CURVE('',#7165,#7163,#315,.T.);
#5868=EDGE_CURVE('',#7166,#7164,#316,.T.);
#5869=EDGE_CURVE('',#7167,#7166,#317,.T.);
#5870=EDGE_CURVE('',#7167,#7165,#318,.T.);
#5871=EDGE_CURVE('',#7168,#7166,#319,.T.);
#5872=EDGE_CURVE('',#7169,#7168,#320,.T.);
#5873=EDGE_CURVE('',#7169,#7167,#321,.T.);
#5874=EDGE_CURVE('',#7170,#7168,#322,.T.);
#5875=EDGE_CURVE('',#7171,#7170,#323,.T.);
#5876=EDGE_CURVE('',#7171,#7169,#324,.T.);
#5877=EDGE_CURVE('',#7172,#7170,#325,.T.);
#5878=EDGE_CURVE('',#7173,#7172,#326,.T.);
#5879=EDGE_CURVE('',#7173,#7171,#327,.T.);
#5880=EDGE_CURVE('',#7174,#7172,#328,.T.);
#5881=EDGE_CURVE('',#7175,#7174,#329,.T.);
#5882=EDGE_CURVE('',#7175,#7173,#330,.T.);
#5883=EDGE_CURVE('',#7176,#7174,#331,.T.);
#5884=EDGE_CURVE('',#7177,#7176,#332,.T.);
#5885=EDGE_CURVE('',#7177,#7175,#333,.T.);
#5886=EDGE_CURVE('',#7178,#7176,#334,.T.);
#5887=EDGE_CURVE('',#7179,#7178,#335,.T.);
#5888=EDGE_CURVE('',#7179,#7177,#336,.T.);
#5889=EDGE_CURVE('',#7180,#7178,#337,.T.);
#5890=EDGE_CURVE('',#7181,#7180,#338,.T.);
#5891=EDGE_CURVE('',#7181,#7179,#339,.T.);
#5892=EDGE_CURVE('',#7182,#7180,#340,.T.);
#5893=EDGE_CURVE('',#7183,#7182,#341,.T.);
#5894=EDGE_CURVE('',#7183,#7181,#342,.T.);
#5895=EDGE_CURVE('',#7184,#7182,#343,.T.);
#5896=EDGE_CURVE('',#7185,#7184,#344,.T.);
#5897=EDGE_CURVE('',#7185,#7183,#345,.T.);
#5898=EDGE_CURVE('',#7186,#7184,#346,.T.);
#5899=EDGE_CURVE('',#7187,#7186,#347,.T.);
#5900=EDGE_CURVE('',#7187,#7185,#348,.T.);
#5901=EDGE_CURVE('',#7188,#7186,#349,.T.);
#5902=EDGE_CURVE('',#7189,#7188,#350,.T.);
#5903=EDGE_CURVE('',#7189,#7187,#351,.T.);
#5904=EDGE_CURVE('',#7190,#7188,#352,.T.);
#5905=EDGE_CURVE('',#7191,#7190,#353,.T.);
#5906=EDGE_CURVE('',#7191,#7189,#354,.T.);
#5907=EDGE_CURVE('',#7192,#7190,#355,.T.);
#5908=EDGE_CURVE('',#7193,#7192,#356,.T.);
#5909=EDGE_CURVE('',#7193,#7191,#357,.T.);
#5910=EDGE_CURVE('',#7194,#7192,#358,.T.);
#5911=EDGE_CURVE('',#7195,#7194,#359,.T.);
#5912=EDGE_CURVE('',#7195,#7193,#360,.T.);
#5913=EDGE_CURVE('',#7196,#7194,#361,.T.);
#5914=EDGE_CURVE('',#7197,#7196,#362,.T.);
#5915=EDGE_CURVE('',#7197,#7195,#363,.T.);
#5916=EDGE_CURVE('',#7198,#7196,#364,.T.);
#5917=EDGE_CURVE('',#7199,#7198,#365,.T.);
#5918=EDGE_CURVE('',#7199,#7197,#366,.T.);
#5919=EDGE_CURVE('',#7200,#7198,#367,.T.);
#5920=EDGE_CURVE('',#7201,#7200,#368,.T.);
#5921=EDGE_CURVE('',#7201,#7199,#369,.T.);
#5922=EDGE_CURVE('',#7202,#7200,#370,.T.);
#5923=EDGE_CURVE('',#7203,#7202,#371,.T.);
#5924=EDGE_CURVE('',#7203,#7201,#372,.T.);
#5925=EDGE_CURVE('',#7204,#7202,#373,.T.);
#5926=EDGE_CURVE('',#7205,#7204,#374,.T.);
#5927=EDGE_CURVE('',#7205,#7203,#375,.T.);
#5928=EDGE_CURVE('',#7206,#7204,#376,.T.);
#5929=EDGE_CURVE('',#7207,#7206,#377,.T.);
#5930=EDGE_CURVE('',#7207,#7205,#378,.T.);
#5931=EDGE_CURVE('',#7208,#7206,#379,.T.);
#5932=EDGE_CURVE('',#7209,#7208,#380,.T.);
#5933=EDGE_CURVE('',#7209,#7207,#381,.T.);
#5934=EDGE_CURVE('',#7210,#7208,#382,.T.);
#5935=EDGE_CURVE('',#7211,#7210,#383,.T.);
#5936=EDGE_CURVE('',#7211,#7209,#384,.T.);
#5937=EDGE_CURVE('',#7212,#7210,#385,.T.);
#5938=EDGE_CURVE('',#7213,#7212,#386,.T.);
#5939=EDGE_CURVE('',#7213,#7211,#387,.T.);
#5940=EDGE_CURVE('',#7214,#7212,#388,.T.);
#5941=EDGE_CURVE('',#7215,#7214,#389,.T.);
#5942=EDGE_CURVE('',#7215,#7213,#390,.T.);
#5943=EDGE_CURVE('',#7216,#7214,#391,.T.);
#5944=EDGE_CURVE('',#7217,#7216,#392,.T.);
#5945=EDGE_CURVE('',#7217,#7215,#393,.T.);
#5946=EDGE_CURVE('',#7218,#7216,#394,.T.);
#5947=EDGE_CURVE('',#7219,#7218,#395,.T.);
#5948=EDGE_CURVE('',#7219,#7217,#396,.T.);
#5949=EDGE_CURVE('',#7220,#7218,#397,.T.);
#5950=EDGE_CURVE('',#7221,#7220,#398,.T.);
#5951=EDGE_CURVE('',#7221,#7219,#399,.T.);
#5952=EDGE_CURVE('',#7222,#7220,#400,.T.);
#5953=EDGE_CURVE('',#7223,#7222,#401,.T.);
#5954=EDGE_CURVE('',#7223,#7221,#402,.T.);
#5955=EDGE_CURVE('',#7224,#7222,#403,.T.);
#5956=EDGE_CURVE('',#7225,#7224,#404,.T.);
#5957=EDGE_CURVE('',#7225,#7223,#405,.T.);
#5958=EDGE_CURVE('',#7226,#7224,#406,.T.);
#5959=EDGE_CURVE('',#7227,#7226,#407,.T.);
#5960=EDGE_CURVE('',#7227,#7225,#408,.T.);
#5961=EDGE_CURVE('',#7228,#7226,#409,.T.);
#5962=EDGE_CURVE('',#7229,#7228,#410,.T.);
#5963=EDGE_CURVE('',#7229,#7227,#411,.T.);
#5964=EDGE_CURVE('',#7230,#7228,#412,.T.);
#5965=EDGE_CURVE('',#7231,#7230,#413,.T.);
#5966=EDGE_CURVE('',#7231,#7229,#414,.T.);
#5967=EDGE_CURVE('',#7232,#7230,#415,.T.);
#5968=EDGE_CURVE('',#7233,#7232,#416,.T.);
#5969=EDGE_CURVE('',#7233,#7231,#417,.T.);
#5970=EDGE_CURVE('',#7234,#7232,#418,.T.);
#5971=EDGE_CURVE('',#7235,#7234,#419,.T.);
#5972=EDGE_CURVE('',#7235,#7233,#420,.T.);
#5973=EDGE_CURVE('',#7236,#7234,#421,.T.);
#5974=EDGE_CURVE('',#7237,#7236,#422,.T.);
#5975=EDGE_CURVE('',#7237,#7235,#423,.T.);
#5976=EDGE_CURVE('',#7238,#7236,#424,.T.);
#5977=EDGE_CURVE('',#7239,#7238,#425,.T.);
#5978=EDGE_CURVE('',#7239,#7237,#426,.T.);
#5979=EDGE_CURVE('',#7240,#7238,#427,.T.);
#5980=EDGE_CURVE('',#7241,#7240,#428,.T.);
#5981=EDGE_CURVE('',#7241,#7239,#429,.T.);
#5982=EDGE_CURVE('',#7242,#7240,#430,.T.);
#5983=EDGE_CURVE('',#7243,#7242,#431,.T.);
#5984=EDGE_CURVE('',#7243,#7241,#432,.T.);
#5985=EDGE_CURVE('',#7244,#7242,#433,.T.);
#5986=EDGE_CURVE('',#7245,#7244,#434,.T.);
#5987=EDGE_CURVE('',#7245,#7243,#435,.T.);
#5988=EDGE_CURVE('',#7246,#7244,#436,.T.);
#5989=EDGE_CURVE('',#7247,#7246,#437,.T.);
#5990=EDGE_CURVE('',#7247,#7245,#438,.T.);
#5991=EDGE_CURVE('',#7248,#7246,#439,.T.);
#5992=EDGE_CURVE('',#7249,#7248,#440,.T.);
#5993=EDGE_CURVE('',#7249,#7247,#441,.T.);
#5994=EDGE_CURVE('',#7250,#7248,#442,.T.);
#5995=EDGE_CURVE('',#7251,#7250,#443,.T.);
#5996=EDGE_CURVE('',#7251,#7249,#444,.T.);
#5997=EDGE_CURVE('',#7252,#7250,#445,.T.);
#5998=EDGE_CURVE('',#7253,#7252,#446,.T.);
#5999=EDGE_CURVE('',#7253,#7251,#447,.T.);
#6000=EDGE_CURVE('',#7254,#7252,#448,.T.);
#6001=EDGE_CURVE('',#7255,#7254,#449,.T.);
#6002=EDGE_CURVE('',#7255,#7253,#450,.T.);
#6003=EDGE_CURVE('',#7256,#7254,#451,.T.);
#6004=EDGE_CURVE('',#7257,#7256,#452,.T.);
#6005=EDGE_CURVE('',#7257,#7255,#453,.T.);
#6006=EDGE_CURVE('',#7258,#7256,#454,.T.);
#6007=EDGE_CURVE('',#7259,#7258,#455,.T.);
#6008=EDGE_CURVE('',#7259,#7257,#456,.T.);
#6009=EDGE_CURVE('',#7260,#7258,#457,.T.);
#6010=EDGE_CURVE('',#7261,#7260,#458,.T.);
#6011=EDGE_CURVE('',#7261,#7259,#459,.T.);
#6012=EDGE_CURVE('',#7262,#7260,#460,.T.);
#6013=EDGE_CURVE('',#7263,#7262,#461,.T.);
#6014=EDGE_CURVE('',#7263,#7261,#462,.T.);
#6015=EDGE_CURVE('',#7264,#7262,#463,.T.);
#6016=EDGE_CURVE('',#7265,#7264,#464,.T.);
#6017=EDGE_CURVE('',#7265,#7263,#465,.T.);
#6018=EDGE_CURVE('',#7266,#7264,#466,.T.);
#6019=EDGE_CURVE('',#7267,#7266,#467,.T.);
#6020=EDGE_CURVE('',#7267,#7265,#468,.T.);
#6021=EDGE_CURVE('',#7268,#7266,#469,.T.);
#6022=EDGE_CURVE('',#7269,#7268,#470,.T.);
#6023=EDGE_CURVE('',#7269,#7267,#471,.T.);
#6024=EDGE_CURVE('',#7270,#7268,#472,.T.);
#6025=EDGE_CURVE('',#7271,#7270,#473,.T.);
#6026=EDGE_CURVE('',#7271,#7269,#474,.T.);
#6027=EDGE_CURVE('',#7272,#7270,#475,.T.);
#6028=EDGE_CURVE('',#7273,#7272,#476,.T.);
#6029=EDGE_CURVE('',#7273,#7271,#477,.T.);
#6030=EDGE_CURVE('',#7274,#7272,#478,.T.);
#6031=EDGE_CURVE('',#7275,#7274,#479,.T.);
#6032=EDGE_CURVE('',#7275,#7273,#480,.T.);
#6033=EDGE_CURVE('',#7276,#7274,#481,.T.);
#6034=EDGE_CURVE('',#7277,#7276,#482,.T.);
#6035=EDGE_CURVE('',#7277,#7275,#483,.T.);
#6036=EDGE_CURVE('',#7278,#7276,#484,.T.);
#6037=EDGE_CURVE('',#7279,#7278,#485,.T.);
#6038=EDGE_CURVE('',#7279,#7277,#486,.T.);
#6039=EDGE_CURVE('',#7280,#7278,#487,.T.);
#6040=EDGE_CURVE('',#7281,#7280,#488,.T.);
#6041=EDGE_CURVE('',#7281,#7279,#489,.T.);
#6042=EDGE_CURVE('',#7282,#7280,#490,.T.);
#6043=EDGE_CURVE('',#7283,#7282,#491,.T.);
#6044=EDGE_CURVE('',#7283,#7281,#492,.T.);
#6045=EDGE_CURVE('',#7284,#7282,#493,.T.);
#6046=EDGE_CURVE('',#7285,#7284,#494,.T.);
#6047=EDGE_CURVE('',#7285,#7283,#495,.T.);
#6048=EDGE_CURVE('',#7286,#7284,#496,.T.);
#6049=EDGE_CURVE('',#7287,#7286,#497,.T.);
#6050=EDGE_CURVE('',#7287,#7285,#498,.T.);
#6051=EDGE_CURVE('',#7288,#7286,#499,.T.);
#6052=EDGE_CURVE('',#7289,#7288,#500,.T.);
#6053=EDGE_CURVE('',#7289,#7287,#501,.T.);
#6054=EDGE_CURVE('',#7290,#7288,#502,.T.);
#6055=EDGE_CURVE('',#7291,#7290,#503,.T.);
#6056=EDGE_CURVE('',#7291,#7289,#504,.T.);
#6057=EDGE_CURVE('',#7292,#7290,#505,.T.);
#6058=EDGE_CURVE('',#7293,#7292,#506,.T.);
#6059=EDGE_CURVE('',#7293,#7291,#507,.T.);
#6060=EDGE_CURVE('',#7294,#7292,#508,.T.);
#6061=EDGE_CURVE('',#7295,#7294,#509,.T.);
#6062=EDGE_CURVE('',#7295,#7293,#510,.T.);
#6063=EDGE_CURVE('',#7296,#7294,#511,.T.);
#6064=EDGE_CURVE('',#7297,#7296,#512,.T.);
#6065=EDGE_CURVE('',#7297,#7295,#513,.T.);
#6066=EDGE_CURVE('',#7298,#7296,#514,.T.);
#6067=EDGE_CURVE('',#7299,#7298,#515,.T.);
#6068=EDGE_CURVE('',#7299,#7297,#516,.T.);
#6069=EDGE_CURVE('',#7300,#7298,#517,.T.);
#6070=EDGE_CURVE('',#7301,#7300,#518,.T.);
#6071=EDGE_CURVE('',#7301,#7299,#519,.T.);
#6072=EDGE_CURVE('',#7302,#7300,#520,.T.);
#6073=EDGE_CURVE('',#7303,#7302,#521,.T.);
#6074=EDGE_CURVE('',#7303,#7301,#522,.T.);
#6075=EDGE_CURVE('',#7304,#7302,#523,.T.);
#6076=EDGE_CURVE('',#7305,#7304,#524,.T.);
#6077=EDGE_CURVE('',#7305,#7303,#525,.T.);
#6078=EDGE_CURVE('',#7306,#7304,#526,.T.);
#6079=EDGE_CURVE('',#7307,#7306,#527,.T.);
#6080=EDGE_CURVE('',#7307,#7305,#528,.T.);
#6081=EDGE_CURVE('',#7308,#7306,#529,.T.);
#6082=EDGE_CURVE('',#7309,#7308,#530,.T.);
#6083=EDGE_CURVE('',#7309,#7307,#531,.T.);
#6084=EDGE_CURVE('',#7310,#7308,#532,.T.);
#6085=EDGE_CURVE('',#7311,#7310,#533,.T.);
#6086=EDGE_CURVE('',#7311,#7309,#534,.T.);
#6087=EDGE_CURVE('',#7312,#7310,#535,.T.);
#6088=EDGE_CURVE('',#7313,#7312,#536,.T.);
#6089=EDGE_CURVE('',#7313,#7311,#537,.T.);
#6090=EDGE_CURVE('',#7314,#7312,#538,.T.);
#6091=EDGE_CURVE('',#7315,#7314,#539,.T.);
#6092=EDGE_CURVE('',#7315,#7313,#540,.T.);
#6093=EDGE_CURVE('',#7316,#7314,#541,.T.);
#6094=EDGE_CURVE('',#7317,#7316,#542,.T.);
#6095=EDGE_CURVE('',#7317,#7315,#543,.T.);
#6096=EDGE_CURVE('',#7318,#7316,#544,.T.);
#6097=EDGE_CURVE('',#7319,#7318,#545,.T.);
#6098=EDGE_CURVE('',#7319,#7317,#546,.T.);
#6099=EDGE_CURVE('',#7320,#7318,#547,.T.);
#6100=EDGE_CURVE('',#7321,#7320,#548,.T.);
#6101=EDGE_CURVE('',#7321,#7319,#549,.T.);
#6102=EDGE_CURVE('',#7322,#7320,#550,.T.);
#6103=EDGE_CURVE('',#7323,#7322,#551,.T.);
#6104=EDGE_CURVE('',#7323,#7321,#552,.T.);
#6105=EDGE_CURVE('',#7324,#7322,#553,.T.);
#6106=EDGE_CURVE('',#7325,#7324,#554,.T.);
#6107=EDGE_CURVE('',#7325,#7323,#555,.T.);
#6108=EDGE_CURVE('',#7326,#7324,#556,.T.);
#6109=EDGE_CURVE('',#7327,#7326,#557,.T.);
#6110=EDGE_CURVE('',#7327,#7325,#558,.T.);
#6111=EDGE_CURVE('',#7328,#7326,#559,.T.);
#6112=EDGE_CURVE('',#7329,#7328,#560,.T.);
#6113=EDGE_CURVE('',#7329,#7327,#561,.T.);
#6114=EDGE_CURVE('',#7330,#7328,#562,.T.);
#6115=EDGE_CURVE('',#7331,#7330,#563,.T.);
#6116=EDGE_CURVE('',#7331,#7329,#564,.T.);
#6117=EDGE_CURVE('',#7332,#7330,#565,.T.);
#6118=EDGE_CURVE('',#7333,#7332,#566,.T.);
#6119=EDGE_CURVE('',#7333,#7331,#567,.T.);
#6120=EDGE_CURVE('',#7334,#7332,#568,.T.);
#6121=EDGE_CURVE('',#7335,#7334,#569,.T.);
#6122=EDGE_CURVE('',#7335,#7333,#570,.T.);
#6123=EDGE_CURVE('',#7336,#7334,#571,.T.);
#6124=EDGE_CURVE('',#7337,#7336,#572,.T.);
#6125=EDGE_CURVE('',#7337,#7335,#573,.T.);
#6126=EDGE_CURVE('',#7338,#7336,#574,.T.);
#6127=EDGE_CURVE('',#7339,#7338,#575,.T.);
#6128=EDGE_CURVE('',#7339,#7337,#576,.T.);
#6129=EDGE_CURVE('',#7340,#7338,#577,.T.);
#6130=EDGE_CURVE('',#7341,#7340,#578,.T.);
#6131=EDGE_CURVE('',#7341,#7339,#579,.T.);
#6132=EDGE_CURVE('',#7342,#7340,#580,.T.);
#6133=EDGE_CURVE('',#7343,#7342,#581,.T.);
#6134=EDGE_CURVE('',#7343,#7341,#582,.T.);
#6135=EDGE_CURVE('',#7344,#7342,#583,.T.);
#6136=EDGE_CURVE('',#7345,#7344,#584,.T.);
#6137=EDGE_CURVE('',#7345,#7343,#585,.T.);
#6138=EDGE_CURVE('',#7346,#7344,#586,.T.);
#6139=EDGE_CURVE('',#7347,#7346,#587,.T.);
#6140=EDGE_CURVE('',#7347,#7345,#588,.T.);
#6141=EDGE_CURVE('',#7348,#7346,#589,.T.);
#6142=EDGE_CURVE('',#7349,#7348,#590,.T.);
#6143=EDGE_CURVE('',#7349,#7347,#591,.T.);
#6144=EDGE_CURVE('',#7350,#7348,#592,.T.);
#6145=EDGE_CURVE('',#7351,#7350,#593,.T.);
#6146=EDGE_CURVE('',#7351,#7349,#594,.T.);
#6147=EDGE_CURVE('',#7352,#7350,#595,.T.);
#6148=EDGE_CURVE('',#7353,#7352,#596,.T.);
#6149=EDGE_CURVE('',#7353,#7351,#597,.T.);
#6150=EDGE_CURVE('',#7354,#7352,#598,.T.);
#6151=EDGE_CURVE('',#7355,#7354,#599,.T.);
#6152=EDGE_CURVE('',#7355,#7353,#600,.T.);
#6153=EDGE_CURVE('',#7356,#7354,#601,.T.);
#6154=EDGE_CURVE('',#7357,#7356,#602,.T.);
#6155=EDGE_CURVE('',#7357,#7355,#603,.T.);
#6156=EDGE_CURVE('',#7358,#7356,#604,.T.);
#6157=EDGE_CURVE('',#7359,#7358,#605,.T.);
#6158=EDGE_CURVE('',#7359,#7357,#606,.T.);
#6159=EDGE_CURVE('',#7360,#7358,#607,.T.);
#6160=EDGE_CURVE('',#7361,#7360,#608,.T.);
#6161=EDGE_CURVE('',#7361,#7359,#609,.T.);
#6162=EDGE_CURVE('',#7362,#7360,#610,.T.);
#6163=EDGE_CURVE('',#7363,#7362,#611,.T.);
#6164=EDGE_CURVE('',#7363,#7361,#612,.T.);
#6165=EDGE_CURVE('',#7364,#7362,#613,.T.);
#6166=EDGE_CURVE('',#7365,#7364,#614,.T.);
#6167=EDGE_CURVE('',#7365,#7363,#615,.T.);
#6168=EDGE_CURVE('',#7366,#7364,#616,.T.);
#6169=EDGE_CURVE('',#7367,#7366,#617,.T.);
#6170=EDGE_CURVE('',#7367,#7365,#618,.T.);
#6171=EDGE_CURVE('',#7368,#7366,#619,.T.);
#6172=EDGE_CURVE('',#7369,#7368,#620,.T.);
#6173=EDGE_CURVE('',#7369,#7367,#621,.T.);
#6174=EDGE_CURVE('',#7370,#7368,#622,.T.);
#6175=EDGE_CURVE('',#7371,#7370,#623,.T.);
#6176=EDGE_CURVE('',#7371,#7369,#624,.T.);
#6177=EDGE_CURVE('',#7372,#7370,#625,.T.);
#6178=EDGE_CURVE('',#7373,#7372,#626,.T.);
#6179=EDGE_CURVE('',#7373,#7371,#627,.T.);
#6180=EDGE_CURVE('',#7374,#7372,#628,.T.);
#6181=EDGE_CURVE('',#7375,#7374,#629,.T.);
#6182=EDGE_CURVE('',#7375,#7373,#630,.T.);
#6183=EDGE_CURVE('',#7376,#7374,#631,.T.);
#6184=EDGE_CURVE('',#7377,#7376,#632,.T.);
#6185=EDGE_CURVE('',#7377,#7375,#633,.T.);
#6186=EDGE_CURVE('',#7378,#7376,#634,.T.);
#6187=EDGE_CURVE('',#7379,#7378,#635,.T.);
#6188=EDGE_CURVE('',#7379,#7377,#636,.T.);
#6189=EDGE_CURVE('',#7380,#7378,#637,.T.);
#6190=EDGE_CURVE('',#7381,#7380,#638,.T.);
#6191=EDGE_CURVE('',#7381,#7379,#639,.T.);
#6192=EDGE_CURVE('',#7382,#7380,#640,.T.);
#6193=EDGE_CURVE('',#7383,#7382,#641,.T.);
#6194=EDGE_CURVE('',#7383,#7381,#642,.T.);
#6195=EDGE_CURVE('',#7384,#7382,#643,.T.);
#6196=EDGE_CURVE('',#7385,#7384,#644,.T.);
#6197=EDGE_CURVE('',#7385,#7383,#645,.T.);
#6198=EDGE_CURVE('',#7386,#7384,#646,.T.);
#6199=EDGE_CURVE('',#7387,#7386,#647,.T.);
#6200=EDGE_CURVE('',#7387,#7385,#648,.T.);
#6201=EDGE_CURVE('',#7388,#7386,#649,.T.);
#6202=EDGE_CURVE('',#7389,#7388,#650,.T.);
#6203=EDGE_CURVE('',#7389,#7387,#651,.T.);
#6204=EDGE_CURVE('',#7390,#7388,#652,.T.);
#6205=EDGE_CURVE('',#7391,#7390,#653,.T.);
#6206=EDGE_CURVE('',#7391,#7389,#654,.T.);
#6207=EDGE_CURVE('',#7392,#7390,#655,.T.);
#6208=EDGE_CURVE('',#7393,#7392,#656,.T.);
#6209=EDGE_CURVE('',#7393,#7391,#657,.T.);
#6210=EDGE_CURVE('',#7394,#7392,#658,.T.);
#6211=EDGE_CURVE('',#7395,#7394,#659,.T.);
#6212=EDGE_CURVE('',#7395,#7393,#660,.T.);
#6213=EDGE_CURVE('',#7396,#7394,#661,.T.);
#6214=EDGE_CURVE('',#7397,#7396,#662,.T.);
#6215=EDGE_CURVE('',#7397,#7395,#663,.T.);
#6216=EDGE_CURVE('',#7398,#7396,#664,.T.);
#6217=EDGE_CURVE('',#7399,#7398,#665,.T.);
#6218=EDGE_CURVE('',#7399,#7397,#666,.T.);
#6219=EDGE_CURVE('',#6979,#7398,#667,.T.);
#6220=EDGE_CURVE('',#6981,#7399,#668,.T.);
#6221=EDGE_CURVE('',#7400,#7400,#14,.T.);
#6222=EDGE_CURVE('',#7098,#7101,#15,.T.);
#6223=EDGE_CURVE('',#7401,#7402,#669,.T.);
#6224=EDGE_CURVE('',#7403,#7401,#670,.T.);
#6225=EDGE_CURVE('',#7404,#7403,#671,.T.);
#6226=EDGE_CURVE('',#7405,#7404,#672,.T.);
#6227=EDGE_CURVE('',#7406,#7405,#673,.T.);
#6228=EDGE_CURVE('',#7407,#7406,#674,.T.);
#6229=EDGE_CURVE('',#7408,#7407,#675,.T.);
#6230=EDGE_CURVE('',#7409,#7408,#676,.T.);
#6231=EDGE_CURVE('',#7410,#7409,#677,.T.);
#6232=EDGE_CURVE('',#7411,#7410,#678,.T.);
#6233=EDGE_CURVE('',#7412,#7411,#679,.T.);
#6234=EDGE_CURVE('',#7413,#7412,#680,.T.);
#6235=EDGE_CURVE('',#7414,#7413,#681,.T.);
#6236=EDGE_CURVE('',#7415,#7414,#682,.T.);
#6237=EDGE_CURVE('',#7416,#7415,#683,.T.);
#6238=EDGE_CURVE('',#7417,#7416,#684,.T.);
#6239=EDGE_CURVE('',#7418,#7417,#685,.T.);
#6240=EDGE_CURVE('',#7419,#7418,#686,.T.);
#6241=EDGE_CURVE('',#7420,#7419,#687,.T.);
#6242=EDGE_CURVE('',#7421,#7420,#688,.T.);
#6243=EDGE_CURVE('',#7422,#7421,#689,.T.);
#6244=EDGE_CURVE('',#7423,#7422,#690,.T.);
#6245=EDGE_CURVE('',#7402,#7423,#691,.T.);
#6246=EDGE_CURVE('',#7424,#7425,#692,.T.);
#6247=EDGE_CURVE('',#7426,#7424,#693,.T.);
#6248=EDGE_CURVE('',#7427,#7426,#694,.T.);
#6249=EDGE_CURVE('',#7428,#7427,#695,.T.);
#6250=EDGE_CURVE('',#7429,#7428,#696,.T.);
#6251=EDGE_CURVE('',#7430,#7429,#697,.T.);
#6252=EDGE_CURVE('',#7431,#7430,#698,.T.);
#6253=EDGE_CURVE('',#7432,#7431,#699,.T.);
#6254=EDGE_CURVE('',#7433,#7432,#700,.T.);
#6255=EDGE_CURVE('',#7434,#7433,#701,.T.);
#6256=EDGE_CURVE('',#7435,#7434,#702,.T.);
#6257=EDGE_CURVE('',#7436,#7435,#703,.T.);
#6258=EDGE_CURVE('',#7437,#7436,#704,.T.);
#6259=EDGE_CURVE('',#7438,#7437,#705,.T.);
#6260=EDGE_CURVE('',#7439,#7438,#706,.T.);
#6261=EDGE_CURVE('',#7440,#7439,#707,.T.);
#6262=EDGE_CURVE('',#7441,#7440,#708,.T.);
#6263=EDGE_CURVE('',#7442,#7441,#709,.T.);
#6264=EDGE_CURVE('',#7443,#7442,#710,.T.);
#6265=EDGE_CURVE('',#7444,#7443,#711,.T.);
#6266=EDGE_CURVE('',#7445,#7444,#712,.T.);
#6267=EDGE_CURVE('',#7446,#7445,#713,.T.);
#6268=EDGE_CURVE('',#7425,#7446,#714,.T.);
#6269=EDGE_CURVE('',#7447,#7448,#715,.T.);
#6270=EDGE_CURVE('',#7449,#7447,#716,.T.);
#6271=EDGE_CURVE('',#7450,#7449,#717,.T.);
#6272=EDGE_CURVE('',#7451,#7450,#718,.T.);
#6273=EDGE_CURVE('',#7452,#7451,#719,.T.);
#6274=EDGE_CURVE('',#7453,#7452,#720,.T.);
#6275=EDGE_CURVE('',#7454,#7453,#721,.T.);
#6276=EDGE_CURVE('',#7455,#7454,#722,.T.);
#6277=EDGE_CURVE('',#7456,#7455,#723,.T.);
#6278=EDGE_CURVE('',#7457,#7456,#724,.T.);
#6279=EDGE_CURVE('',#7458,#7457,#725,.T.);
#6280=EDGE_CURVE('',#7459,#7458,#726,.T.);
#6281=EDGE_CURVE('',#7460,#7459,#727,.T.);
#6282=EDGE_CURVE('',#7461,#7460,#728,.T.);
#6283=EDGE_CURVE('',#7462,#7461,#729,.T.);
#6284=EDGE_CURVE('',#7463,#7462,#730,.T.);
#6285=EDGE_CURVE('',#7464,#7463,#731,.T.);
#6286=EDGE_CURVE('',#7465,#7464,#732,.T.);
#6287=EDGE_CURVE('',#7466,#7465,#733,.T.);
#6288=EDGE_CURVE('',#7467,#7466,#734,.T.);
#6289=EDGE_CURVE('',#7468,#7467,#735,.T.);
#6290=EDGE_CURVE('',#7448,#7468,#736,.T.);
#6291=EDGE_CURVE('',#7469,#7470,#737,.T.);
#6292=EDGE_CURVE('',#7471,#7469,#738,.T.);
#6293=EDGE_CURVE('',#7472,#7471,#739,.T.);
#6294=EDGE_CURVE('',#7473,#7472,#740,.T.);
#6295=EDGE_CURVE('',#7474,#7473,#741,.T.);
#6296=EDGE_CURVE('',#7475,#7474,#742,.T.);
#6297=EDGE_CURVE('',#7476,#7475,#743,.T.);
#6298=EDGE_CURVE('',#7477,#7476,#744,.T.);
#6299=EDGE_CURVE('',#7478,#7477,#745,.T.);
#6300=EDGE_CURVE('',#7479,#7478,#746,.T.);
#6301=EDGE_CURVE('',#7480,#7479,#747,.T.);
#6302=EDGE_CURVE('',#7481,#7480,#748,.T.);
#6303=EDGE_CURVE('',#7482,#7481,#749,.T.);
#6304=EDGE_CURVE('',#7483,#7482,#750,.T.);
#6305=EDGE_CURVE('',#7484,#7483,#751,.T.);
#6306=EDGE_CURVE('',#7485,#7484,#752,.T.);
#6307=EDGE_CURVE('',#7486,#7485,#753,.T.);
#6308=EDGE_CURVE('',#7487,#7486,#754,.T.);
#6309=EDGE_CURVE('',#7488,#7487,#755,.T.);
#6310=EDGE_CURVE('',#7489,#7488,#756,.T.);
#6311=EDGE_CURVE('',#7490,#7489,#757,.T.);
#6312=EDGE_CURVE('',#7491,#7490,#758,.T.);
#6313=EDGE_CURVE('',#7470,#7491,#759,.T.);
#6314=EDGE_CURVE('',#7492,#7493,#760,.T.);
#6315=EDGE_CURVE('',#7494,#7492,#761,.T.);
#6316=EDGE_CURVE('',#7495,#7494,#762,.T.);
#6317=EDGE_CURVE('',#7496,#7495,#763,.T.);
#6318=EDGE_CURVE('',#7497,#7496,#764,.T.);
#6319=EDGE_CURVE('',#7498,#7497,#765,.T.);
#6320=EDGE_CURVE('',#7499,#7498,#766,.T.);
#6321=EDGE_CURVE('',#7500,#7499,#767,.T.);
#6322=EDGE_CURVE('',#7501,#7500,#768,.T.);
#6323=EDGE_CURVE('',#7502,#7501,#769,.T.);
#6324=EDGE_CURVE('',#7503,#7502,#770,.T.);
#6325=EDGE_CURVE('',#7504,#7503,#771,.T.);
#6326=EDGE_CURVE('',#7505,#7504,#772,.T.);
#6327=EDGE_CURVE('',#7506,#7505,#773,.T.);
#6328=EDGE_CURVE('',#7507,#7506,#774,.T.);
#6329=EDGE_CURVE('',#7508,#7507,#775,.T.);
#6330=EDGE_CURVE('',#7509,#7508,#776,.T.);
#6331=EDGE_CURVE('',#7510,#7509,#777,.T.);
#6332=EDGE_CURVE('',#7511,#7510,#778,.T.);
#6333=EDGE_CURVE('',#7512,#7511,#779,.T.);
#6334=EDGE_CURVE('',#7513,#7512,#780,.T.);
#6335=EDGE_CURVE('',#7514,#7513,#781,.T.);
#6336=EDGE_CURVE('',#7515,#7514,#782,.T.);
#6337=EDGE_CURVE('',#7516,#7515,#783,.T.);
#6338=EDGE_CURVE('',#7517,#7516,#784,.T.);
#6339=EDGE_CURVE('',#7517,#7493,#785,.T.);
#6340=EDGE_CURVE('',#7518,#6974,#786,.T.);
#6341=EDGE_CURVE('',#7519,#7518,#787,.T.);
#6342=EDGE_CURVE('',#7520,#7519,#788,.T.);
#6343=EDGE_CURVE('',#7521,#7520,#789,.T.);
#6344=EDGE_CURVE('',#7522,#7521,#790,.T.);
#6345=EDGE_CURVE('',#7523,#7522,#791,.T.);
#6346=EDGE_CURVE('',#7524,#7523,#792,.T.);
#6347=EDGE_CURVE('',#7525,#7524,#793,.T.);
#6348=EDGE_CURVE('',#7526,#7525,#794,.T.);
#6349=EDGE_CURVE('',#7527,#7526,#795,.T.);
#6350=EDGE_CURVE('',#7528,#7527,#796,.T.);
#6351=EDGE_CURVE('',#7529,#7528,#797,.T.);
#6352=EDGE_CURVE('',#7530,#7529,#798,.T.);
#6353=EDGE_CURVE('',#7531,#7530,#799,.T.);
#6354=EDGE_CURVE('',#7532,#7531,#800,.T.);
#6355=EDGE_CURVE('',#7533,#7532,#801,.T.);
#6356=EDGE_CURVE('',#6976,#7533,#802,.T.);
#6357=EDGE_CURVE('',#7534,#7535,#803,.T.);
#6358=EDGE_CURVE('',#7535,#7536,#804,.T.);
#6359=EDGE_CURVE('',#7536,#7537,#805,.T.);
#6360=EDGE_CURVE('',#7537,#7538,#806,.T.);
#6361=EDGE_CURVE('',#7538,#7539,#807,.T.);
#6362=EDGE_CURVE('',#7539,#7540,#808,.T.);
#6363=EDGE_CURVE('',#7540,#7541,#809,.T.);
#6364=EDGE_CURVE('',#7541,#7542,#810,.T.);
#6365=EDGE_CURVE('',#7542,#7543,#811,.T.);
#6366=EDGE_CURVE('',#7543,#7544,#812,.T.);
#6367=EDGE_CURVE('',#7544,#7545,#813,.T.);
#6368=EDGE_CURVE('',#7545,#7546,#814,.T.);
#6369=EDGE_CURVE('',#7546,#7547,#815,.T.);
#6370=EDGE_CURVE('',#7547,#7548,#816,.T.);
#6371=EDGE_CURVE('',#7548,#7549,#817,.T.);
#6372=EDGE_CURVE('',#7549,#7534,#818,.T.);
#6373=EDGE_CURVE('',#7550,#7551,#819,.T.);
#6374=EDGE_CURVE('',#7551,#7552,#820,.T.);
#6375=EDGE_CURVE('',#7552,#7553,#821,.T.);
#6376=EDGE_CURVE('',#7553,#7554,#822,.T.);
#6377=EDGE_CURVE('',#7554,#7555,#823,.T.);
#6378=EDGE_CURVE('',#7555,#7556,#824,.T.);
#6379=EDGE_CURVE('',#7556,#7557,#825,.T.);
#6380=EDGE_CURVE('',#7557,#7558,#826,.T.);
#6381=EDGE_CURVE('',#7558,#7559,#827,.T.);
#6382=EDGE_CURVE('',#7559,#7560,#828,.T.);
#6383=EDGE_CURVE('',#7560,#7561,#829,.T.);
#6384=EDGE_CURVE('',#7561,#7562,#830,.T.);
#6385=EDGE_CURVE('',#7562,#7563,#831,.T.);
#6386=EDGE_CURVE('',#7563,#7564,#832,.T.);
#6387=EDGE_CURVE('',#7564,#7565,#833,.T.);
#6388=EDGE_CURVE('',#7565,#7566,#834,.T.);
#6389=EDGE_CURVE('',#7566,#7567,#835,.T.);
#6390=EDGE_CURVE('',#7567,#7568,#836,.T.);
#6391=EDGE_CURVE('',#7568,#7569,#837,.T.);
#6392=EDGE_CURVE('',#7569,#7570,#838,.T.);
#6393=EDGE_CURVE('',#7570,#7571,#839,.T.);
#6394=EDGE_CURVE('',#7571,#7572,#840,.T.);
#6395=EDGE_CURVE('',#7572,#7573,#841,.T.);
#6396=EDGE_CURVE('',#7573,#7574,#842,.T.);
#6397=EDGE_CURVE('',#7574,#7575,#843,.T.);
#6398=EDGE_CURVE('',#7575,#7550,#844,.T.);
#6399=EDGE_CURVE('',#7576,#7577,#845,.T.);
#6400=EDGE_CURVE('',#7577,#7578,#846,.T.);
#6401=EDGE_CURVE('',#7578,#7579,#847,.T.);
#6402=EDGE_CURVE('',#7579,#7580,#848,.T.);
#6403=EDGE_CURVE('',#7580,#7581,#849,.T.);
#6404=EDGE_CURVE('',#7581,#7582,#850,.T.);
#6405=EDGE_CURVE('',#7582,#7583,#851,.T.);
#6406=EDGE_CURVE('',#7583,#7584,#852,.T.);
#6407=EDGE_CURVE('',#7584,#7585,#853,.T.);
#6408=EDGE_CURVE('',#7585,#7586,#854,.T.);
#6409=EDGE_CURVE('',#7586,#7587,#855,.T.);
#6410=EDGE_CURVE('',#7587,#7588,#856,.T.);
#6411=EDGE_CURVE('',#7588,#7589,#857,.T.);
#6412=EDGE_CURVE('',#7589,#7590,#858,.T.);
#6413=EDGE_CURVE('',#7590,#7591,#859,.T.);
#6414=EDGE_CURVE('',#7591,#7576,#860,.T.);
#6415=EDGE_CURVE('',#7592,#7592,#16,.T.);
#6416=EDGE_CURVE('',#7099,#7100,#17,.T.);
#6417=EDGE_CURVE('',#7593,#6975,#861,.T.);
#6418=EDGE_CURVE('',#6977,#7593,#862,.T.);
#6419=EDGE_CURVE('',#7594,#7595,#863,.T.);
#6420=EDGE_CURVE('',#7595,#7596,#864,.T.);
#6421=EDGE_CURVE('',#7597,#7596,#865,.T.);
#6422=EDGE_CURVE('',#7594,#7597,#866,.T.);
#6423=EDGE_CURVE('',#7596,#7598,#867,.T.);
#6424=EDGE_CURVE('',#7599,#7598,#868,.T.);
#6425=EDGE_CURVE('',#7597,#7599,#869,.T.);
#6426=EDGE_CURVE('',#7598,#7600,#870,.T.);
#6427=EDGE_CURVE('',#7601,#7600,#871,.T.);
#6428=EDGE_CURVE('',#7599,#7601,#872,.T.);
#6429=EDGE_CURVE('',#7600,#7602,#873,.T.);
#6430=EDGE_CURVE('',#7603,#7602,#874,.T.);
#6431=EDGE_CURVE('',#7601,#7603,#875,.T.);
#6432=EDGE_CURVE('',#7602,#7604,#876,.T.);
#6433=EDGE_CURVE('',#7605,#7604,#877,.T.);
#6434=EDGE_CURVE('',#7603,#7605,#878,.T.);
#6435=EDGE_CURVE('',#7604,#7606,#879,.T.);
#6436=EDGE_CURVE('',#7607,#7606,#880,.T.);
#6437=EDGE_CURVE('',#7605,#7607,#881,.T.);
#6438=EDGE_CURVE('',#7606,#7608,#882,.T.);
#6439=EDGE_CURVE('',#7609,#7608,#883,.T.);
#6440=EDGE_CURVE('',#7607,#7609,#884,.T.);
#6441=EDGE_CURVE('',#7608,#7610,#885,.T.);
#6442=EDGE_CURVE('',#7611,#7610,#886,.T.);
#6443=EDGE_CURVE('',#7609,#7611,#887,.T.);
#6444=EDGE_CURVE('',#7610,#7612,#888,.T.);
#6445=EDGE_CURVE('',#7613,#7612,#889,.T.);
#6446=EDGE_CURVE('',#7611,#7613,#890,.T.);
#6447=EDGE_CURVE('',#7612,#7614,#891,.T.);
#6448=EDGE_CURVE('',#7615,#7614,#892,.T.);
#6449=EDGE_CURVE('',#7613,#7615,#893,.T.);
#6450=EDGE_CURVE('',#7614,#7616,#894,.T.);
#6451=EDGE_CURVE('',#7617,#7616,#895,.T.);
#6452=EDGE_CURVE('',#7615,#7617,#896,.T.);
#6453=EDGE_CURVE('',#7616,#7618,#897,.T.);
#6454=EDGE_CURVE('',#7619,#7618,#898,.T.);
#6455=EDGE_CURVE('',#7617,#7619,#899,.T.);
#6456=EDGE_CURVE('',#7618,#7620,#900,.T.);
#6457=EDGE_CURVE('',#7621,#7620,#901,.T.);
#6458=EDGE_CURVE('',#7619,#7621,#902,.T.);
#6459=EDGE_CURVE('',#7620,#7622,#903,.T.);
#6460=EDGE_CURVE('',#7623,#7622,#904,.T.);
#6461=EDGE_CURVE('',#7621,#7623,#905,.T.);
#6462=EDGE_CURVE('',#7622,#7624,#906,.T.);
#6463=EDGE_CURVE('',#7625,#7624,#907,.T.);
#6464=EDGE_CURVE('',#7623,#7625,#908,.T.);
#6465=EDGE_CURVE('',#7624,#7626,#909,.T.);
#6466=EDGE_CURVE('',#7627,#7626,#910,.T.);
#6467=EDGE_CURVE('',#7625,#7627,#911,.T.);
#6468=EDGE_CURVE('',#7626,#7628,#912,.T.);
#6469=EDGE_CURVE('',#7629,#7628,#913,.T.);
#6470=EDGE_CURVE('',#7627,#7629,#914,.T.);
#6471=EDGE_CURVE('',#7628,#7630,#915,.T.);
#6472=EDGE_CURVE('',#7631,#7630,#916,.T.);
#6473=EDGE_CURVE('',#7629,#7631,#917,.T.);
#6474=EDGE_CURVE('',#7632,#7409,#918,.T.);
#6475=EDGE_CURVE('',#7633,#7632,#919,.T.);
#6476=EDGE_CURVE('',#7633,#7410,#920,.T.);
#6477=EDGE_CURVE('',#7634,#7408,#7890,.T.);
#6478=EDGE_CURVE('',#7632,#7634,#921,.T.);
#6479=EDGE_CURVE('',#7635,#7407,#7891,.T.);
#6480=EDGE_CURVE('',#7635,#7634,#922,.T.);
#6481=EDGE_CURVE('',#7636,#7406,#923,.T.);
#6482=EDGE_CURVE('',#7636,#7635,#924,.T.);
#6483=EDGE_CURVE('',#7637,#7405,#925,.T.);
#6484=EDGE_CURVE('',#7636,#7637,#926,.T.);
#6485=EDGE_CURVE('',#7638,#7404,#927,.T.);
#6486=EDGE_CURVE('',#7637,#7638,#928,.T.);
#6487=EDGE_CURVE('',#7639,#7403,#929,.T.);
#6488=EDGE_CURVE('',#7638,#7639,#930,.T.);
#6489=EDGE_CURVE('',#7640,#7401,#931,.T.);
#6490=EDGE_CURVE('',#7639,#7640,#932,.T.);
#6491=EDGE_CURVE('',#7641,#7402,#933,.T.);
#6492=EDGE_CURVE('',#7640,#7641,#934,.T.);
#6493=EDGE_CURVE('',#7642,#7423,#935,.T.);
#6494=EDGE_CURVE('',#7641,#7642,#936,.T.);
#6495=EDGE_CURVE('',#7643,#7422,#937,.T.);
#6496=EDGE_CURVE('',#7642,#7643,#938,.T.);
#6497=EDGE_CURVE('',#7644,#7421,#939,.T.);
#6498=EDGE_CURVE('',#7643,#7644,#940,.T.);
#6499=EDGE_CURVE('',#7645,#7420,#941,.T.);
#6500=EDGE_CURVE('',#7644,#7645,#942,.T.);
#6501=EDGE_CURVE('',#7646,#7419,#943,.T.);
#6502=EDGE_CURVE('',#7645,#7646,#944,.T.);
#6503=EDGE_CURVE('',#7647,#7418,#945,.T.);
#6504=EDGE_CURVE('',#7646,#7647,#946,.T.);
#6505=EDGE_CURVE('',#7648,#7417,#947,.T.);
#6506=EDGE_CURVE('',#7647,#7648,#948,.T.);
#6507=EDGE_CURVE('',#7649,#7416,#949,.T.);
#6508=EDGE_CURVE('',#7648,#7649,#950,.T.);
#6509=EDGE_CURVE('',#7650,#7415,#951,.T.);
#6510=EDGE_CURVE('',#7649,#7650,#952,.T.);
#6511=EDGE_CURVE('',#7651,#7414,#953,.T.);
#6512=EDGE_CURVE('',#7650,#7651,#954,.T.);
#6513=EDGE_CURVE('',#7652,#7413,#955,.T.);
#6514=EDGE_CURVE('',#7651,#7652,#956,.T.);
#6515=EDGE_CURVE('',#7653,#7412,#957,.T.);
#6516=EDGE_CURVE('',#7652,#7653,#958,.T.);
#6517=EDGE_CURVE('',#7654,#7411,#959,.T.);
#6518=EDGE_CURVE('',#7653,#7654,#960,.T.);
#6519=EDGE_CURVE('',#7654,#7633,#961,.T.);
#6520=EDGE_CURVE('',#7630,#7595,#962,.T.);
#6521=EDGE_CURVE('',#7631,#7594,#963,.T.);
#6522=EDGE_CURVE('',#7655,#7475,#964,.T.);
#6523=EDGE_CURVE('',#7656,#7474,#965,.T.);
#6524=EDGE_CURVE('',#7655,#7656,#966,.T.);
#6525=EDGE_CURVE('',#7657,#7469,#967,.T.);
#6526=EDGE_CURVE('',#7658,#7657,#968,.T.);
#6527=EDGE_CURVE('',#7658,#7471,#969,.T.);
#6528=EDGE_CURVE('',#7659,#7470,#970,.T.);
#6529=EDGE_CURVE('',#7657,#7659,#971,.T.);
#6530=EDGE_CURVE('',#7660,#7491,#972,.T.);
#6531=EDGE_CURVE('',#7659,#7660,#973,.T.);
#6532=EDGE_CURVE('',#7661,#7490,#974,.T.);
#6533=EDGE_CURVE('',#7660,#7661,#975,.T.);
#6534=EDGE_CURVE('',#7662,#7489,#976,.T.);
#6535=EDGE_CURVE('',#7661,#7662,#977,.T.);
#6536=EDGE_CURVE('',#7663,#7488,#978,.T.);
#6537=EDGE_CURVE('',#7662,#7663,#979,.T.);
#6538=EDGE_CURVE('',#7664,#7487,#980,.T.);
#6539=EDGE_CURVE('',#7663,#7664,#981,.T.);
#6540=EDGE_CURVE('',#7665,#7486,#982,.T.);
#6541=EDGE_CURVE('',#7664,#7665,#983,.T.);
#6542=EDGE_CURVE('',#7666,#7485,#984,.T.);
#6543=EDGE_CURVE('',#7665,#7666,#985,.T.);
#6544=EDGE_CURVE('',#7667,#7484,#986,.T.);
#6545=EDGE_CURVE('',#7666,#7667,#987,.T.);
#6546=EDGE_CURVE('',#7668,#7483,#988,.T.);
#6547=EDGE_CURVE('',#7667,#7668,#989,.T.);
#6548=EDGE_CURVE('',#7669,#7482,#990,.T.);
#6549=EDGE_CURVE('',#7668,#7669,#991,.T.);
#6550=EDGE_CURVE('',#7670,#7481,#992,.T.);
#6551=EDGE_CURVE('',#7669,#7670,#993,.T.);
#6552=EDGE_CURVE('',#7671,#7480,#994,.T.);
#6553=EDGE_CURVE('',#7670,#7671,#995,.T.);
#6554=EDGE_CURVE('',#7672,#7479,#996,.T.);
#6555=EDGE_CURVE('',#7671,#7672,#997,.T.);
#6556=EDGE_CURVE('',#7673,#7478,#998,.T.);
#6557=EDGE_CURVE('',#7672,#7673,#999,.T.);
#6558=EDGE_CURVE('',#7674,#7477,#1000,.T.);
#6559=EDGE_CURVE('',#7673,#7674,#1001,.T.);
#6560=EDGE_CURVE('',#7675,#7476,#1002,.T.);
#6561=EDGE_CURVE('',#7674,#7675,#1003,.T.);
#6562=EDGE_CURVE('',#7675,#7655,#1004,.T.);
#6563=EDGE_CURVE('',#7676,#7473,#1005,.T.);
#6564=EDGE_CURVE('',#7656,#7676,#1006,.T.);
#6565=EDGE_CURVE('',#7677,#7472,#1007,.T.);
#6566=EDGE_CURVE('',#7676,#7677,#1008,.T.);
#6567=EDGE_CURVE('',#7678,#7679,#1009,.T.);
#6568=EDGE_CURVE('',#7679,#7680,#1010,.T.);
#6569=EDGE_CURVE('',#7681,#7680,#1011,.T.);
#6570=EDGE_CURVE('',#7678,#7681,#1012,.T.);
#6571=EDGE_CURVE('',#7680,#6959,#1013,.T.);
#6572=EDGE_CURVE('',#7681,#6958,#1014,.T.);
#6573=EDGE_CURVE('',#6962,#7682,#1015,.T.);
#6574=EDGE_CURVE('',#7683,#7682,#1016,.T.);
#6575=EDGE_CURVE('',#6963,#7683,#1017,.T.);
#6576=EDGE_CURVE('',#7682,#7684,#1018,.T.);
#6577=EDGE_CURVE('',#7685,#7684,#1019,.T.);
#6578=EDGE_CURVE('',#7683,#7685,#1020,.T.);
#6579=EDGE_CURVE('',#7684,#7686,#1021,.T.);
#6580=EDGE_CURVE('',#7687,#7686,#1022,.T.);
#6581=EDGE_CURVE('',#7685,#7687,#1023,.T.);
#6582=EDGE_CURVE('',#7686,#7688,#1024,.T.);
#6583=EDGE_CURVE('',#7689,#7688,#1025,.T.);
#6584=EDGE_CURVE('',#7687,#7689,#1026,.T.);
#6585=EDGE_CURVE('',#7688,#7690,#1027,.T.);
#6586=EDGE_CURVE('',#7691,#7690,#1028,.T.);
#6587=EDGE_CURVE('',#7689,#7691,#1029,.T.);
#6588=EDGE_CURVE('',#7690,#7692,#1030,.T.);
#6589=EDGE_CURVE('',#7693,#7692,#1031,.T.);
#6590=EDGE_CURVE('',#7691,#7693,#1032,.T.);
#6591=EDGE_CURVE('',#7692,#7694,#1033,.T.);
#6592=EDGE_CURVE('',#7695,#7694,#1034,.T.);
#6593=EDGE_CURVE('',#7693,#7695,#1035,.T.);
#6594=EDGE_CURVE('',#7694,#7696,#1036,.T.);
#6595=EDGE_CURVE('',#7697,#7696,#1037,.T.);
#6596=EDGE_CURVE('',#7695,#7697,#1038,.T.);
#6597=EDGE_CURVE('',#7696,#7698,#1039,.T.);
#6598=EDGE_CURVE('',#7699,#7698,#1040,.T.);
#6599=EDGE_CURVE('',#7697,#7699,#1041,.T.);
#6600=EDGE_CURVE('',#7698,#7700,#1042,.T.);
#6601=EDGE_CURVE('',#7701,#7700,#1043,.T.);
#6602=EDGE_CURVE('',#7699,#7701,#1044,.T.);
#6603=EDGE_CURVE('',#7700,#7702,#1045,.T.);
#6604=EDGE_CURVE('',#7703,#7702,#1046,.T.);
#6605=EDGE_CURVE('',#7701,#7703,#1047,.T.);
#6606=EDGE_CURVE('',#7702,#7704,#1048,.T.);
#6607=EDGE_CURVE('',#7705,#7704,#1049,.T.);
#6608=EDGE_CURVE('',#7703,#7705,#1050,.T.);
#6609=EDGE_CURVE('',#7704,#7706,#1051,.T.);
#6610=EDGE_CURVE('',#7707,#7706,#1052,.T.);
#6611=EDGE_CURVE('',#7705,#7707,#1053,.T.);
#6612=EDGE_CURVE('',#7706,#7708,#1054,.T.);
#6613=EDGE_CURVE('',#7709,#7708,#1055,.T.);
#6614=EDGE_CURVE('',#7707,#7709,#1056,.T.);
#6615=EDGE_CURVE('',#7708,#7679,#1057,.T.);
#6616=EDGE_CURVE('',#7709,#7678,#1058,.T.);
#6617=EDGE_CURVE('',#7677,#7658,#1059,.T.);
#6618=EDGE_CURVE('',#7710,#7711,#1060,.T.);
#6619=EDGE_CURVE('',#7712,#7710,#1061,.T.);
#6620=EDGE_CURVE('',#7713,#7712,#1062,.T.);
#6621=EDGE_CURVE('',#7714,#7713,#1063,.T.);
#6622=EDGE_CURVE('',#7715,#7714,#1064,.T.);
#6623=EDGE_CURVE('',#7716,#7715,#1065,.T.);
#6624=EDGE_CURVE('',#7717,#7716,#1066,.T.);
#6625=EDGE_CURVE('',#7718,#7717,#1067,.T.);
#6626=EDGE_CURVE('',#7719,#7718,#1068,.T.);
#6627=EDGE_CURVE('',#7720,#7719,#1069,.T.);
#6628=EDGE_CURVE('',#7721,#7720,#1070,.T.);
#6629=EDGE_CURVE('',#7722,#7721,#1071,.T.);
#6630=EDGE_CURVE('',#7723,#7722,#1072,.T.);
#6631=EDGE_CURVE('',#7724,#7723,#1073,.T.);
#6632=EDGE_CURVE('',#7725,#7724,#1074,.T.);
#6633=EDGE_CURVE('',#7711,#7725,#1075,.T.);
#6634=EDGE_CURVE('',#7725,#7579,#1076,.T.);
#6635=EDGE_CURVE('',#7711,#7578,#1077,.T.);
#6636=EDGE_CURVE('',#7724,#7580,#1078,.T.);
#6637=EDGE_CURVE('',#7723,#7581,#1079,.T.);
#6638=EDGE_CURVE('',#7722,#7582,#1080,.T.);
#6639=EDGE_CURVE('',#7721,#7583,#1081,.T.);
#6640=EDGE_CURVE('',#7720,#7584,#1082,.T.);
#6641=EDGE_CURVE('',#7719,#7585,#1083,.T.);
#6642=EDGE_CURVE('',#7718,#7586,#1084,.T.);
#6643=EDGE_CURVE('',#7717,#7587,#1085,.T.);
#6644=EDGE_CURVE('',#7716,#7588,#1086,.T.);
#6645=EDGE_CURVE('',#7715,#7589,#1087,.T.);
#6646=EDGE_CURVE('',#7714,#7590,#1088,.T.);
#6647=EDGE_CURVE('',#7713,#7591,#1089,.T.);
#6648=EDGE_CURVE('',#7712,#7576,#1090,.T.);
#6649=EDGE_CURVE('',#7710,#7577,#1091,.T.);
#6650=EDGE_CURVE('',#7726,#7727,#1092,.T.);
#6651=EDGE_CURVE('',#7728,#7726,#1093,.T.);
#6652=EDGE_CURVE('',#7729,#7728,#1094,.T.);
#6653=EDGE_CURVE('',#7730,#7729,#1095,.T.);
#6654=EDGE_CURVE('',#7731,#7730,#1096,.T.);
#6655=EDGE_CURVE('',#7732,#7731,#1097,.T.);
#6656=EDGE_CURVE('',#7733,#7732,#1098,.T.);
#6657=EDGE_CURVE('',#7734,#7733,#1099,.T.);
#6658=EDGE_CURVE('',#7735,#7734,#1100,.T.);
#6659=EDGE_CURVE('',#7736,#7735,#1101,.T.);
#6660=EDGE_CURVE('',#7737,#7736,#1102,.T.);
#6661=EDGE_CURVE('',#7738,#7737,#1103,.T.);
#6662=EDGE_CURVE('',#7739,#7738,#1104,.T.);
#6663=EDGE_CURVE('',#7740,#7739,#1105,.T.);
#6664=EDGE_CURVE('',#7741,#7740,#1106,.T.);
#6665=EDGE_CURVE('',#7742,#7741,#1107,.T.);
#6666=EDGE_CURVE('',#7743,#7742,#1108,.T.);
#6667=EDGE_CURVE('',#7744,#7743,#1109,.T.);
#6668=EDGE_CURVE('',#7745,#7744,#1110,.T.);
#6669=EDGE_CURVE('',#7746,#7745,#1111,.T.);
#6670=EDGE_CURVE('',#7747,#7746,#1112,.T.);
#6671=EDGE_CURVE('',#7748,#7747,#1113,.T.);
#6672=EDGE_CURVE('',#7749,#7748,#1114,.T.);
#6673=EDGE_CURVE('',#7750,#7749,#1115,.T.);
#6674=EDGE_CURVE('',#7751,#7750,#1116,.T.);
#6675=EDGE_CURVE('',#7727,#7751,#1117,.T.);
#6676=EDGE_CURVE('',#7751,#7553,#1118,.T.);
#6677=EDGE_CURVE('',#7727,#7552,#1119,.T.);
#6678=EDGE_CURVE('',#7750,#7554,#1120,.T.);
#6679=EDGE_CURVE('',#7749,#7555,#1121,.T.);
#6680=EDGE_CURVE('',#7746,#7558,#1122,.T.);
#6681=EDGE_CURVE('',#7747,#7557,#1123,.T.);
#6682=EDGE_CURVE('',#7745,#7559,#1124,.T.);
#6683=EDGE_CURVE('',#7744,#7560,#1125,.T.);
#6684=EDGE_CURVE('',#7743,#7561,#1126,.T.);
#6685=EDGE_CURVE('',#7742,#7562,#1127,.T.);
#6686=EDGE_CURVE('',#7741,#7563,#1128,.T.);
#6687=EDGE_CURVE('',#7740,#7564,#1129,.T.);
#6688=EDGE_CURVE('',#7737,#7567,#1130,.T.);
#6689=EDGE_CURVE('',#7738,#7566,#1131,.T.);
#6690=EDGE_CURVE('',#7736,#7568,#1132,.T.);
#6691=EDGE_CURVE('',#7735,#7569,#1133,.T.);
#6692=EDGE_CURVE('',#7734,#7570,#1134,.T.);
#6693=EDGE_CURVE('',#7730,#7574,#1135,.T.);
#6694=EDGE_CURVE('',#7731,#7573,#1136,.T.);
#6695=EDGE_CURVE('',#7729,#7575,#1137,.T.);
#6696=EDGE_CURVE('',#7728,#7550,#1138,.T.);
#6697=EDGE_CURVE('',#7726,#7551,#1139,.T.);
#6698=EDGE_CURVE('',#7732,#7572,#1140,.T.);
#6699=EDGE_CURVE('',#7733,#7571,#1141,.T.);
#6700=EDGE_CURVE('',#7739,#7565,#1142,.T.);
#6701=EDGE_CURVE('',#7748,#7556,#1143,.T.);
#6702=EDGE_CURVE('',#7752,#7753,#1144,.T.);
#6703=EDGE_CURVE('',#7754,#7752,#1145,.T.);
#6704=EDGE_CURVE('',#7755,#7754,#1146,.T.);
#6705=EDGE_CURVE('',#7756,#7755,#1147,.T.);
#6706=EDGE_CURVE('',#7757,#7756,#1148,.T.);
#6707=EDGE_CURVE('',#7758,#7757,#1149,.T.);
#6708=EDGE_CURVE('',#7759,#7758,#1150,.T.);
#6709=EDGE_CURVE('',#7760,#7759,#1151,.T.);
#6710=EDGE_CURVE('',#7761,#7760,#1152,.T.);
#6711=EDGE_CURVE('',#7762,#7761,#1153,.T.);
#6712=EDGE_CURVE('',#7763,#7762,#1154,.T.);
#6713=EDGE_CURVE('',#7764,#7763,#1155,.T.);
#6714=EDGE_CURVE('',#7765,#7764,#1156,.T.);
#6715=EDGE_CURVE('',#7766,#7765,#1157,.T.);
#6716=EDGE_CURVE('',#7767,#7766,#1158,.T.);
#6717=EDGE_CURVE('',#7753,#7767,#1159,.T.);
#6718=EDGE_CURVE('',#7767,#7537,#1160,.T.);
#6719=EDGE_CURVE('',#7753,#7536,#1161,.T.);
#6720=EDGE_CURVE('',#7766,#7538,#1162,.T.);
#6721=EDGE_CURVE('',#7765,#7539,#1163,.T.);
#6722=EDGE_CURVE('',#7764,#7540,#1164,.T.);
#6723=EDGE_CURVE('',#7763,#7541,#1165,.T.);
#6724=EDGE_CURVE('',#7762,#7542,#1166,.T.);
#6725=EDGE_CURVE('',#7761,#7543,#1167,.T.);
#6726=EDGE_CURVE('',#7760,#7544,#1168,.T.);
#6727=EDGE_CURVE('',#7759,#7545,#1169,.T.);
#6728=EDGE_CURVE('',#7758,#7546,#1170,.T.);
#6729=EDGE_CURVE('',#7757,#7547,#1171,.T.);
#6730=EDGE_CURVE('',#7756,#7548,#1172,.T.);
#6731=EDGE_CURVE('',#7755,#7549,#1173,.T.);
#6732=EDGE_CURVE('',#7754,#7534,#1174,.T.);
#6733=EDGE_CURVE('',#7752,#7535,#1175,.T.);
#6734=EDGE_CURVE('',#7768,#7769,#1176,.T.);
#6735=EDGE_CURVE('',#7769,#7770,#1177,.T.);
#6736=EDGE_CURVE('',#7770,#7771,#1178,.T.);
#6737=EDGE_CURVE('',#7771,#7772,#1179,.T.);
#6738=EDGE_CURVE('',#7772,#7773,#1180,.T.);
#6739=EDGE_CURVE('',#7773,#7774,#1181,.T.);
#6740=EDGE_CURVE('',#7774,#7775,#1182,.T.);
#6741=EDGE_CURVE('',#7775,#7776,#1183,.T.);
#6742=EDGE_CURVE('',#7776,#7777,#1184,.T.);
#6743=EDGE_CURVE('',#7777,#7778,#1185,.T.);
#6744=EDGE_CURVE('',#7778,#7779,#1186,.T.);
#6745=EDGE_CURVE('',#7779,#7780,#1187,.T.);
#6746=EDGE_CURVE('',#7780,#7781,#1188,.T.);
#6747=EDGE_CURVE('',#7781,#7782,#1189,.T.);
#6748=EDGE_CURVE('',#7782,#7783,#1190,.T.);
#6749=EDGE_CURVE('',#7783,#7784,#1191,.T.);
#6750=EDGE_CURVE('',#7784,#7785,#1192,.T.);
#6751=EDGE_CURVE('',#7785,#7786,#1193,.T.);
#6752=EDGE_CURVE('',#7786,#7787,#1194,.T.);
#6753=EDGE_CURVE('',#7787,#7788,#1195,.T.);
#6754=EDGE_CURVE('',#7788,#7789,#1196,.T.);
#6755=EDGE_CURVE('',#7789,#7790,#1197,.T.);
#6756=EDGE_CURVE('',#7790,#7791,#1198,.T.);
#6757=EDGE_CURVE('',#7791,#7792,#1199,.T.);
#6758=EDGE_CURVE('',#7792,#7793,#1200,.T.);
#6759=EDGE_CURVE('',#7793,#7768,#1201,.T.);
#6760=EDGE_CURVE('',#7768,#7494,#1202,.T.);
#6761=EDGE_CURVE('',#7793,#7495,#1203,.T.);
#6762=EDGE_CURVE('',#7792,#7496,#1204,.T.);
#6763=EDGE_CURVE('',#7791,#7497,#1205,.T.);
#6764=EDGE_CURVE('',#7790,#7498,#1206,.T.);
#6765=EDGE_CURVE('',#7789,#7499,#1207,.T.);
#6766=EDGE_CURVE('',#7788,#7500,#1208,.T.);
#6767=EDGE_CURVE('',#7783,#7505,#1209,.T.);
#6768=EDGE_CURVE('',#7782,#7506,#1210,.T.);
#6769=EDGE_CURVE('',#7781,#7507,#1211,.T.);
#6770=EDGE_CURVE('',#7780,#7508,#1212,.T.);
#6771=EDGE_CURVE('',#7779,#7509,#1213,.T.);
#6772=EDGE_CURVE('',#7778,#7510,#1214,.T.);
#6773=EDGE_CURVE('',#7777,#7511,#1215,.T.);
#6774=EDGE_CURVE('',#7776,#7512,#1216,.T.);
#6775=EDGE_CURVE('',#7775,#7513,#1217,.T.);
#6776=EDGE_CURVE('',#7774,#7514,#1218,.T.);
#6777=EDGE_CURVE('',#7773,#7515,#1219,.T.);
#6778=EDGE_CURVE('',#7772,#7516,#1220,.T.);
#6779=EDGE_CURVE('',#7771,#7517,#1221,.T.);
#6780=EDGE_CURVE('',#7770,#7493,#1222,.T.);
#6781=EDGE_CURVE('',#7769,#7492,#1223,.T.);
#6782=EDGE_CURVE('',#7784,#7504,#1224,.T.);
#6783=EDGE_CURVE('',#7785,#7503,#1225,.T.);
#6784=EDGE_CURVE('',#7786,#7502,#1226,.T.);
#6785=EDGE_CURVE('',#7787,#7501,#1227,.T.);
#6786=EDGE_CURVE('',#7794,#7795,#1228,.T.);
#6787=EDGE_CURVE('',#7795,#7796,#1229,.T.);
#6788=EDGE_CURVE('',#7796,#7797,#1230,.T.);
#6789=EDGE_CURVE('',#7797,#7798,#1231,.T.);
#6790=EDGE_CURVE('',#7798,#7799,#1232,.T.);
#6791=EDGE_CURVE('',#7799,#7800,#1233,.T.);
#6792=EDGE_CURVE('',#7800,#7801,#1234,.T.);
#6793=EDGE_CURVE('',#7801,#7802,#1235,.T.);
#6794=EDGE_CURVE('',#7802,#7803,#1236,.T.);
#6795=EDGE_CURVE('',#7803,#7804,#1237,.T.);
#6796=EDGE_CURVE('',#7804,#7805,#1238,.T.);
#6797=EDGE_CURVE('',#7805,#7806,#1239,.T.);
#6798=EDGE_CURVE('',#7806,#7807,#1240,.T.);
#6799=EDGE_CURVE('',#7807,#7808,#1241,.T.);
#6800=EDGE_CURVE('',#7808,#7809,#1242,.T.);
#6801=EDGE_CURVE('',#7809,#7810,#1243,.T.);
#6802=EDGE_CURVE('',#7810,#7811,#1244,.T.);
#6803=EDGE_CURVE('',#7811,#7812,#1245,.T.);
#6804=EDGE_CURVE('',#7812,#7813,#1246,.T.);
#6805=EDGE_CURVE('',#7813,#7814,#1247,.T.);
#6806=EDGE_CURVE('',#7814,#7815,#1248,.T.);
#6807=EDGE_CURVE('',#7815,#7794,#1249,.T.);
#6808=EDGE_CURVE('',#7794,#7449,#1250,.T.);
#6809=EDGE_CURVE('',#7815,#7450,#1251,.T.);
#6810=EDGE_CURVE('',#7814,#7451,#1252,.T.);
#6811=EDGE_CURVE('',#7807,#7458,#1253,.T.);
#6812=EDGE_CURVE('',#7806,#7459,#1254,.T.);
#6813=EDGE_CURVE('',#7805,#7460,#1255,.T.);
#6814=EDGE_CURVE('',#7804,#7461,#1256,.T.);
#6815=EDGE_CURVE('',#7803,#7462,#1257,.T.);
#6816=EDGE_CURVE('',#7802,#7463,#1258,.T.);
#6817=EDGE_CURVE('',#7801,#7464,#1259,.T.);
#6818=EDGE_CURVE('',#7800,#7465,#1260,.T.);
#6819=EDGE_CURVE('',#7799,#7466,#1261,.T.);
#6820=EDGE_CURVE('',#7798,#7467,#1262,.T.);
#6821=EDGE_CURVE('',#7797,#7468,#1263,.T.);
#6822=EDGE_CURVE('',#7796,#7448,#1264,.T.);
#6823=EDGE_CURVE('',#7795,#7447,#1265,.T.);
#6824=EDGE_CURVE('',#7808,#7457,#1266,.T.);
#6825=EDGE_CURVE('',#7809,#7456,#1267,.T.);
#6826=EDGE_CURVE('',#7810,#7455,#1268,.T.);
#6827=EDGE_CURVE('',#7811,#7454,#1269,.T.);
#6828=EDGE_CURVE('',#7812,#7453,#1270,.T.);
#6829=EDGE_CURVE('',#7813,#7452,#1271,.T.);
#6830=EDGE_CURVE('',#7816,#7520,#1272,.T.);
#6831=EDGE_CURVE('',#7817,#7519,#1273,.T.);
#6832=EDGE_CURVE('',#7816,#7817,#1274,.T.);
#6833=EDGE_CURVE('',#7818,#7521,#1275,.T.);
#6834=EDGE_CURVE('',#7818,#7816,#1276,.T.);
#6835=EDGE_CURVE('',#7819,#7522,#1277,.T.);
#6836=EDGE_CURVE('',#7819,#7818,#1278,.T.);
#6837=EDGE_CURVE('',#7820,#7523,#1279,.T.);
#6838=EDGE_CURVE('',#7820,#7819,#1280,.T.);
#6839=EDGE_CURVE('',#7821,#7531,#1281,.T.);
#6840=EDGE_CURVE('',#7822,#7530,#1282,.T.);
#6841=EDGE_CURVE('',#7821,#7822,#1283,.T.);
#6842=EDGE_CURVE('',#7823,#7532,#1284,.T.);
#6843=EDGE_CURVE('',#7823,#7821,#1285,.T.);
#6844=EDGE_CURVE('',#7824,#7518,#1286,.T.);
#6845=EDGE_CURVE('',#7817,#7824,#1287,.T.);
#6846=EDGE_CURVE('',#7825,#6974,#1288,.T.);
#6847=EDGE_CURVE('',#7824,#7825,#1289,.T.);
#6848=EDGE_CURVE('',#7826,#7593,#1290,.T.);
#6849=EDGE_CURVE('',#7826,#7825,#1291,.T.);
#6850=EDGE_CURVE('',#7827,#6976,#1292,.T.);
#6851=EDGE_CURVE('',#7827,#7826,#1293,.T.);
#6852=EDGE_CURVE('',#7828,#7533,#1294,.T.);
#6853=EDGE_CURVE('',#7827,#7828,#1295,.T.);
#6854=EDGE_CURVE('',#7828,#7823,#1296,.T.);
#6855=EDGE_CURVE('',#7829,#7529,#1297,.T.);
#6856=EDGE_CURVE('',#7822,#7829,#1298,.T.);
#6857=EDGE_CURVE('',#7830,#7528,#1299,.T.);
#6858=EDGE_CURVE('',#7829,#7830,#1300,.T.);
#6859=EDGE_CURVE('',#7831,#7527,#1301,.T.);
#6860=EDGE_CURVE('',#7830,#7831,#1302,.T.);
#6861=EDGE_CURVE('',#7832,#7526,#1303,.T.);
#6862=EDGE_CURVE('',#7831,#7832,#1304,.T.);
#6863=EDGE_CURVE('',#7833,#7525,#1305,.T.);
#6864=EDGE_CURVE('',#7832,#7833,#1306,.T.);
#6865=EDGE_CURVE('',#7834,#7524,#1307,.T.);
#6866=EDGE_CURVE('',#7833,#7834,#1308,.T.);
#6867=EDGE_CURVE('',#7834,#7820,#1309,.T.);
#6868=EDGE_CURVE('',#7835,#7443,#1310,.T.);
#6869=EDGE_CURVE('',#7836,#7442,#1311,.T.);
#6870=EDGE_CURVE('',#7835,#7836,#1312,.T.);
#6871=EDGE_CURVE('',#7837,#7424,#1313,.T.);
#6872=EDGE_CURVE('',#7838,#7837,#1314,.T.);
#6873=EDGE_CURVE('',#7838,#7426,#1315,.T.);
#6874=EDGE_CURVE('',#7839,#7425,#1316,.T.);
#6875=EDGE_CURVE('',#7837,#7839,#1317,.T.);
#6876=EDGE_CURVE('',#7840,#7446,#1318,.T.);
#6877=EDGE_CURVE('',#7839,#7840,#1319,.T.);
#6878=EDGE_CURVE('',#7841,#7445,#1320,.T.);
#6879=EDGE_CURVE('',#7840,#7841,#1321,.T.);
#6880=EDGE_CURVE('',#7842,#7444,#1322,.T.);
#6881=EDGE_CURVE('',#7841,#7842,#1323,.T.);
#6882=EDGE_CURVE('',#7842,#7835,#1324,.T.);
#6883=EDGE_CURVE('',#7843,#7441,#1325,.T.);
#6884=EDGE_CURVE('',#7836,#7843,#1326,.T.);
#6885=EDGE_CURVE('',#7844,#7440,#1327,.T.);
#6886=EDGE_CURVE('',#7843,#7844,#1328,.T.);
#6887=EDGE_CURVE('',#7845,#7439,#1329,.T.);
#6888=EDGE_CURVE('',#7844,#7845,#1330,.T.);
#6889=EDGE_CURVE('',#7846,#7438,#1331,.T.);
#6890=EDGE_CURVE('',#7845,#7846,#1332,.T.);
#6891=EDGE_CURVE('',#7847,#7437,#1333,.T.);
#6892=EDGE_CURVE('',#7846,#7847,#1334,.T.);
#6893=EDGE_CURVE('',#7848,#7436,#1335,.T.);
#6894=EDGE_CURVE('',#7847,#7848,#1336,.T.);
#6895=EDGE_CURVE('',#7849,#7435,#1337,.T.);
#6896=EDGE_CURVE('',#7848,#7849,#1338,.T.);
#6897=EDGE_CURVE('',#7850,#7434,#1339,.T.);
#6898=EDGE_CURVE('',#7849,#7850,#1340,.T.);
#6899=EDGE_CURVE('',#7851,#7433,#1341,.T.);
#6900=EDGE_CURVE('',#7850,#7851,#1342,.T.);
#6901=EDGE_CURVE('',#7852,#7432,#1343,.T.);
#6902=EDGE_CURVE('',#7851,#7852,#1344,.T.);
#6903=EDGE_CURVE('',#7853,#7431,#1345,.T.);
#6904=EDGE_CURVE('',#7852,#7853,#1346,.T.);
#6905=EDGE_CURVE('',#7854,#7430,#1347,.T.);
#6906=EDGE_CURVE('',#7853,#7854,#1348,.T.);
#6907=EDGE_CURVE('',#7855,#7429,#1349,.T.);
#6908=EDGE_CURVE('',#7854,#7855,#1350,.T.);
#6909=EDGE_CURVE('',#7856,#7428,#1351,.T.);
#6910=EDGE_CURVE('',#7855,#7856,#1352,.T.);
#6911=EDGE_CURVE('',#7857,#7427,#1353,.T.);
#6912=EDGE_CURVE('',#7856,#7857,#1354,.T.);
#6913=EDGE_CURVE('',#7858,#7859,#1355,.T.);
#6914=EDGE_CURVE('',#7859,#7860,#1356,.T.);
#6915=EDGE_CURVE('',#7861,#7860,#1357,.T.);
#6916=EDGE_CURVE('',#7858,#7861,#1358,.T.);
#6917=EDGE_CURVE('',#7860,#6965,#1359,.T.);
#6918=EDGE_CURVE('',#7861,#6964,#1360,.T.);
#6919=EDGE_CURVE('',#6972,#7862,#1361,.T.);
#6920=EDGE_CURVE('',#7863,#7862,#1362,.T.);
#6921=EDGE_CURVE('',#6973,#7863,#1363,.T.);
#6922=EDGE_CURVE('',#7862,#7864,#1364,.T.);
#6923=EDGE_CURVE('',#7865,#7864,#1365,.T.);
#6924=EDGE_CURVE('',#7863,#7865,#1366,.T.);
#6925=EDGE_CURVE('',#7864,#7866,#1367,.T.);
#6926=EDGE_CURVE('',#7867,#7866,#1368,.T.);
#6927=EDGE_CURVE('',#7865,#7867,#1369,.T.);
#6928=EDGE_CURVE('',#7866,#7868,#1370,.T.);
#6929=EDGE_CURVE('',#7869,#7868,#1371,.T.);
#6930=EDGE_CURVE('',#7867,#7869,#1372,.T.);
#6931=EDGE_CURVE('',#7868,#7870,#1373,.T.);
#6932=EDGE_CURVE('',#7871,#7870,#1374,.T.);
#6933=EDGE_CURVE('',#7869,#7871,#1375,.T.);
#6934=EDGE_CURVE('',#7870,#7872,#1376,.T.);
#6935=EDGE_CURVE('',#7873,#7872,#1377,.T.);
#6936=EDGE_CURVE('',#7871,#7873,#1378,.T.);
#6937=EDGE_CURVE('',#7872,#7874,#1379,.T.);
#6938=EDGE_CURVE('',#7875,#7874,#1380,.T.);
#6939=EDGE_CURVE('',#7873,#7875,#1381,.T.);
#6940=EDGE_CURVE('',#7874,#7876,#1382,.T.);
#6941=EDGE_CURVE('',#7877,#7876,#1383,.T.);
#6942=EDGE_CURVE('',#7875,#7877,#1384,.T.);
#6943=EDGE_CURVE('',#7876,#7878,#1385,.T.);
#6944=EDGE_CURVE('',#7879,#7878,#1386,.T.);
#6945=EDGE_CURVE('',#7877,#7879,#1387,.T.);
#6946=EDGE_CURVE('',#7878,#7880,#1388,.T.);
#6947=EDGE_CURVE('',#7881,#7880,#1389,.T.);
#6948=EDGE_CURVE('',#7879,#7881,#1390,.T.);
#6949=EDGE_CURVE('',#7880,#7882,#1391,.T.);
#6950=EDGE_CURVE('',#7883,#7882,#1392,.T.);
#6951=EDGE_CURVE('',#7881,#7883,#1393,.T.);
#6952=EDGE_CURVE('',#7882,#7884,#1394,.T.);
#6953=EDGE_CURVE('',#7885,#7884,#1395,.T.);
#6954=EDGE_CURVE('',#7883,#7885,#1396,.T.);
#6955=EDGE_CURVE('',#7884,#7859,#1397,.T.);
#6956=EDGE_CURVE('',#7885,#7858,#1398,.T.);
#6957=EDGE_CURVE('',#7857,#7838,#1399,.T.);
#6958=VERTEX_POINT('',#12683);
#6959=VERTEX_POINT('',#12684);
#6960=VERTEX_POINT('',#12686);
#6961=VERTEX_POINT('',#12691);
#6962=VERTEX_POINT('',#12695);
#6963=VERTEX_POINT('',#12697);
#6964=VERTEX_POINT('',#12701);
#6965=VERTEX_POINT('',#12702);
#6966=VERTEX_POINT('',#12704);
#6967=VERTEX_POINT('',#12709);
#6968=VERTEX_POINT('',#12713);
#6969=VERTEX_POINT('',#12715);
#6970=VERTEX_POINT('',#12719);
#6971=VERTEX_POINT('',#12724);
#6972=VERTEX_POINT('',#12728);
#6973=VERTEX_POINT('',#12730);
#6974=VERTEX_POINT('',#12734);
#6975=VERTEX_POINT('',#12735);
#6976=VERTEX_POINT('',#12737);
#6977=VERTEX_POINT('',#12739);
#6978=VERTEX_POINT('',#12743);
#6979=VERTEX_POINT('',#12744);
#6980=VERTEX_POINT('',#12746);
#6981=VERTEX_POINT('',#12748);
#6982=VERTEX_POINT('',#12752);
#6983=VERTEX_POINT('',#12754);
#6984=VERTEX_POINT('',#12758);
#6985=VERTEX_POINT('',#12760);
#6986=VERTEX_POINT('',#12764);
#6987=VERTEX_POINT('',#12766);
#6988=VERTEX_POINT('',#12770);
#6989=VERTEX_POINT('',#12772);
#6990=VERTEX_POINT('',#12776);
#6991=VERTEX_POINT('',#12778);
#6992=VERTEX_POINT('',#12782);
#6993=VERTEX_POINT('',#12784);
#6994=VERTEX_POINT('',#12788);
#6995=VERTEX_POINT('',#12790);
#6996=VERTEX_POINT('',#12794);
#6997=VERTEX_POINT('',#12796);
#6998=VERTEX_POINT('',#12800);
#6999=VERTEX_POINT('',#12802);
#7000=VERTEX_POINT('',#12806);
#7001=VERTEX_POINT('',#12808);
#7002=VERTEX_POINT('',#12812);
#7003=VERTEX_POINT('',#12814);
#7004=VERTEX_POINT('',#12818);
#7005=VERTEX_POINT('',#12820);
#7006=VERTEX_POINT('',#12824);
#7007=VERTEX_POINT('',#12826);
#7008=VERTEX_POINT('',#12830);
#7009=VERTEX_POINT('',#12832);
#7010=VERTEX_POINT('',#12836);
#7011=VERTEX_POINT('',#12838);
#7012=VERTEX_POINT('',#12842);
#7013=VERTEX_POINT('',#12844);
#7014=VERTEX_POINT('',#12848);
#7015=VERTEX_POINT('',#12850);
#7016=VERTEX_POINT('',#12854);
#7017=VERTEX_POINT('',#12856);
#7018=VERTEX_POINT('',#12860);
#7019=VERTEX_POINT('',#12862);
#7020=VERTEX_POINT('',#12866);
#7021=VERTEX_POINT('',#12868);
#7022=VERTEX_POINT('',#12872);
#7023=VERTEX_POINT('',#12874);
#7024=VERTEX_POINT('',#12878);
#7025=VERTEX_POINT('',#12880);
#7026=VERTEX_POINT('',#12884);
#7027=VERTEX_POINT('',#12886);
#7028=VERTEX_POINT('',#12890);
#7029=VERTEX_POINT('',#12892);
#7030=VERTEX_POINT('',#12896);
#7031=VERTEX_POINT('',#12898);
#7032=VERTEX_POINT('',#12902);
#7033=VERTEX_POINT('',#12904);
#7034=VERTEX_POINT('',#12908);
#7035=VERTEX_POINT('',#12910);
#7036=VERTEX_POINT('',#12914);
#7037=VERTEX_POINT('',#12916);
#7038=VERTEX_POINT('',#12920);
#7039=VERTEX_POINT('',#12922);
#7040=VERTEX_POINT('',#12926);
#7041=VERTEX_POINT('',#12928);
#7042=VERTEX_POINT('',#12932);
#7043=VERTEX_POINT('',#12934);
#7044=VERTEX_POINT('',#12938);
#7045=VERTEX_POINT('',#12940);
#7046=VERTEX_POINT('',#12944);
#7047=VERTEX_POINT('',#12946);
#7048=VERTEX_POINT('',#12950);
#7049=VERTEX_POINT('',#12952);
#7050=VERTEX_POINT('',#12956);
#7051=VERTEX_POINT('',#12958);
#7052=VERTEX_POINT('',#12962);
#7053=VERTEX_POINT('',#12964);
#7054=VERTEX_POINT('',#12968);
#7055=VERTEX_POINT('',#12970);
#7056=VERTEX_POINT('',#12974);
#7057=VERTEX_POINT('',#12976);
#7058=VERTEX_POINT('',#12980);
#7059=VERTEX_POINT('',#12982);
#7060=VERTEX_POINT('',#12986);
#7061=VERTEX_POINT('',#12988);
#7062=VERTEX_POINT('',#12992);
#7063=VERTEX_POINT('',#12994);
#7064=VERTEX_POINT('',#12998);
#7065=VERTEX_POINT('',#13000);
#7066=VERTEX_POINT('',#13004);
#7067=VERTEX_POINT('',#13006);
#7068=VERTEX_POINT('',#13010);
#7069=VERTEX_POINT('',#13012);
#7070=VERTEX_POINT('',#13016);
#7071=VERTEX_POINT('',#13018);
#7072=VERTEX_POINT('',#13022);
#7073=VERTEX_POINT('',#13024);
#7074=VERTEX_POINT('',#13028);
#7075=VERTEX_POINT('',#13030);
#7076=VERTEX_POINT('',#13034);
#7077=VERTEX_POINT('',#13036);
#7078=VERTEX_POINT('',#13040);
#7079=VERTEX_POINT('',#13042);
#7080=VERTEX_POINT('',#13046);
#7081=VERTEX_POINT('',#13048);
#7082=VERTEX_POINT('',#13052);
#7083=VERTEX_POINT('',#13054);
#7084=VERTEX_POINT('',#13058);
#7085=VERTEX_POINT('',#13060);
#7086=VERTEX_POINT('',#13064);
#7087=VERTEX_POINT('',#13066);
#7088=VERTEX_POINT('',#13070);
#7089=VERTEX_POINT('',#13072);
#7090=VERTEX_POINT('',#13076);
#7091=VERTEX_POINT('',#13078);
#7092=VERTEX_POINT('',#13082);
#7093=VERTEX_POINT('',#13084);
#7094=VERTEX_POINT('',#13088);
#7095=VERTEX_POINT('',#13090);
#7096=VERTEX_POINT('',#13094);
#7097=VERTEX_POINT('',#13096);
#7098=VERTEX_POINT('',#13100);
#7099=VERTEX_POINT('',#13101);
#7100=VERTEX_POINT('',#13106);
#7101=VERTEX_POINT('',#13107);
#7102=VERTEX_POINT('',#13109);
#7103=VERTEX_POINT('',#13111);
#7104=VERTEX_POINT('',#13115);
#7105=VERTEX_POINT('',#13117);
#7106=VERTEX_POINT('',#13121);
#7107=VERTEX_POINT('',#13123);
#7108=VERTEX_POINT('',#13127);
#7109=VERTEX_POINT('',#13129);
#7110=VERTEX_POINT('',#13133);
#7111=VERTEX_POINT('',#13135);
#7112=VERTEX_POINT('',#13139);
#7113=VERTEX_POINT('',#13141);
#7114=VERTEX_POINT('',#13145);
#7115=VERTEX_POINT('',#13147);
#7116=VERTEX_POINT('',#13151);
#7117=VERTEX_POINT('',#13153);
#7118=VERTEX_POINT('',#13157);
#7119=VERTEX_POINT('',#13159);
#7120=VERTEX_POINT('',#13163);
#7121=VERTEX_POINT('',#13165);
#7122=VERTEX_POINT('',#13169);
#7123=VERTEX_POINT('',#13171);
#7124=VERTEX_POINT('',#13175);
#7125=VERTEX_POINT('',#13177);
#7126=VERTEX_POINT('',#13181);
#7127=VERTEX_POINT('',#13183);
#7128=VERTEX_POINT('',#13187);
#7129=VERTEX_POINT('',#13189);
#7130=VERTEX_POINT('',#13193);
#7131=VERTEX_POINT('',#13195);
#7132=VERTEX_POINT('',#13199);
#7133=VERTEX_POINT('',#13201);
#7134=VERTEX_POINT('',#13205);
#7135=VERTEX_POINT('',#13207);
#7136=VERTEX_POINT('',#13211);
#7137=VERTEX_POINT('',#13213);
#7138=VERTEX_POINT('',#13217);
#7139=VERTEX_POINT('',#13219);
#7140=VERTEX_POINT('',#13223);
#7141=VERTEX_POINT('',#13225);
#7142=VERTEX_POINT('',#13229);
#7143=VERTEX_POINT('',#13231);
#7144=VERTEX_POINT('',#13235);
#7145=VERTEX_POINT('',#13237);
#7146=VERTEX_POINT('',#13241);
#7147=VERTEX_POINT('',#13243);
#7148=VERTEX_POINT('',#13247);
#7149=VERTEX_POINT('',#13249);
#7150=VERTEX_POINT('',#13253);
#7151=VERTEX_POINT('',#13255);
#7152=VERTEX_POINT('',#13259);
#7153=VERTEX_POINT('',#13261);
#7154=VERTEX_POINT('',#13265);
#7155=VERTEX_POINT('',#13267);
#7156=VERTEX_POINT('',#13271);
#7157=VERTEX_POINT('',#13273);
#7158=VERTEX_POINT('',#13277);
#7159=VERTEX_POINT('',#13279);
#7160=VERTEX_POINT('',#13283);
#7161=VERTEX_POINT('',#13285);
#7162=VERTEX_POINT('',#13289);
#7163=VERTEX_POINT('',#13291);
#7164=VERTEX_POINT('',#13295);
#7165=VERTEX_POINT('',#13297);
#7166=VERTEX_POINT('',#13301);
#7167=VERTEX_POINT('',#13303);
#7168=VERTEX_POINT('',#13307);
#7169=VERTEX_POINT('',#13309);
#7170=VERTEX_POINT('',#13313);
#7171=VERTEX_POINT('',#13315);
#7172=VERTEX_POINT('',#13319);
#7173=VERTEX_POINT('',#13321);
#7174=VERTEX_POINT('',#13325);
#7175=VERTEX_POINT('',#13327);
#7176=VERTEX_POINT('',#13331);
#7177=VERTEX_POINT('',#13333);
#7178=VERTEX_POINT('',#13337);
#7179=VERTEX_POINT('',#13339);
#7180=VERTEX_POINT('',#13343);
#7181=VERTEX_POINT('',#13345);
#7182=VERTEX_POINT('',#13349);
#7183=VERTEX_POINT('',#13351);
#7184=VERTEX_POINT('',#13355);
#7185=VERTEX_POINT('',#13357);
#7186=VERTEX_POINT('',#13361);
#7187=VERTEX_POINT('',#13363);
#7188=VERTEX_POINT('',#13367);
#7189=VERTEX_POINT('',#13369);
#7190=VERTEX_POINT('',#13373);
#7191=VERTEX_POINT('',#13375);
#7192=VERTEX_POINT('',#13379);
#7193=VERTEX_POINT('',#13381);
#7194=VERTEX_POINT('',#13385);
#7195=VERTEX_POINT('',#13387);
#7196=VERTEX_POINT('',#13391);
#7197=VERTEX_POINT('',#13393);
#7198=VERTEX_POINT('',#13397);
#7199=VERTEX_POINT('',#13399);
#7200=VERTEX_POINT('',#13403);
#7201=VERTEX_POINT('',#13405);
#7202=VERTEX_POINT('',#13409);
#7203=VERTEX_POINT('',#13411);
#7204=VERTEX_POINT('',#13415);
#7205=VERTEX_POINT('',#13417);
#7206=VERTEX_POINT('',#13421);
#7207=VERTEX_POINT('',#13423);
#7208=VERTEX_POINT('',#13427);
#7209=VERTEX_POINT('',#13429);
#7210=VERTEX_POINT('',#13433);
#7211=VERTEX_POINT('',#13435);
#7212=VERTEX_POINT('',#13439);
#7213=VERTEX_POINT('',#13441);
#7214=VERTEX_POINT('',#13445);
#7215=VERTEX_POINT('',#13447);
#7216=VERTEX_POINT('',#13451);
#7217=VERTEX_POINT('',#13453);
#7218=VERTEX_POINT('',#13457);
#7219=VERTEX_POINT('',#13459);
#7220=VERTEX_POINT('',#13463);
#7221=VERTEX_POINT('',#13465);
#7222=VERTEX_POINT('',#13469);
#7223=VERTEX_POINT('',#13471);
#7224=VERTEX_POINT('',#13475);
#7225=VERTEX_POINT('',#13477);
#7226=VERTEX_POINT('',#13481);
#7227=VERTEX_POINT('',#13483);
#7228=VERTEX_POINT('',#13487);
#7229=VERTEX_POINT('',#13489);
#7230=VERTEX_POINT('',#13493);
#7231=VERTEX_POINT('',#13495);
#7232=VERTEX_POINT('',#13499);
#7233=VERTEX_POINT('',#13501);
#7234=VERTEX_POINT('',#13505);
#7235=VERTEX_POINT('',#13507);
#7236=VERTEX_POINT('',#13511);
#7237=VERTEX_POINT('',#13513);
#7238=VERTEX_POINT('',#13517);
#7239=VERTEX_POINT('',#13519);
#7240=VERTEX_POINT('',#13523);
#7241=VERTEX_POINT('',#13525);
#7242=VERTEX_POINT('',#13529);
#7243=VERTEX_POINT('',#13531);
#7244=VERTEX_POINT('',#13535);
#7245=VERTEX_POINT('',#13537);
#7246=VERTEX_POINT('',#13541);
#7247=VERTEX_POINT('',#13543);
#7248=VERTEX_POINT('',#13547);
#7249=VERTEX_POINT('',#13549);
#7250=VERTEX_POINT('',#13553);
#7251=VERTEX_POINT('',#13555);
#7252=VERTEX_POINT('',#13559);
#7253=VERTEX_POINT('',#13561);
#7254=VERTEX_POINT('',#13565);
#7255=VERTEX_POINT('',#13567);
#7256=VERTEX_POINT('',#13571);
#7257=VERTEX_POINT('',#13573);
#7258=VERTEX_POINT('',#13577);
#7259=VERTEX_POINT('',#13579);
#7260=VERTEX_POINT('',#13583);
#7261=VERTEX_POINT('',#13585);
#7262=VERTEX_POINT('',#13589);
#7263=VERTEX_POINT('',#13591);
#7264=VERTEX_POINT('',#13595);
#7265=VERTEX_POINT('',#13597);
#7266=VERTEX_POINT('',#13601);
#7267=VERTEX_POINT('',#13603);
#7268=VERTEX_POINT('',#13607);
#7269=VERTEX_POINT('',#13609);
#7270=VERTEX_POINT('',#13613);
#7271=VERTEX_POINT('',#13615);
#7272=VERTEX_POINT('',#13619);
#7273=VERTEX_POINT('',#13621);
#7274=VERTEX_POINT('',#13625);
#7275=VERTEX_POINT('',#13627);
#7276=VERTEX_POINT('',#13631);
#7277=VERTEX_POINT('',#13633);
#7278=VERTEX_POINT('',#13637);
#7279=VERTEX_POINT('',#13639);
#7280=VERTEX_POINT('',#13643);
#7281=VERTEX_POINT('',#13645);
#7282=VERTEX_POINT('',#13649);
#7283=VERTEX_POINT('',#13651);
#7284=VERTEX_POINT('',#13655);
#7285=VERTEX_POINT('',#13657);
#7286=VERTEX_POINT('',#13661);
#7287=VERTEX_POINT('',#13663);
#7288=VERTEX_POINT('',#13667);
#7289=VERTEX_POINT('',#13669);
#7290=VERTEX_POINT('',#13673);
#7291=VERTEX_POINT('',#13675);
#7292=VERTEX_POINT('',#13679);
#7293=VERTEX_POINT('',#13681);
#7294=VERTEX_POINT('',#13685);
#7295=VERTEX_POINT('',#13687);
#7296=VERTEX_POINT('',#13691);
#7297=VERTEX_POINT('',#13693);
#7298=VERTEX_POINT('',#13697);
#7299=VERTEX_POINT('',#13699);
#7300=VERTEX_POINT('',#13703);
#7301=VERTEX_POINT('',#13705);
#7302=VERTEX_POINT('',#13709);
#7303=VERTEX_POINT('',#13711);
#7304=VERTEX_POINT('',#13715);
#7305=VERTEX_POINT('',#13717);
#7306=VERTEX_POINT('',#13721);
#7307=VERTEX_POINT('',#13723);
#7308=VERTEX_POINT('',#13727);
#7309=VERTEX_POINT('',#13729);
#7310=VERTEX_POINT('',#13733);
#7311=VERTEX_POINT('',#13735);
#7312=VERTEX_POINT('',#13739);
#7313=VERTEX_POINT('',#13741);
#7314=VERTEX_POINT('',#13745);
#7315=VERTEX_POINT('',#13747);
#7316=VERTEX_POINT('',#13751);
#7317=VERTEX_POINT('',#13753);
#7318=VERTEX_POINT('',#13757);
#7319=VERTEX_POINT('',#13759);
#7320=VERTEX_POINT('',#13763);
#7321=VERTEX_POINT('',#13765);
#7322=VERTEX_POINT('',#13769);
#7323=VERTEX_POINT('',#13771);
#7324=VERTEX_POINT('',#13775);
#7325=VERTEX_POINT('',#13777);
#7326=VERTEX_POINT('',#13781);
#7327=VERTEX_POINT('',#13783);
#7328=VERTEX_POINT('',#13787);
#7329=VERTEX_POINT('',#13789);
#7330=VERTEX_POINT('',#13793);
#7331=VERTEX_POINT('',#13795);
#7332=VERTEX_POINT('',#13799);
#7333=VERTEX_POINT('',#13801);
#7334=VERTEX_POINT('',#13805);
#7335=VERTEX_POINT('',#13807);
#7336=VERTEX_POINT('',#13811);
#7337=VERTEX_POINT('',#13813);
#7338=VERTEX_POINT('',#13817);
#7339=VERTEX_POINT('',#13819);
#7340=VERTEX_POINT('',#13823);
#7341=VERTEX_POINT('',#13825);
#7342=VERTEX_POINT('',#13829);
#7343=VERTEX_POINT('',#13831);
#7344=VERTEX_POINT('',#13835);
#7345=VERTEX_POINT('',#13837);
#7346=VERTEX_POINT('',#13841);
#7347=VERTEX_POINT('',#13843);
#7348=VERTEX_POINT('',#13847);
#7349=VERTEX_POINT('',#13849);
#7350=VERTEX_POINT('',#13853);
#7351=VERTEX_POINT('',#13855);
#7352=VERTEX_POINT('',#13859);
#7353=VERTEX_POINT('',#13861);
#7354=VERTEX_POINT('',#13865);
#7355=VERTEX_POINT('',#13867);
#7356=VERTEX_POINT('',#13871);
#7357=VERTEX_POINT('',#13873);
#7358=VERTEX_POINT('',#13877);
#7359=VERTEX_POINT('',#13879);
#7360=VERTEX_POINT('',#13883);
#7361=VERTEX_POINT('',#13885);
#7362=VERTEX_POINT('',#13889);
#7363=VERTEX_POINT('',#13891);
#7364=VERTEX_POINT('',#13895);
#7365=VERTEX_POINT('',#13897);
#7366=VERTEX_POINT('',#13901);
#7367=VERTEX_POINT('',#13903);
#7368=VERTEX_POINT('',#13907);
#7369=VERTEX_POINT('',#13909);
#7370=VERTEX_POINT('',#13913);
#7371=VERTEX_POINT('',#13915);
#7372=VERTEX_POINT('',#13919);
#7373=VERTEX_POINT('',#13921);
#7374=VERTEX_POINT('',#13925);
#7375=VERTEX_POINT('',#13927);
#7376=VERTEX_POINT('',#13931);
#7377=VERTEX_POINT('',#13933);
#7378=VERTEX_POINT('',#13937);
#7379=VERTEX_POINT('',#13939);
#7380=VERTEX_POINT('',#13943);
#7381=VERTEX_POINT('',#13945);
#7382=VERTEX_POINT('',#13949);
#7383=VERTEX_POINT('',#13951);
#7384=VERTEX_POINT('',#13955);
#7385=VERTEX_POINT('',#13957);
#7386=VERTEX_POINT('',#13961);
#7387=VERTEX_POINT('',#13963);
#7388=VERTEX_POINT('',#13967);
#7389=VERTEX_POINT('',#13969);
#7390=VERTEX_POINT('',#13973);
#7391=VERTEX_POINT('',#13975);
#7392=VERTEX_POINT('',#13979);
#7393=VERTEX_POINT('',#13981);
#7394=VERTEX_POINT('',#13985);
#7395=VERTEX_POINT('',#13987);
#7396=VERTEX_POINT('',#13991);
#7397=VERTEX_POINT('',#13993);
#7398=VERTEX_POINT('',#13997);
#7399=VERTEX_POINT('',#13999);
#7400=VERTEX_POINT('',#14006);
#7401=VERTEX_POINT('',#14009);
#7402=VERTEX_POINT('',#14010);
#7403=VERTEX_POINT('',#14012);
#7404=VERTEX_POINT('',#14014);
#7405=VERTEX_POINT('',#14016);
#7406=VERTEX_POINT('',#14018);
#7407=VERTEX_POINT('',#14020);
#7408=VERTEX_POINT('',#14022);
#7409=VERTEX_POINT('',#14024);
#7410=VERTEX_POINT('',#14026);
#7411=VERTEX_POINT('',#14028);
#7412=VERTEX_POINT('',#14030);
#7413=VERTEX_POINT('',#14032);
#7414=VERTEX_POINT('',#14034);
#7415=VERTEX_POINT('',#14036);
#7416=VERTEX_POINT('',#14038);
#7417=VERTEX_POINT('',#14040);
#7418=VERTEX_POINT('',#14042);
#7419=VERTEX_POINT('',#14044);
#7420=VERTEX_POINT('',#14046);
#7421=VERTEX_POINT('',#14048);
#7422=VERTEX_POINT('',#14050);
#7423=VERTEX_POINT('',#14052);
#7424=VERTEX_POINT('',#14055);
#7425=VERTEX_POINT('',#14056);
#7426=VERTEX_POINT('',#14058);
#7427=VERTEX_POINT('',#14060);
#7428=VERTEX_POINT('',#14062);
#7429=VERTEX_POINT('',#14064);
#7430=VERTEX_POINT('',#14066);
#7431=VERTEX_POINT('',#14068);
#7432=VERTEX_POINT('',#14070);
#7433=VERTEX_POINT('',#14072);
#7434=VERTEX_POINT('',#14074);
#7435=VERTEX_POINT('',#14076);
#7436=VERTEX_POINT('',#14078);
#7437=VERTEX_POINT('',#14080);
#7438=VERTEX_POINT('',#14082);
#7439=VERTEX_POINT('',#14084);
#7440=VERTEX_POINT('',#14086);
#7441=VERTEX_POINT('',#14088);
#7442=VERTEX_POINT('',#14090);
#7443=VERTEX_POINT('',#14092);
#7444=VERTEX_POINT('',#14094);
#7445=VERTEX_POINT('',#14096);
#7446=VERTEX_POINT('',#14098);
#7447=VERTEX_POINT('',#14101);
#7448=VERTEX_POINT('',#14102);
#7449=VERTEX_POINT('',#14104);
#7450=VERTEX_POINT('',#14106);
#7451=VERTEX_POINT('',#14108);
#7452=VERTEX_POINT('',#14110);
#7453=VERTEX_POINT('',#14112);
#7454=VERTEX_POINT('',#14114);
#7455=VERTEX_POINT('',#14116);
#7456=VERTEX_POINT('',#14118);
#7457=VERTEX_POINT('',#14120);
#7458=VERTEX_POINT('',#14122);
#7459=VERTEX_POINT('',#14124);
#7460=VERTEX_POINT('',#14126);
#7461=VERTEX_POINT('',#14128);
#7462=VERTEX_POINT('',#14130);
#7463=VERTEX_POINT('',#14132);
#7464=VERTEX_POINT('',#14134);
#7465=VERTEX_POINT('',#14136);
#7466=VERTEX_POINT('',#14138);
#7467=VERTEX_POINT('',#14140);
#7468=VERTEX_POINT('',#14142);
#7469=VERTEX_POINT('',#14145);
#7470=VERTEX_POINT('',#14146);
#7471=VERTEX_POINT('',#14148);
#7472=VERTEX_POINT('',#14150);
#7473=VERTEX_POINT('',#14152);
#7474=VERTEX_POINT('',#14154);
#7475=VERTEX_POINT('',#14156);
#7476=VERTEX_POINT('',#14158);
#7477=VERTEX_POINT('',#14160);
#7478=VERTEX_POINT('',#14162);
#7479=VERTEX_POINT('',#14164);
#7480=VERTEX_POINT('',#14166);
#7481=VERTEX_POINT('',#14168);
#7482=VERTEX_POINT('',#14170);
#7483=VERTEX_POINT('',#14172);
#7484=VERTEX_POINT('',#14174);
#7485=VERTEX_POINT('',#14176);
#7486=VERTEX_POINT('',#14178);
#7487=VERTEX_POINT('',#14180);
#7488=VERTEX_POINT('',#14182);
#7489=VERTEX_POINT('',#14184);
#7490=VERTEX_POINT('',#14186);
#7491=VERTEX_POINT('',#14188);
#7492=VERTEX_POINT('',#14191);
#7493=VERTEX_POINT('',#14192);
#7494=VERTEX_POINT('',#14194);
#7495=VERTEX_POINT('',#14196);
#7496=VERTEX_POINT('',#14198);
#7497=VERTEX_POINT('',#14200);
#7498=VERTEX_POINT('',#14202);
#7499=VERTEX_POINT('',#14204);
#7500=VERTEX_POINT('',#14206);
#7501=VERTEX_POINT('',#14208);
#7502=VERTEX_POINT('',#14210);
#7503=VERTEX_POINT('',#14212);
#7504=VERTEX_POINT('',#14214);
#7505=VERTEX_POINT('',#14216);
#7506=VERTEX_POINT('',#14218);
#7507=VERTEX_POINT('',#14220);
#7508=VERTEX_POINT('',#14222);
#7509=VERTEX_POINT('',#14224);
#7510=VERTEX_POINT('',#14226);
#7511=VERTEX_POINT('',#14228);
#7512=VERTEX_POINT('',#14230);
#7513=VERTEX_POINT('',#14232);
#7514=VERTEX_POINT('',#14234);
#7515=VERTEX_POINT('',#14236);
#7516=VERTEX_POINT('',#14238);
#7517=VERTEX_POINT('',#14240);
#7518=VERTEX_POINT('',#14243);
#7519=VERTEX_POINT('',#14245);
#7520=VERTEX_POINT('',#14247);
#7521=VERTEX_POINT('',#14249);
#7522=VERTEX_POINT('',#14251);
#7523=VERTEX_POINT('',#14253);
#7524=VERTEX_POINT('',#14255);
#7525=VERTEX_POINT('',#14257);
#7526=VERTEX_POINT('',#14259);
#7527=VERTEX_POINT('',#14261);
#7528=VERTEX_POINT('',#14263);
#7529=VERTEX_POINT('',#14265);
#7530=VERTEX_POINT('',#14267);
#7531=VERTEX_POINT('',#14269);
#7532=VERTEX_POINT('',#14271);
#7533=VERTEX_POINT('',#14273);
#7534=VERTEX_POINT('',#14276);
#7535=VERTEX_POINT('',#14277);
#7536=VERTEX_POINT('',#14279);
#7537=VERTEX_POINT('',#14281);
#7538=VERTEX_POINT('',#14283);
#7539=VERTEX_POINT('',#14285);
#7540=VERTEX_POINT('',#14287);
#7541=VERTEX_POINT('',#14289);
#7542=VERTEX_POINT('',#14291);
#7543=VERTEX_POINT('',#14293);
#7544=VERTEX_POINT('',#14295);
#7545=VERTEX_POINT('',#14297);
#7546=VERTEX_POINT('',#14299);
#7547=VERTEX_POINT('',#14301);
#7548=VERTEX_POINT('',#14303);
#7549=VERTEX_POINT('',#14305);
#7550=VERTEX_POINT('',#14308);
#7551=VERTEX_POINT('',#14309);
#7552=VERTEX_POINT('',#14311);
#7553=VERTEX_POINT('',#14313);
#7554=VERTEX_POINT('',#14315);
#7555=VERTEX_POINT('',#14317);
#7556=VERTEX_POINT('',#14319);
#7557=VERTEX_POINT('',#14321);
#7558=VERTEX_POINT('',#14323);
#7559=VERTEX_POINT('',#14325);
#7560=VERTEX_POINT('',#14327);
#7561=VERTEX_POINT('',#14329);
#7562=VERTEX_POINT('',#14331);
#7563=VERTEX_POINT('',#14333);
#7564=VERTEX_POINT('',#14335);
#7565=VERTEX_POINT('',#14337);
#7566=VERTEX_POINT('',#14339);
#7567=VERTEX_POINT('',#14341);
#7568=VERTEX_POINT('',#14343);
#7569=VERTEX_POINT('',#14345);
#7570=VERTEX_POINT('',#14347);
#7571=VERTEX_POINT('',#14349);
#7572=VERTEX_POINT('',#14351);
#7573=VERTEX_POINT('',#14353);
#7574=VERTEX_POINT('',#14355);
#7575=VERTEX_POINT('',#14357);
#7576=VERTEX_POINT('',#14360);
#7577=VERTEX_POINT('',#14361);
#7578=VERTEX_POINT('',#14363);
#7579=VERTEX_POINT('',#14365);
#7580=VERTEX_POINT('',#14367);
#7581=VERTEX_POINT('',#14369);
#7582=VERTEX_POINT('',#14371);
#7583=VERTEX_POINT('',#14373);
#7584=VERTEX_POINT('',#14375);
#7585=VERTEX_POINT('',#14377);
#7586=VERTEX_POINT('',#14379);
#7587=VERTEX_POINT('',#14381);
#7588=VERTEX_POINT('',#14383);
#7589=VERTEX_POINT('',#14385);
#7590=VERTEX_POINT('',#14387);
#7591=VERTEX_POINT('',#14389);
#7592=VERTEX_POINT('',#14393);
#7593=VERTEX_POINT('',#14396);
#7594=VERTEX_POINT('',#14400);
#7595=VERTEX_POINT('',#14401);
#7596=VERTEX_POINT('',#14403);
#7597=VERTEX_POINT('',#14405);
#7598=VERTEX_POINT('',#14409);
#7599=VERTEX_POINT('',#14411);
#7600=VERTEX_POINT('',#14415);
#7601=VERTEX_POINT('',#14417);
#7602=VERTEX_POINT('',#14421);
#7603=VERTEX_POINT('',#14423);
#7604=VERTEX_POINT('',#14427);
#7605=VERTEX_POINT('',#14429);
#7606=VERTEX_POINT('',#14433);
#7607=VERTEX_POINT('',#14435);
#7608=VERTEX_POINT('',#14439);
#7609=VERTEX_POINT('',#14441);
#7610=VERTEX_POINT('',#14445);
#7611=VERTEX_POINT('',#14447);
#7612=VERTEX_POINT('',#14451);
#7613=VERTEX_POINT('',#14453);
#7614=VERTEX_POINT('',#14457);
#7615=VERTEX_POINT('',#14459);
#7616=VERTEX_POINT('',#14463);
#7617=VERTEX_POINT('',#14465);
#7618=VERTEX_POINT('',#14469);
#7619=VERTEX_POINT('',#14471);
#7620=VERTEX_POINT('',#14475);
#7621=VERTEX_POINT('',#14477);
#7622=VERTEX_POINT('',#14481);
#7623=VERTEX_POINT('',#14483);
#7624=VERTEX_POINT('',#14487);
#7625=VERTEX_POINT('',#14489);
#7626=VERTEX_POINT('',#14493);
#7627=VERTEX_POINT('',#14495);
#7628=VERTEX_POINT('',#14499);
#7629=VERTEX_POINT('',#14501);
#7630=VERTEX_POINT('',#14505);
#7631=VERTEX_POINT('',#14507);
#7632=VERTEX_POINT('',#14511);
#7633=VERTEX_POINT('',#14513);
#7634=VERTEX_POINT('',#14520);
#7635=VERTEX_POINT('',#14527);
#7636=VERTEX_POINT('',#14531);
#7637=VERTEX_POINT('',#14535);
#7638=VERTEX_POINT('',#14539);
#7639=VERTEX_POINT('',#14543);
#7640=VERTEX_POINT('',#14547);
#7641=VERTEX_POINT('',#14551);
#7642=VERTEX_POINT('',#14555);
#7643=VERTEX_POINT('',#14559);
#7644=VERTEX_POINT('',#14563);
#7645=VERTEX_POINT('',#14567);
#7646=VERTEX_POINT('',#14571);
#7647=VERTEX_POINT('',#14575);
#7648=VERTEX_POINT('',#14579);
#7649=VERTEX_POINT('',#14583);
#7650=VERTEX_POINT('',#14587);
#7651=VERTEX_POINT('',#14591);
#7652=VERTEX_POINT('',#14595);
#7653=VERTEX_POINT('',#14599);
#7654=VERTEX_POINT('',#14603);
#7655=VERTEX_POINT('',#14613);
#7656=VERTEX_POINT('',#14615);
#7657=VERTEX_POINT('',#14619);
#7658=VERTEX_POINT('',#14621);
#7659=VERTEX_POINT('',#14625);
#7660=VERTEX_POINT('',#14629);
#7661=VERTEX_POINT('',#14633);
#7662=VERTEX_POINT('',#14637);
#7663=VERTEX_POINT('',#14641);
#7664=VERTEX_POINT('',#14645);
#7665=VERTEX_POINT('',#14649);
#7666=VERTEX_POINT('',#14653);
#7667=VERTEX_POINT('',#14657);
#7668=VERTEX_POINT('',#14661);
#7669=VERTEX_POINT('',#14665);
#7670=VERTEX_POINT('',#14669);
#7671=VERTEX_POINT('',#14673);
#7672=VERTEX_POINT('',#14677);
#7673=VERTEX_POINT('',#14681);
#7674=VERTEX_POINT('',#14685);
#7675=VERTEX_POINT('',#14689);
#7676=VERTEX_POINT('',#14695);
#7677=VERTEX_POINT('',#14699);
#7678=VERTEX_POINT('',#14703);
#7679=VERTEX_POINT('',#14704);
#7680=VERTEX_POINT('',#14706);
#7681=VERTEX_POINT('',#14708);
#7682=VERTEX_POINT('',#14715);
#7683=VERTEX_POINT('',#14717);
#7684=VERTEX_POINT('',#14721);
#7685=VERTEX_POINT('',#14723);
#7686=VERTEX_POINT('',#14727);
#7687=VERTEX_POINT('',#14729);
#7688=VERTEX_POINT('',#14733);
#7689=VERTEX_POINT('',#14735);
#7690=VERTEX_POINT('',#14739);
#7691=VERTEX_POINT('',#14741);
#7692=VERTEX_POINT('',#14745);
#7693=VERTEX_POINT('',#14747);
#7694=VERTEX_POINT('',#14751);
#7695=VERTEX_POINT('',#14753);
#7696=VERTEX_POINT('',#14757);
#7697=VERTEX_POINT('',#14759);
#7698=VERTEX_POINT('',#14763);
#7699=VERTEX_POINT('',#14765);
#7700=VERTEX_POINT('',#14769);
#7701=VERTEX_POINT('',#14771);
#7702=VERTEX_POINT('',#14775);
#7703=VERTEX_POINT('',#14777);
#7704=VERTEX_POINT('',#14781);
#7705=VERTEX_POINT('',#14783);
#7706=VERTEX_POINT('',#14787);
#7707=VERTEX_POINT('',#14789);
#7708=VERTEX_POINT('',#14793);
#7709=VERTEX_POINT('',#14795);
#7710=VERTEX_POINT('',#14805);
#7711=VERTEX_POINT('',#14806);
#7712=VERTEX_POINT('',#14808);
#7713=VERTEX_POINT('',#14810);
#7714=VERTEX_POINT('',#14812);
#7715=VERTEX_POINT('',#14814);
#7716=VERTEX_POINT('',#14816);
#7717=VERTEX_POINT('',#14818);
#7718=VERTEX_POINT('',#14820);
#7719=VERTEX_POINT('',#14822);
#7720=VERTEX_POINT('',#14824);
#7721=VERTEX_POINT('',#14826);
#7722=VERTEX_POINT('',#14828);
#7723=VERTEX_POINT('',#14830);
#7724=VERTEX_POINT('',#14832);
#7725=VERTEX_POINT('',#14834);
#7726=VERTEX_POINT('',#14870);
#7727=VERTEX_POINT('',#14871);
#7728=VERTEX_POINT('',#14873);
#7729=VERTEX_POINT('',#14875);
#7730=VERTEX_POINT('',#14877);
#7731=VERTEX_POINT('',#14879);
#7732=VERTEX_POINT('',#14881);
#7733=VERTEX_POINT('',#14883);
#7734=VERTEX_POINT('',#14885);
#7735=VERTEX_POINT('',#14887);
#7736=VERTEX_POINT('',#14889);
#7737=VERTEX_POINT('',#14891);
#7738=VERTEX_POINT('',#14893);
#7739=VERTEX_POINT('',#14895);
#7740=VERTEX_POINT('',#14897);
#7741=VERTEX_POINT('',#14899);
#7742=VERTEX_POINT('',#14901);
#7743=VERTEX_POINT('',#14903);
#7744=VERTEX_POINT('',#14905);
#7745=VERTEX_POINT('',#14907);
#7746=VERTEX_POINT('',#14909);
#7747=VERTEX_POINT('',#14911);
#7748=VERTEX_POINT('',#14913);
#7749=VERTEX_POINT('',#14915);
#7750=VERTEX_POINT('',#14917);
#7751=VERTEX_POINT('',#14919);
#7752=VERTEX_POINT('',#14975);
#7753=VERTEX_POINT('',#14976);
#7754=VERTEX_POINT('',#14978);
#7755=VERTEX_POINT('',#14980);
#7756=VERTEX_POINT('',#14982);
#7757=VERTEX_POINT('',#14984);
#7758=VERTEX_POINT('',#14986);
#7759=VERTEX_POINT('',#14988);
#7760=VERTEX_POINT('',#14990);
#7761=VERTEX_POINT('',#14992);
#7762=VERTEX_POINT('',#14994);
#7763=VERTEX_POINT('',#14996);
#7764=VERTEX_POINT('',#14998);
#7765=VERTEX_POINT('',#15000);
#7766=VERTEX_POINT('',#15002);
#7767=VERTEX_POINT('',#15004);
#7768=VERTEX_POINT('',#15040);
#7769=VERTEX_POINT('',#15041);
#7770=VERTEX_POINT('',#15043);
#7771=VERTEX_POINT('',#15045);
#7772=VERTEX_POINT('',#15047);
#7773=VERTEX_POINT('',#15049);
#7774=VERTEX_POINT('',#15051);
#7775=VERTEX_POINT('',#15053);
#7776=VERTEX_POINT('',#15055);
#7777=VERTEX_POINT('',#15057);
#7778=VERTEX_POINT('',#15059);
#7779=VERTEX_POINT('',#15061);
#7780=VERTEX_POINT('',#15063);
#7781=VERTEX_POINT('',#15065);
#7782=VERTEX_POINT('',#15067);
#7783=VERTEX_POINT('',#15069);
#7784=VERTEX_POINT('',#15071);
#7785=VERTEX_POINT('',#15073);
#7786=VERTEX_POINT('',#15075);
#7787=VERTEX_POINT('',#15077);
#7788=VERTEX_POINT('',#15079);
#7789=VERTEX_POINT('',#15081);
#7790=VERTEX_POINT('',#15083);
#7791=VERTEX_POINT('',#15085);
#7792=VERTEX_POINT('',#15087);
#7793=VERTEX_POINT('',#15089);
#7794=VERTEX_POINT('',#15145);
#7795=VERTEX_POINT('',#15146);
#7796=VERTEX_POINT('',#15148);
#7797=VERTEX_POINT('',#15150);
#7798=VERTEX_POINT('',#15152);
#7799=VERTEX_POINT('',#15154);
#7800=VERTEX_POINT('',#15156);
#7801=VERTEX_POINT('',#15158);
#7802=VERTEX_POINT('',#15160);
#7803=VERTEX_POINT('',#15162);
#7804=VERTEX_POINT('',#15164);
#7805=VERTEX_POINT('',#15166);
#7806=VERTEX_POINT('',#15168);
#7807=VERTEX_POINT('',#15170);
#7808=VERTEX_POINT('',#15172);
#7809=VERTEX_POINT('',#15174);
#7810=VERTEX_POINT('',#15176);
#7811=VERTEX_POINT('',#15178);
#7812=VERTEX_POINT('',#15180);
#7813=VERTEX_POINT('',#15182);
#7814=VERTEX_POINT('',#15184);
#7815=VERTEX_POINT('',#15186);
#7816=VERTEX_POINT('',#15234);
#7817=VERTEX_POINT('',#15236);
#7818=VERTEX_POINT('',#15240);
#7819=VERTEX_POINT('',#15244);
#7820=VERTEX_POINT('',#15248);
#7821=VERTEX_POINT('',#15252);
#7822=VERTEX_POINT('',#15254);
#7823=VERTEX_POINT('',#15258);
#7824=VERTEX_POINT('',#15262);
#7825=VERTEX_POINT('',#15266);
#7826=VERTEX_POINT('',#15270);
#7827=VERTEX_POINT('',#15274);
#7828=VERTEX_POINT('',#15278);
#7829=VERTEX_POINT('',#15284);
#7830=VERTEX_POINT('',#15288);
#7831=VERTEX_POINT('',#15292);
#7832=VERTEX_POINT('',#15296);
#7833=VERTEX_POINT('',#15300);
#7834=VERTEX_POINT('',#15304);
#7835=VERTEX_POINT('',#15311);
#7836=VERTEX_POINT('',#15313);
#7837=VERTEX_POINT('',#15317);
#7838=VERTEX_POINT('',#15319);
#7839=VERTEX_POINT('',#15323);
#7840=VERTEX_POINT('',#15327);
#7841=VERTEX_POINT('',#15331);
#7842=VERTEX_POINT('',#15335);
#7843=VERTEX_POINT('',#15341);
#7844=VERTEX_POINT('',#15345);
#7845=VERTEX_POINT('',#15349);
#7846=VERTEX_POINT('',#15353);
#7847=VERTEX_POINT('',#15357);
#7848=VERTEX_POINT('',#15361);
#7849=VERTEX_POINT('',#15365);
#7850=VERTEX_POINT('',#15369);
#7851=VERTEX_POINT('',#15373);
#7852=VERTEX_POINT('',#15377);
#7853=VERTEX_POINT('',#15381);
#7854=VERTEX_POINT('',#15385);
#7855=VERTEX_POINT('',#15389);
#7856=VERTEX_POINT('',#15393);
#7857=VERTEX_POINT('',#15397);
#7858=VERTEX_POINT('',#15401);
#7859=VERTEX_POINT('',#15402);
#7860=VERTEX_POINT('',#15404);
#7861=VERTEX_POINT('',#15406);
#7862=VERTEX_POINT('',#15413);
#7863=VERTEX_POINT('',#15415);
#7864=VERTEX_POINT('',#15419);
#7865=VERTEX_POINT('',#15421);
#7866=VERTEX_POINT('',#15425);
#7867=VERTEX_POINT('',#15427);
#7868=VERTEX_POINT('',#15431);
#7869=VERTEX_POINT('',#15433);
#7870=VERTEX_POINT('',#15437);
#7871=VERTEX_POINT('',#15439);
#7872=VERTEX_POINT('',#15443);
#7873=VERTEX_POINT('',#15445);
#7874=VERTEX_POINT('',#15449);
#7875=VERTEX_POINT('',#15451);
#7876=VERTEX_POINT('',#15455);
#7877=VERTEX_POINT('',#15457);
#7878=VERTEX_POINT('',#15461);
#7879=VERTEX_POINT('',#15463);
#7880=VERTEX_POINT('',#15467);
#7881=VERTEX_POINT('',#15469);
#7882=VERTEX_POINT('',#15473);
#7883=VERTEX_POINT('',#15475);
#7884=VERTEX_POINT('',#15479);
#7885=VERTEX_POINT('',#15481);
#7886=B_SPLINE_CURVE_WITH_KNOTS('',3,(#12679,#12680,#12681,#12682),
 .UNSPECIFIED.,.F.,.F.,(4,4),(0.,1.),.UNSPECIFIED.);
#7887=B_SPLINE_CURVE_WITH_KNOTS('',3,(#12687,#12688,#12689,#12690),
 .UNSPECIFIED.,.F.,.F.,(4,4),(0.,1.),.UNSPECIFIED.);
#7888=B_SPLINE_CURVE_WITH_KNOTS('',3,(#12705,#12706,#12707,#12708),
 .UNSPECIFIED.,.F.,.F.,(4,4),(0.,1.),.UNSPECIFIED.);
#7889=B_SPLINE_CURVE_WITH_KNOTS('',3,(#12720,#12721,#12722,#12723),
 .UNSPECIFIED.,.F.,.F.,(4,4),(0.,1.),.UNSPECIFIED.);
#7890=B_SPLINE_CURVE_WITH_KNOTS('',3,(#14516,#14517,#14518,#14519),
 .UNSPECIFIED.,.F.,.F.,(4,4),(0.,1.),.UNSPECIFIED.);
#7891=B_SPLINE_CURVE_WITH_KNOTS('',3,(#14523,#14524,#14525,#14526),
 .UNSPECIFIED.,.F.,.F.,(4,4),(0.,1.),.UNSPECIFIED.);
#7892=EDGE_LOOP('',(#2782,#2783,#2784,#2785));
#7893=EDGE_LOOP('',(#2786,#2787,#2788,#2789));
#7894=EDGE_LOOP('',(#2790,#2791,#2792,#2793));
#7895=EDGE_LOOP('',(#2794,#2795,#2796,#2797));
#7896=EDGE_LOOP('',(#2798,#2799,#2800,#2801));
#7897=EDGE_LOOP('',(#2802,#2803,#2804,#2805));
#7898=EDGE_LOOP('',(#2806,#2807,#2808,#2809));
#7899=EDGE_LOOP('',(#2810,#2811,#2812,#2813));
#7900=EDGE_LOOP('',(#2814,#2815,#2816,#2817));
#7901=EDGE_LOOP('',(#2818,#2819,#2820,#2821));
#7902=EDGE_LOOP('',(#2822,#2823,#2824,#2825));
#7903=EDGE_LOOP('',(#2826,#2827,#2828,#2829));
#7904=EDGE_LOOP('',(#2830,#2831,#2832,#2833));
#7905=EDGE_LOOP('',(#2834,#2835,#2836,#2837));
#7906=EDGE_LOOP('',(#2838,#2839,#2840,#2841));
#7907=EDGE_LOOP('',(#2842,#2843,#2844,#2845));
#7908=EDGE_LOOP('',(#2846,#2847,#2848,#2849));
#7909=EDGE_LOOP('',(#2850,#2851,#2852,#2853));
#7910=EDGE_LOOP('',(#2854,#2855,#2856,#2857));
#7911=EDGE_LOOP('',(#2858,#2859,#2860,#2861));
#7912=EDGE_LOOP('',(#2862,#2863,#2864,#2865));
#7913=EDGE_LOOP('',(#2866,#2867,#2868,#2869));
#7914=EDGE_LOOP('',(#2870,#2871,#2872,#2873));
#7915=EDGE_LOOP('',(#2874,#2875,#2876,#2877));
#7916=EDGE_LOOP('',(#2878,#2879,#2880,#2881));
#7917=EDGE_LOOP('',(#2882,#2883,#2884,#2885));
#7918=EDGE_LOOP('',(#2886,#2887,#2888,#2889));
#7919=EDGE_LOOP('',(#2890,#2891,#2892,#2893));
#7920=EDGE_LOOP('',(#2894,#2895,#2896,#2897));
#7921=EDGE_LOOP('',(#2898,#2899,#2900,#2901));
#7922=EDGE_LOOP('',(#2902,#2903,#2904,#2905));
#7923=EDGE_LOOP('',(#2906,#2907,#2908,#2909));
#7924=EDGE_LOOP('',(#2910,#2911,#2912,#2913));
#7925=EDGE_LOOP('',(#2914,#2915,#2916,#2917));
#7926=EDGE_LOOP('',(#2918,#2919,#2920,#2921));
#7927=EDGE_LOOP('',(#2922,#2923,#2924,#2925));
#7928=EDGE_LOOP('',(#2926,#2927,#2928,#2929));
#7929=EDGE_LOOP('',(#2930,#2931,#2932,#2933));
#7930=EDGE_LOOP('',(#2934,#2935,#2936,#2937));
#7931=EDGE_LOOP('',(#2938,#2939,#2940,#2941));
#7932=EDGE_LOOP('',(#2942,#2943,#2944,#2945));
#7933=EDGE_LOOP('',(#2946,#2947,#2948,#2949));
#7934=EDGE_LOOP('',(#2950,#2951,#2952,#2953));
#7935=EDGE_LOOP('',(#2954,#2955,#2956,#2957));
#7936=EDGE_LOOP('',(#2958,#2959,#2960,#2961));
#7937=EDGE_LOOP('',(#2962,#2963,#2964,#2965));
#7938=EDGE_LOOP('',(#2966,#2967,#2968,#2969));
#7939=EDGE_LOOP('',(#2970,#2971,#2972,#2973));
#7940=EDGE_LOOP('',(#2974,#2975,#2976,#2977));
#7941=EDGE_LOOP('',(#2978,#2979,#2980,#2981));
#7942=EDGE_LOOP('',(#2982,#2983,#2984,#2985));
#7943=EDGE_LOOP('',(#2986,#2987,#2988,#2989));
#7944=EDGE_LOOP('',(#2990,#2991,#2992,#2993));
#7945=EDGE_LOOP('',(#2994,#2995,#2996,#2997));
#7946=EDGE_LOOP('',(#2998,#2999,#3000,#3001));
#7947=EDGE_LOOP('',(#3002,#3003,#3004,#3005));
#7948=EDGE_LOOP('',(#3006,#3007,#3008,#3009));
#7949=EDGE_LOOP('',(#3010,#3011,#3012,#3013));
#7950=EDGE_LOOP('',(#3014,#3015,#3016,#3017));
#7951=EDGE_LOOP('',(#3018,#3019,#3020,#3021));
#7952=EDGE_LOOP('',(#3022,#3023,#3024,#3025));
#7953=EDGE_LOOP('',(#3026,#3027,#3028,#3029));
#7954=EDGE_LOOP('',(#3030,#3031,#3032,#3033));
#7955=EDGE_LOOP('',(#3034,#3035,#3036,#3037));
#7956=EDGE_LOOP('',(#3038,#3039,#3040,#3041));
#7957=EDGE_LOOP('',(#3042,#3043,#3044,#3045));
#7958=EDGE_LOOP('',(#3046,#3047,#3048,#3049));
#7959=EDGE_LOOP('',(#3050,#3051,#3052,#3053));
#7960=EDGE_LOOP('',(#3054,#3055,#3056,#3057));
#7961=EDGE_LOOP('',(#3058,#3059,#3060,#3061));
#7962=EDGE_LOOP('',(#3062,#3063,#3064,#3065));
#7963=EDGE_LOOP('',(#3066,#3067,#3068,#3069));
#7964=EDGE_LOOP('',(#3070,#3071,#3072,#3073));
#7965=EDGE_LOOP('',(#3074,#3075,#3076,#3077));
#7966=EDGE_LOOP('',(#3078,#3079,#3080,#3081));
#7967=EDGE_LOOP('',(#3082,#3083,#3084,#3085));
#7968=EDGE_LOOP('',(#3086,#3087,#3088,#3089));
#7969=EDGE_LOOP('',(#3090,#3091,#3092,#3093));
#7970=EDGE_LOOP('',(#3094,#3095,#3096,#3097));
#7971=EDGE_LOOP('',(#3098,#3099,#3100,#3101));
#7972=EDGE_LOOP('',(#3102,#3103,#3104,#3105));
#7973=EDGE_LOOP('',(#3106,#3107,#3108,#3109));
#7974=EDGE_LOOP('',(#3110,#3111,#3112,#3113));
#7975=EDGE_LOOP('',(#3114,#3115,#3116,#3117));
#7976=EDGE_LOOP('',(#3118,#3119,#3120,#3121));
#7977=EDGE_LOOP('',(#3122,#3123,#3124,#3125));
#7978=EDGE_LOOP('',(#3126,#3127,#3128,#3129));
#7979=EDGE_LOOP('',(#3130,#3131,#3132,#3133));
#7980=EDGE_LOOP('',(#3134,#3135,#3136,#3137));
#7981=EDGE_LOOP('',(#3138,#3139,#3140,#3141));
#7982=EDGE_LOOP('',(#3142,#3143,#3144,#3145));
#7983=EDGE_LOOP('',(#3146,#3147,#3148,#3149));
#7984=EDGE_LOOP('',(#3150,#3151,#3152,#3153));
#7985=EDGE_LOOP('',(#3154,#3155,#3156,#3157));
#7986=EDGE_LOOP('',(#3158,#3159,#3160,#3161));
#7987=EDGE_LOOP('',(#3162,#3163,#3164,#3165));
#7988=EDGE_LOOP('',(#3166,#3167,#3168,#3169));
#7989=EDGE_LOOP('',(#3170,#3171,#3172,#3173));
#7990=EDGE_LOOP('',(#3174,#3175,#3176,#3177));
#7991=EDGE_LOOP('',(#3178,#3179,#3180,#3181));
#7992=EDGE_LOOP('',(#3182,#3183,#3184,#3185));
#7993=EDGE_LOOP('',(#3186,#3187,#3188,#3189));
#7994=EDGE_LOOP('',(#3190,#3191,#3192,#3193));
#7995=EDGE_LOOP('',(#3194,#3195,#3196,#3197));
#7996=EDGE_LOOP('',(#3198,#3199,#3200,#3201));
#7997=EDGE_LOOP('',(#3202,#3203,#3204,#3205));
#7998=EDGE_LOOP('',(#3206,#3207,#3208,#3209));
#7999=EDGE_LOOP('',(#3210,#3211,#3212,#3213));
#8000=EDGE_LOOP('',(#3214,#3215,#3216,#3217));
#8001=EDGE_LOOP('',(#3218,#3219,#3220,#3221));
#8002=EDGE_LOOP('',(#3222,#3223,#3224,#3225));
#8003=EDGE_LOOP('',(#3226,#3227,#3228,#3229));
#8004=EDGE_LOOP('',(#3230,#3231,#3232,#3233));
#8005=EDGE_LOOP('',(#3234,#3235,#3236,#3237));
#8006=EDGE_LOOP('',(#3238,#3239,#3240,#3241));
#8007=EDGE_LOOP('',(#3242,#3243,#3244,#3245));
#8008=EDGE_LOOP('',(#3246,#3247,#3248,#3249));
#8009=EDGE_LOOP('',(#3250,#3251,#3252,#3253));
#8010=EDGE_LOOP('',(#3254,#3255,#3256,#3257));
#8011=EDGE_LOOP('',(#3258,#3259,#3260,#3261));
#8012=EDGE_LOOP('',(#3262,#3263,#3264,#3265));
#8013=EDGE_LOOP('',(#3266,#3267,#3268,#3269));
#8014=EDGE_LOOP('',(#3270,#3271,#3272,#3273));
#8015=EDGE_LOOP('',(#3274,#3275,#3276,#3277));
#8016=EDGE_LOOP('',(#3278,#3279,#3280,#3281));
#8017=EDGE_LOOP('',(#3282,#3283,#3284,#3285));
#8018=EDGE_LOOP('',(#3286,#3287,#3288,#3289));
#8019=EDGE_LOOP('',(#3290,#3291,#3292,#3293));
#8020=EDGE_LOOP('',(#3294,#3295,#3296,#3297));
#8021=EDGE_LOOP('',(#3298,#3299,#3300,#3301));
#8022=EDGE_LOOP('',(#3302,#3303,#3304,#3305));
#8023=EDGE_LOOP('',(#3306,#3307,#3308,#3309));
#8024=EDGE_LOOP('',(#3310,#3311,#3312,#3313));
#8025=EDGE_LOOP('',(#3314,#3315,#3316,#3317));
#8026=EDGE_LOOP('',(#3318,#3319,#3320,#3321));
#8027=EDGE_LOOP('',(#3322,#3323,#3324,#3325));
#8028=EDGE_LOOP('',(#3326,#3327,#3328,#3329));
#8029=EDGE_LOOP('',(#3330,#3331,#3332,#3333));
#8030=EDGE_LOOP('',(#3334,#3335,#3336,#3337));
#8031=EDGE_LOOP('',(#3338,#3339,#3340,#3341));
#8032=EDGE_LOOP('',(#3342,#3343,#3344,#3345));
#8033=EDGE_LOOP('',(#3346,#3347,#3348,#3349));
#8034=EDGE_LOOP('',(#3350,#3351,#3352,#3353));
#8035=EDGE_LOOP('',(#3354,#3355,#3356,#3357));
#8036=EDGE_LOOP('',(#3358,#3359,#3360,#3361));
#8037=EDGE_LOOP('',(#3362,#3363,#3364,#3365));
#8038=EDGE_LOOP('',(#3366,#3367,#3368,#3369));
#8039=EDGE_LOOP('',(#3370,#3371,#3372,#3373));
#8040=EDGE_LOOP('',(#3374,#3375,#3376,#3377));
#8041=EDGE_LOOP('',(#3378,#3379,#3380,#3381));
#8042=EDGE_LOOP('',(#3382,#3383,#3384,#3385));
#8043=EDGE_LOOP('',(#3386,#3387,#3388,#3389));
#8044=EDGE_LOOP('',(#3390,#3391,#3392,#3393));
#8045=EDGE_LOOP('',(#3394,#3395,#3396,#3397));
#8046=EDGE_LOOP('',(#3398,#3399,#3400,#3401));
#8047=EDGE_LOOP('',(#3402,#3403,#3404,#3405));
#8048=EDGE_LOOP('',(#3406,#3407,#3408,#3409));
#8049=EDGE_LOOP('',(#3410,#3411,#3412,#3413));
#8050=EDGE_LOOP('',(#3414,#3415,#3416,#3417));
#8051=EDGE_LOOP('',(#3418,#3419,#3420,#3421));
#8052=EDGE_LOOP('',(#3422,#3423,#3424,#3425));
#8053=EDGE_LOOP('',(#3426,#3427,#3428,#3429));
#8054=EDGE_LOOP('',(#3430,#3431,#3432,#3433));
#8055=EDGE_LOOP('',(#3434,#3435,#3436,#3437));
#8056=EDGE_LOOP('',(#3438,#3439,#3440,#3441));
#8057=EDGE_LOOP('',(#3442,#3443,#3444,#3445));
#8058=EDGE_LOOP('',(#3446,#3447,#3448,#3449));
#8059=EDGE_LOOP('',(#3450,#3451,#3452,#3453));
#8060=EDGE_LOOP('',(#3454,#3455,#3456,#3457));
#8061=EDGE_LOOP('',(#3458,#3459,#3460,#3461));
#8062=EDGE_LOOP('',(#3462,#3463,#3464,#3465));
#8063=EDGE_LOOP('',(#3466,#3467,#3468,#3469));
#8064=EDGE_LOOP('',(#3470,#3471,#3472,#3473));
#8065=EDGE_LOOP('',(#3474,#3475,#3476,#3477));
#8066=EDGE_LOOP('',(#3478,#3479,#3480,#3481));
#8067=EDGE_LOOP('',(#3482,#3483,#3484,#3485));
#8068=EDGE_LOOP('',(#3486,#3487,#3488,#3489));
#8069=EDGE_LOOP('',(#3490,#3491,#3492,#3493));
#8070=EDGE_LOOP('',(#3494,#3495,#3496,#3497));
#8071=EDGE_LOOP('',(#3498,#3499,#3500,#3501));
#8072=EDGE_LOOP('',(#3502,#3503,#3504,#3505));
#8073=EDGE_LOOP('',(#3506,#3507,#3508,#3509));
#8074=EDGE_LOOP('',(#3510,#3511,#3512,#3513));
#8075=EDGE_LOOP('',(#3514,#3515,#3516,#3517));
#8076=EDGE_LOOP('',(#3518,#3519,#3520,#3521));
#8077=EDGE_LOOP('',(#3522,#3523,#3524,#3525));
#8078=EDGE_LOOP('',(#3526,#3527,#3528,#3529));
#8079=EDGE_LOOP('',(#3530,#3531,#3532,#3533));
#8080=EDGE_LOOP('',(#3534,#3535,#3536,#3537));
#8081=EDGE_LOOP('',(#3538,#3539,#3540,#3541));
#8082=EDGE_LOOP('',(#3542,#3543,#3544,#3545));
#8083=EDGE_LOOP('',(#3546,#3547,#3548,#3549));
#8084=EDGE_LOOP('',(#3550,#3551,#3552,#3553));
#8085=EDGE_LOOP('',(#3554,#3555,#3556,#3557));
#8086=EDGE_LOOP('',(#3558,#3559,#3560,#3561));
#8087=EDGE_LOOP('',(#3562,#3563,#3564,#3565));
#8088=EDGE_LOOP('',(#3566,#3567,#3568,#3569));
#8089=EDGE_LOOP('',(#3570,#3571,#3572,#3573));
#8090=EDGE_LOOP('',(#3574,#3575,#3576,#3577));
#8091=EDGE_LOOP('',(#3578,#3579,#3580,#3581));
#8092=EDGE_LOOP('',(#3582,#3583,#3584,#3585));
#8093=EDGE_LOOP('',(#3586,#3587,#3588,#3589));
#8094=EDGE_LOOP('',(#3590,#3591,#3592,#3593));
#8095=EDGE_LOOP('',(#3594,#3595,#3596,#3597));
#8096=EDGE_LOOP('',(#3598,#3599,#3600,#3601));
#8097=EDGE_LOOP('',(#3602,#3603,#3604,#3605));
#8098=EDGE_LOOP('',(#3606,#3607,#3608,#3609));
#8099=EDGE_LOOP('',(#3610,#3611,#3612,#3613));
#8100=EDGE_LOOP('',(#3614,#3615,#3616,#3617));
#8101=EDGE_LOOP('',(#3618,#3619,#3620,#3621));
#8102=EDGE_LOOP('',(#3622,#3623,#3624,#3625));
#8103=EDGE_LOOP('',(#3626,#3627,#3628,#3629));
#8104=EDGE_LOOP('',(#3630,#3631,#3632,#3633));
#8105=EDGE_LOOP('',(#3634,#3635,#3636,#3637));
#8106=EDGE_LOOP('',(#3638,#3639,#3640,#3641));
#8107=EDGE_LOOP('',(#3642,#3643,#3644,#3645));
#8108=EDGE_LOOP('',(#3646,#3647,#3648,#3649));
#8109=EDGE_LOOP('',(#3650));
#8110=EDGE_LOOP('',(#3651,#3652,#3653,#3654,#3655,#3656,#3657,#3658,#3659,
#3660,#3661,#3662,#3663,#3664,#3665,#3666,#3667,#3668,#3669,#3670,#3671,
#3672,#3673,#3674,#3675,#3676,#3677,#3678,#3679,#3680,#3681,#3682,#3683,
#3684,#3685,#3686,#3687,#3688,#3689,#3690,#3691,#3692,#3693,#3694,#3695,
#3696,#3697,#3698,#3699,#3700,#3701,#3702,#3703,#3704,#3705,#3706,#3707,
#3708,#3709,#3710,#3711,#3712,#3713,#3714,#3715,#3716,#3717,#3718,#3719,
#3720,#3721,#3722,#3723,#3724,#3725,#3726,#3727,#3728,#3729,#3730,#3731,
#3732,#3733,#3734,#3735,#3736,#3737,#3738,#3739,#3740,#3741,#3742,#3743,
#3744,#3745,#3746,#3747,#3748,#3749,#3750,#3751,#3752,#3753,#3754,#3755,
#3756,#3757,#3758,#3759,#3760,#3761,#3762,#3763,#3764,#3765,#3766,#3767,
#3768,#3769,#3770,#3771,#3772,#3773,#3774,#3775,#3776,#3777,#3778,#3779,
#3780,#3781,#3782,#3783,#3784,#3785,#3786,#3787,#3788,#3789,#3790,#3791,
#3792,#3793,#3794,#3795,#3796,#3797,#3798,#3799,#3800,#3801,#3802,#3803,
#3804,#3805,#3806,#3807,#3808,#3809,#3810,#3811,#3812,#3813,#3814,#3815,
#3816,#3817,#3818,#3819,#3820,#3821,#3822,#3823,#3824,#3825,#3826,#3827,
#3828,#3829,#3830,#3831,#3832,#3833,#3834,#3835,#3836,#3837,#3838,#3839,
#3840,#3841,#3842,#3843,#3844,#3845,#3846,#3847,#3848,#3849,#3850,#3851,
#3852,#3853,#3854,#3855,#3856,#3857,#3858,#3859,#3860,#3861));
#8111=EDGE_LOOP('',(#3862,#3863,#3864,#3865,#3866,#3867,#3868,#3869,#3870,
#3871,#3872,#3873,#3874,#3875,#3876,#3877,#3878,#3879,#3880,#3881,#3882,
#3883,#3884));
#8112=EDGE_LOOP('',(#3885,#3886,#3887,#3888,#3889,#3890,#3891,#3892,#3893,
#3894,#3895,#3896,#3897,#3898,#3899,#3900,#3901,#3902,#3903,#3904,#3905,
#3906,#3907));
#8113=EDGE_LOOP('',(#3908,#3909,#3910,#3911,#3912,#3913,#3914,#3915,#3916,
#3917,#3918,#3919,#3920,#3921,#3922,#3923,#3924,#3925,#3926,#3927,#3928,
#3929));
#8114=EDGE_LOOP('',(#3930,#3931,#3932,#3933,#3934,#3935,#3936,#3937,#3938,
#3939,#3940,#3941,#3942,#3943,#3944,#3945,#3946,#3947,#3948,#3949,#3950,
#3951,#3952));
#8115=EDGE_LOOP('',(#3953,#3954,#3955,#3956,#3957,#3958,#3959,#3960,#3961,
#3962,#3963,#3964,#3965,#3966,#3967,#3968,#3969,#3970,#3971,#3972,#3973,
#3974,#3975,#3976,#3977,#3978));
#8116=EDGE_LOOP('',(#3979,#3980,#3981,#3982,#3983,#3984,#3985,#3986,#3987,
#3988,#3989,#3990,#3991,#3992,#3993,#3994,#3995,#3996));
#8117=EDGE_LOOP('',(#3997,#3998,#3999,#4000,#4001,#4002,#4003,#4004,#4005,
#4006,#4007,#4008,#4009,#4010,#4011,#4012));
#8118=EDGE_LOOP('',(#4013,#4014,#4015,#4016,#4017,#4018,#4019,#4020,#4021,
#4022,#4023,#4024,#4025,#4026,#4027,#4028,#4029,#4030,#4031,#4032,#4033,
#4034,#4035,#4036,#4037,#4038));
#8119=EDGE_LOOP('',(#4039,#4040,#4041,#4042,#4043,#4044,#4045,#4046,#4047,
#4048,#4049,#4050,#4051,#4052,#4053,#4054));
#8120=EDGE_LOOP('',(#4055));
#8121=EDGE_LOOP('',(#4056,#4057,#4058,#4059,#4060,#4061,#4062,#4063,#4064,
#4065,#4066,#4067,#4068,#4069,#4070,#4071,#4072,#4073,#4074,#4075,#4076,
#4077,#4078,#4079,#4080,#4081,#4082,#4083,#4084,#4085,#4086,#4087,#4088,
#4089,#4090,#4091,#4092,#4093,#4094,#4095,#4096,#4097,#4098,#4099,#4100,
#4101,#4102,#4103,#4104,#4105,#4106,#4107,#4108,#4109,#4110,#4111,#4112,
#4113,#4114,#4115,#4116,#4117,#4118,#4119,#4120,#4121,#4122,#4123,#4124,
#4125,#4126,#4127,#4128,#4129,#4130,#4131,#4132,#4133,#4134,#4135,#4136,
#4137,#4138,#4139,#4140,#4141,#4142,#4143,#4144,#4145,#4146,#4147,#4148,
#4149,#4150,#4151,#4152,#4153,#4154,#4155,#4156,#4157,#4158,#4159,#4160,
#4161,#4162,#4163,#4164,#4165,#4166,#4167,#4168,#4169,#4170,#4171,#4172,
#4173,#4174,#4175,#4176,#4177,#4178,#4179,#4180,#4181,#4182,#4183,#4184,
#4185,#4186,#4187,#4188,#4189,#4190,#4191,#4192,#4193,#4194,#4195,#4196,
#4197,#4198,#4199,#4200,#4201,#4202,#4203,#4204,#4205,#4206,#4207,#4208,
#4209,#4210,#4211,#4212,#4213,#4214,#4215,#4216,#4217,#4218,#4219,#4220,
#4221,#4222,#4223,#4224,#4225,#4226,#4227,#4228,#4229,#4230,#4231,#4232,
#4233,#4234,#4235,#4236,#4237,#4238,#4239,#4240,#4241,#4242,#4243,#4244,
#4245,#4246,#4247,#4248,#4249,#4250,#4251,#4252,#4253,#4254,#4255,#4256,
#4257,#4258,#4259,#4260,#4261,#4262,#4263,#4264,#4265,#4266));
#8122=EDGE_LOOP('',(#4267,#4268,#4269));
#8123=EDGE_LOOP('',(#4270,#4271,#4272,#4273));
#8124=EDGE_LOOP('',(#4274,#4275,#4276,#4277));
#8125=EDGE_LOOP('',(#4278,#4279,#4280,#4281));
#8126=EDGE_LOOP('',(#4282,#4283,#4284,#4285));
#8127=EDGE_LOOP('',(#4286,#4287,#4288,#4289));
#8128=EDGE_LOOP('',(#4290,#4291,#4292,#4293));
#8129=EDGE_LOOP('',(#4294,#4295,#4296,#4297));
#8130=EDGE_LOOP('',(#4298,#4299,#4300,#4301));
#8131=EDGE_LOOP('',(#4302,#4303,#4304,#4305));
#8132=EDGE_LOOP('',(#4306,#4307,#4308,#4309));
#8133=EDGE_LOOP('',(#4310,#4311,#4312,#4313));
#8134=EDGE_LOOP('',(#4314,#4315,#4316,#4317));
#8135=EDGE_LOOP('',(#4318,#4319,#4320,#4321));
#8136=EDGE_LOOP('',(#4322,#4323,#4324,#4325));
#8137=EDGE_LOOP('',(#4326,#4327,#4328,#4329));
#8138=EDGE_LOOP('',(#4330,#4331,#4332,#4333));
#8139=EDGE_LOOP('',(#4334,#4335,#4336,#4337));
#8140=EDGE_LOOP('',(#4338,#4339,#4340,#4341));
#8141=EDGE_LOOP('',(#4342,#4343,#4344,#4345));
#8142=EDGE_LOOP('',(#4346,#4347,#4348,#4349));
#8143=EDGE_LOOP('',(#4350,#4351,#4352,#4353));
#8144=EDGE_LOOP('',(#4354,#4355,#4356,#4357));
#8145=EDGE_LOOP('',(#4358,#4359,#4360,#4361));
#8146=EDGE_LOOP('',(#4362,#4363,#4364,#4365));
#8147=EDGE_LOOP('',(#4366,#4367,#4368,#4369));
#8148=EDGE_LOOP('',(#4370,#4371,#4372,#4373));
#8149=EDGE_LOOP('',(#4374,#4375,#4376,#4377));
#8150=EDGE_LOOP('',(#4378,#4379,#4380,#4381));
#8151=EDGE_LOOP('',(#4382,#4383,#4384,#4385));
#8152=EDGE_LOOP('',(#4386,#4387,#4388,#4389));
#8153=EDGE_LOOP('',(#4390,#4391,#4392,#4393));
#8154=EDGE_LOOP('',(#4394,#4395,#4396,#4397));
#8155=EDGE_LOOP('',(#4398,#4399,#4400,#4401));
#8156=EDGE_LOOP('',(#4402,#4403,#4404,#4405));
#8157=EDGE_LOOP('',(#4406,#4407,#4408,#4409));
#8158=EDGE_LOOP('',(#4410,#4411,#4412,#4413));
#8159=EDGE_LOOP('',(#4414,#4415,#4416,#4417));
#8160=EDGE_LOOP('',(#4418,#4419,#4420,#4421));
#8161=EDGE_LOOP('',(#4422,#4423,#4424,#4425));
#8162=EDGE_LOOP('',(#4426,#4427,#4428,#4429));
#8163=EDGE_LOOP('',(#4430,#4431,#4432,#4433));
#8164=EDGE_LOOP('',(#4434,#4435,#4436,#4437));
#8165=EDGE_LOOP('',(#4438,#4439,#4440,#4441,#4442,#4443,#4444,#4445,#4446,
#4447,#4448,#4449,#4450,#4451,#4452,#4453,#4454,#4455,#4456,#4457,#4458,
#4459,#4460));
#8166=EDGE_LOOP('',(#4461,#4462,#4463,#4464,#4465,#4466,#4467,#4468,#4469,
#4470,#4471,#4472,#4473,#4474,#4475,#4476,#4477,#4478,#4479));
#8167=EDGE_LOOP('',(#4480,#4481,#4482,#4483));
#8168=EDGE_LOOP('',(#4484,#4485,#4486,#4487));
#8169=EDGE_LOOP('',(#4488,#4489,#4490,#4491));
#8170=EDGE_LOOP('',(#4492,#4493,#4494,#4495));
#8171=EDGE_LOOP('',(#4496,#4497,#4498,#4499));
#8172=EDGE_LOOP('',(#4500,#4501,#4502,#4503));
#8173=EDGE_LOOP('',(#4504,#4505,#4506,#4507));
#8174=EDGE_LOOP('',(#4508,#4509,#4510,#4511));
#8175=EDGE_LOOP('',(#4512,#4513,#4514,#4515));
#8176=EDGE_LOOP('',(#4516,#4517,#4518,#4519));
#8177=EDGE_LOOP('',(#4520,#4521,#4522,#4523));
#8178=EDGE_LOOP('',(#4524,#4525,#4526,#4527));
#8179=EDGE_LOOP('',(#4528,#4529,#4530,#4531));
#8180=EDGE_LOOP('',(#4532,#4533,#4534,#4535));
#8181=EDGE_LOOP('',(#4536,#4537,#4538,#4539));
#8182=EDGE_LOOP('',(#4540,#4541,#4542,#4543));
#8183=EDGE_LOOP('',(#4544,#4545,#4546,#4547));
#8184=EDGE_LOOP('',(#4548,#4549,#4550,#4551));
#8185=EDGE_LOOP('',(#4552,#4553,#4554,#4555));
#8186=EDGE_LOOP('',(#4556,#4557,#4558,#4559));
#8187=EDGE_LOOP('',(#4560,#4561,#4562,#4563));
#8188=EDGE_LOOP('',(#4564,#4565,#4566,#4567));
#8189=EDGE_LOOP('',(#4568,#4569,#4570,#4571));
#8190=EDGE_LOOP('',(#4572,#4573,#4574,#4575));
#8191=EDGE_LOOP('',(#4576,#4577,#4578,#4579));
#8192=EDGE_LOOP('',(#4580,#4581,#4582,#4583));
#8193=EDGE_LOOP('',(#4584,#4585,#4586,#4587));
#8194=EDGE_LOOP('',(#4588,#4589,#4590,#4591));
#8195=EDGE_LOOP('',(#4592,#4593,#4594,#4595));
#8196=EDGE_LOOP('',(#4596,#4597,#4598,#4599));
#8197=EDGE_LOOP('',(#4600,#4601,#4602,#4603));
#8198=EDGE_LOOP('',(#4604,#4605,#4606,#4607));
#8199=EDGE_LOOP('',(#4608,#4609,#4610,#4611));
#8200=EDGE_LOOP('',(#4612,#4613,#4614,#4615));
#8201=EDGE_LOOP('',(#4616,#4617,#4618,#4619));
#8202=EDGE_LOOP('',(#4620,#4621,#4622,#4623));
#8203=EDGE_LOOP('',(#4624,#4625,#4626,#4627));
#8204=EDGE_LOOP('',(#4628,#4629,#4630,#4631));
#8205=EDGE_LOOP('',(#4632,#4633,#4634,#4635));
#8206=EDGE_LOOP('',(#4636,#4637,#4638,#4639));
#8207=EDGE_LOOP('',(#4640,#4641,#4642,#4643,#4644,#4645,#4646,#4647,#4648,
#4649,#4650,#4651,#4652,#4653,#4654,#4655,#4656,#4657,#4658));
#8208=EDGE_LOOP('',(#4659,#4660,#4661,#4662,#4663,#4664,#4665,#4666,#4667,
#4668,#4669,#4670,#4671,#4672,#4673,#4674,#4675,#4676,#4677,#4678,#4679,
#4680,#4681));
#8209=EDGE_LOOP('',(#4682,#4683,#4684,#4685,#4686,#4687,#4688,#4689,#4690,
#4691,#4692,#4693,#4694,#4695,#4696,#4697));
#8210=EDGE_LOOP('',(#4698,#4699,#4700,#4701));
#8211=EDGE_LOOP('',(#4702,#4703,#4704,#4705));
#8212=EDGE_LOOP('',(#4706,#4707,#4708,#4709));
#8213=EDGE_LOOP('',(#4710,#4711,#4712,#4713));
#8214=EDGE_LOOP('',(#4714,#4715,#4716,#4717));
#8215=EDGE_LOOP('',(#4718,#4719,#4720,#4721));
#8216=EDGE_LOOP('',(#4722,#4723,#4724,#4725));
#8217=EDGE_LOOP('',(#4726,#4727,#4728,#4729));
#8218=EDGE_LOOP('',(#4730,#4731,#4732,#4733));
#8219=EDGE_LOOP('',(#4734,#4735,#4736,#4737));
#8220=EDGE_LOOP('',(#4738,#4739,#4740,#4741));
#8221=EDGE_LOOP('',(#4742,#4743,#4744,#4745));
#8222=EDGE_LOOP('',(#4746,#4747,#4748,#4749));
#8223=EDGE_LOOP('',(#4750,#4751,#4752,#4753));
#8224=EDGE_LOOP('',(#4754,#4755,#4756,#4757));
#8225=EDGE_LOOP('',(#4758,#4759,#4760,#4761));
#8226=EDGE_LOOP('',(#4762,#4763,#4764,#4765,#4766,#4767,#4768,#4769,#4770,
#4771,#4772,#4773,#4774,#4775,#4776,#4777,#4778,#4779,#4780,#4781,#4782,
#4783,#4784,#4785,#4786,#4787));
#8227=EDGE_LOOP('',(#4788,#4789,#4790,#4791));
#8228=EDGE_LOOP('',(#4792,#4793,#4794,#4795));
#8229=EDGE_LOOP('',(#4796,#4797,#4798,#4799));
#8230=EDGE_LOOP('',(#4800,#4801,#4802,#4803));
#8231=EDGE_LOOP('',(#4804,#4805,#4806,#4807));
#8232=EDGE_LOOP('',(#4808,#4809,#4810,#4811));
#8233=EDGE_LOOP('',(#4812,#4813,#4814,#4815));
#8234=EDGE_LOOP('',(#4816,#4817,#4818,#4819));
#8235=EDGE_LOOP('',(#4820,#4821,#4822,#4823));
#8236=EDGE_LOOP('',(#4824,#4825,#4826,#4827));
#8237=EDGE_LOOP('',(#4828,#4829,#4830,#4831));
#8238=EDGE_LOOP('',(#4832,#4833,#4834,#4835));
#8239=EDGE_LOOP('',(#4836,#4837,#4838,#4839));
#8240=EDGE_LOOP('',(#4840,#4841,#4842,#4843));
#8241=EDGE_LOOP('',(#4844,#4845,#4846,#4847));
#8242=EDGE_LOOP('',(#4848,#4849,#4850,#4851));
#8243=EDGE_LOOP('',(#4852,#4853,#4854,#4855));
#8244=EDGE_LOOP('',(#4856,#4857,#4858,#4859));
#8245=EDGE_LOOP('',(#4860,#4861,#4862,#4863));
#8246=EDGE_LOOP('',(#4864,#4865,#4866,#4867));
#8247=EDGE_LOOP('',(#4868,#4869,#4870,#4871));
#8248=EDGE_LOOP('',(#4872,#4873,#4874,#4875));
#8249=EDGE_LOOP('',(#4876,#4877,#4878,#4879));
#8250=EDGE_LOOP('',(#4880,#4881,#4882,#4883));
#8251=EDGE_LOOP('',(#4884,#4885,#4886,#4887));
#8252=EDGE_LOOP('',(#4888,#4889,#4890,#4891));
#8253=EDGE_LOOP('',(#4892,#4893,#4894,#4895,#4896,#4897,#4898,#4899,#4900,
#4901,#4902,#4903,#4904,#4905,#4906,#4907));
#8254=EDGE_LOOP('',(#4908,#4909,#4910,#4911));
#8255=EDGE_LOOP('',(#4912,#4913,#4914,#4915));
#8256=EDGE_LOOP('',(#4916,#4917,#4918,#4919));
#8257=EDGE_LOOP('',(#4920,#4921,#4922,#4923));
#8258=EDGE_LOOP('',(#4924,#4925,#4926,#4927));
#8259=EDGE_LOOP('',(#4928,#4929,#4930,#4931));
#8260=EDGE_LOOP('',(#4932,#4933,#4934,#4935));
#8261=EDGE_LOOP('',(#4936,#4937,#4938,#4939));
#8262=EDGE_LOOP('',(#4940,#4941,#4942,#4943));
#8263=EDGE_LOOP('',(#4944,#4945,#4946,#4947));
#8264=EDGE_LOOP('',(#4948,#4949,#4950,#4951));
#8265=EDGE_LOOP('',(#4952,#4953,#4954,#4955));
#8266=EDGE_LOOP('',(#4956,#4957,#4958,#4959));
#8267=EDGE_LOOP('',(#4960,#4961,#4962,#4963));
#8268=EDGE_LOOP('',(#4964,#4965,#4966,#4967));
#8269=EDGE_LOOP('',(#4968,#4969,#4970,#4971));
#8270=EDGE_LOOP('',(#4972,#4973,#4974,#4975,#4976,#4977,#4978,#4979,#4980,
#4981,#4982,#4983,#4984,#4985,#4986,#4987,#4988,#4989,#4990,#4991,#4992,
#4993,#4994,#4995,#4996,#4997));
#8271=EDGE_LOOP('',(#4998,#4999,#5000,#5001));
#8272=EDGE_LOOP('',(#5002,#5003,#5004,#5005));
#8273=EDGE_LOOP('',(#5006,#5007,#5008,#5009));
#8274=EDGE_LOOP('',(#5010,#5011,#5012,#5013));
#8275=EDGE_LOOP('',(#5014,#5015,#5016,#5017));
#8276=EDGE_LOOP('',(#5018,#5019,#5020,#5021));
#8277=EDGE_LOOP('',(#5022,#5023,#5024,#5025));
#8278=EDGE_LOOP('',(#5026,#5027,#5028,#5029));
#8279=EDGE_LOOP('',(#5030,#5031,#5032,#5033));
#8280=EDGE_LOOP('',(#5034,#5035,#5036,#5037));
#8281=EDGE_LOOP('',(#5038,#5039,#5040,#5041));
#8282=EDGE_LOOP('',(#5042,#5043,#5044,#5045));
#8283=EDGE_LOOP('',(#5046,#5047,#5048,#5049));
#8284=EDGE_LOOP('',(#5050,#5051,#5052,#5053));
#8285=EDGE_LOOP('',(#5054,#5055,#5056,#5057));
#8286=EDGE_LOOP('',(#5058,#5059,#5060,#5061));
#8287=EDGE_LOOP('',(#5062,#5063,#5064,#5065));
#8288=EDGE_LOOP('',(#5066,#5067,#5068,#5069));
#8289=EDGE_LOOP('',(#5070,#5071,#5072,#5073));
#8290=EDGE_LOOP('',(#5074,#5075,#5076,#5077));
#8291=EDGE_LOOP('',(#5078,#5079,#5080,#5081));
#8292=EDGE_LOOP('',(#5082,#5083,#5084,#5085));
#8293=EDGE_LOOP('',(#5086,#5087,#5088,#5089));
#8294=EDGE_LOOP('',(#5090,#5091,#5092,#5093));
#8295=EDGE_LOOP('',(#5094,#5095,#5096,#5097));
#8296=EDGE_LOOP('',(#5098,#5099,#5100,#5101));
#8297=EDGE_LOOP('',(#5102,#5103,#5104,#5105,#5106,#5107,#5108,#5109,#5110,
#5111,#5112,#5113,#5114,#5115,#5116,#5117,#5118,#5119,#5120,#5121,#5122,
#5123));
#8298=EDGE_LOOP('',(#5124,#5125,#5126,#5127));
#8299=EDGE_LOOP('',(#5128,#5129,#5130,#5131));
#8300=EDGE_LOOP('',(#5132,#5133,#5134,#5135));
#8301=EDGE_LOOP('',(#5136,#5137,#5138,#5139));
#8302=EDGE_LOOP('',(#5140,#5141,#5142,#5143));
#8303=EDGE_LOOP('',(#5144,#5145,#5146,#5147));
#8304=EDGE_LOOP('',(#5148,#5149,#5150,#5151));
#8305=EDGE_LOOP('',(#5152,#5153,#5154,#5155));
#8306=EDGE_LOOP('',(#5156,#5157,#5158,#5159));
#8307=EDGE_LOOP('',(#5160,#5161,#5162,#5163));
#8308=EDGE_LOOP('',(#5164,#5165,#5166,#5167));
#8309=EDGE_LOOP('',(#5168,#5169,#5170,#5171));
#8310=EDGE_LOOP('',(#5172,#5173,#5174,#5175));
#8311=EDGE_LOOP('',(#5176,#5177,#5178,#5179));
#8312=EDGE_LOOP('',(#5180,#5181,#5182,#5183));
#8313=EDGE_LOOP('',(#5184,#5185,#5186,#5187));
#8314=EDGE_LOOP('',(#5188,#5189,#5190,#5191));
#8315=EDGE_LOOP('',(#5192,#5193,#5194,#5195));
#8316=EDGE_LOOP('',(#5196,#5197,#5198,#5199));
#8317=EDGE_LOOP('',(#5200,#5201,#5202,#5203));
#8318=EDGE_LOOP('',(#5204,#5205,#5206,#5207));
#8319=EDGE_LOOP('',(#5208,#5209,#5210,#5211));
#8320=EDGE_LOOP('',(#5212,#5213,#5214,#5215));
#8321=EDGE_LOOP('',(#5216,#5217,#5218,#5219));
#8322=EDGE_LOOP('',(#5220,#5221,#5222,#5223));
#8323=EDGE_LOOP('',(#5224,#5225,#5226,#5227));
#8324=EDGE_LOOP('',(#5228,#5229,#5230,#5231));
#8325=EDGE_LOOP('',(#5232,#5233,#5234,#5235));
#8326=EDGE_LOOP('',(#5236,#5237,#5238,#5239));
#8327=EDGE_LOOP('',(#5240,#5241,#5242,#5243));
#8328=EDGE_LOOP('',(#5244,#5245,#5246,#5247,#5248));
#8329=EDGE_LOOP('',(#5249,#5250,#5251,#5252,#5253));
#8330=EDGE_LOOP('',(#5254,#5255,#5256,#5257));
#8331=EDGE_LOOP('',(#5258,#5259,#5260,#5261));
#8332=EDGE_LOOP('',(#5262,#5263,#5264,#5265));
#8333=EDGE_LOOP('',(#5266,#5267,#5268,#5269));
#8334=EDGE_LOOP('',(#5270,#5271,#5272,#5273));
#8335=EDGE_LOOP('',(#5274,#5275,#5276,#5277));
#8336=EDGE_LOOP('',(#5278,#5279,#5280,#5281));
#8337=EDGE_LOOP('',(#5282,#5283,#5284,#5285));
#8338=EDGE_LOOP('',(#5286,#5287,#5288,#5289));
#8339=EDGE_LOOP('',(#5290,#5291,#5292,#5293,#5294,#5295,#5296,#5297,#5298,
#5299,#5300,#5301,#5302,#5303,#5304,#5305,#5306,#5307,#5308));
#8340=EDGE_LOOP('',(#5309,#5310,#5311,#5312));
#8341=EDGE_LOOP('',(#5313,#5314,#5315,#5316));
#8342=EDGE_LOOP('',(#5317,#5318,#5319,#5320));
#8343=EDGE_LOOP('',(#5321,#5322,#5323,#5324));
#8344=EDGE_LOOP('',(#5325,#5326,#5327,#5328));
#8345=EDGE_LOOP('',(#5329,#5330,#5331,#5332));
#8346=EDGE_LOOP('',(#5333,#5334,#5335,#5336));
#8347=EDGE_LOOP('',(#5337,#5338,#5339,#5340));
#8348=EDGE_LOOP('',(#5341,#5342,#5343,#5344));
#8349=EDGE_LOOP('',(#5345,#5346,#5347,#5348));
#8350=EDGE_LOOP('',(#5349,#5350,#5351,#5352));
#8351=EDGE_LOOP('',(#5353,#5354,#5355,#5356));
#8352=EDGE_LOOP('',(#5357,#5358,#5359,#5360));
#8353=EDGE_LOOP('',(#5361,#5362,#5363,#5364));
#8354=EDGE_LOOP('',(#5365,#5366,#5367,#5368));
#8355=EDGE_LOOP('',(#5369,#5370,#5371,#5372));
#8356=EDGE_LOOP('',(#5373,#5374,#5375,#5376));
#8357=EDGE_LOOP('',(#5377,#5378,#5379,#5380));
#8358=EDGE_LOOP('',(#5381,#5382,#5383,#5384));
#8359=EDGE_LOOP('',(#5385,#5386,#5387,#5388));
#8360=EDGE_LOOP('',(#5389,#5390,#5391,#5392));
#8361=EDGE_LOOP('',(#5393,#5394,#5395,#5396));
#8362=EDGE_LOOP('',(#5397,#5398,#5399,#5400));
#8363=EDGE_LOOP('',(#5401,#5402,#5403,#5404));
#8364=EDGE_LOOP('',(#5405,#5406,#5407,#5408));
#8365=EDGE_LOOP('',(#5409,#5410,#5411,#5412));
#8366=EDGE_LOOP('',(#5413,#5414,#5415,#5416));
#8367=EDGE_LOOP('',(#5417,#5418,#5419,#5420));
#8368=EDGE_LOOP('',(#5421,#5422,#5423,#5424));
#8369=EDGE_LOOP('',(#5425,#5426,#5427,#5428));
#8370=EDGE_LOOP('',(#5429,#5430,#5431,#5432));
#8371=EDGE_LOOP('',(#5433,#5434,#5435,#5436));
#8372=EDGE_LOOP('',(#5437,#5438,#5439,#5440));
#8373=EDGE_LOOP('',(#5441,#5442,#5443,#5444));
#8374=EDGE_LOOP('',(#5445,#5446,#5447,#5448));
#8375=EDGE_LOOP('',(#5449,#5450,#5451,#5452));
#8376=EDGE_LOOP('',(#5453,#5454,#5455,#5456));
#8377=EDGE_LOOP('',(#5457,#5458,#5459,#5460));
#8378=EDGE_LOOP('',(#5461,#5462,#5463,#5464,#5465,#5466,#5467,#5468,#5469,
#5470,#5471,#5472,#5473,#5474,#5475,#5476,#5477,#5478,#5479));
#8379=EDGE_LOOP('',(#5480,#5481,#5482,#5483,#5484,#5485,#5486,#5487,#5488,
#5489,#5490,#5491,#5492,#5493,#5494,#5495,#5496,#5497,#5498,#5499,#5500,
#5501,#5502));
#8380=EDGE_LOOP('',(#5503,#5504,#5505,#5506,#5507,#5508,#5509,#5510,#5511,
#5512,#5513,#5514,#5515,#5516,#5517,#5518,#5519,#5520,#5521));
#8381=EDGE_LOOP('',(#5522,#5523,#5524,#5525,#5526,#5527,#5528,#5529,#5530,
#5531,#5532,#5533,#5534,#5535,#5536,#5537,#5538,#5539,#5540));
#8382=EDGE_LOOP('',(#5541,#5542,#5543,#5544,#5545,#5546,#5547,#5548,#5549,
#5550,#5551,#5552,#5553,#5554,#5555,#5556,#5557,#5558,#5559));
#8383=EDGE_LOOP('',(#5560));
#8384=EDGE_LOOP('',(#5561));
#8385=EDGE_LOOP('',(#5562,#5563,#5564,#5565));
#8386=FACE_BOUND('',#7892,.T.);
#8387=FACE_BOUND('',#7893,.T.);
#8388=FACE_BOUND('',#7894,.T.);
#8389=FACE_BOUND('',#7895,.T.);
#8390=FACE_BOUND('',#7896,.T.);
#8391=FACE_BOUND('',#7897,.T.);
#8392=FACE_BOUND('',#7898,.T.);
#8393=FACE_BOUND('',#7899,.T.);
#8394=FACE_BOUND('',#7900,.T.);
#8395=FACE_BOUND('',#7901,.T.);
#8396=FACE_BOUND('',#7902,.T.);
#8397=FACE_BOUND('',#7903,.T.);
#8398=FACE_BOUND('',#7904,.T.);
#8399=FACE_BOUND('',#7905,.T.);
#8400=FACE_BOUND('',#7906,.T.);
#8401=FACE_BOUND('',#7907,.T.);
#8402=FACE_BOUND('',#7908,.T.);
#8403=FACE_BOUND('',#7909,.T.);
#8404=FACE_BOUND('',#7910,.T.);
#8405=FACE_BOUND('',#7911,.T.);
#8406=FACE_BOUND('',#7912,.T.);
#8407=FACE_BOUND('',#7913,.T.);
#8408=FACE_BOUND('',#7914,.T.);
#8409=FACE_BOUND('',#7915,.T.);
#8410=FACE_BOUND('',#7916,.T.);
#8411=FACE_BOUND('',#7917,.T.);
#8412=FACE_BOUND('',#7918,.T.);
#8413=FACE_BOUND('',#7919,.T.);
#8414=FACE_BOUND('',#7920,.T.);
#8415=FACE_BOUND('',#7921,.T.);
#8416=FACE_BOUND('',#7922,.T.);
#8417=FACE_BOUND('',#7923,.T.);
#8418=FACE_BOUND('',#7924,.T.);
#8419=FACE_BOUND('',#7925,.T.);
#8420=FACE_BOUND('',#7926,.T.);
#8421=FACE_BOUND('',#7927,.T.);
#8422=FACE_BOUND('',#7928,.T.);
#8423=FACE_BOUND('',#7929,.T.);
#8424=FACE_BOUND('',#7930,.T.);
#8425=FACE_BOUND('',#7931,.T.);
#8426=FACE_BOUND('',#7932,.T.);
#8427=FACE_BOUND('',#7933,.T.);
#8428=FACE_BOUND('',#7934,.T.);
#8429=FACE_BOUND('',#7935,.T.);
#8430=FACE_BOUND('',#7936,.T.);
#8431=FACE_BOUND('',#7937,.T.);
#8432=FACE_BOUND('',#7938,.T.);
#8433=FACE_BOUND('',#7939,.T.);
#8434=FACE_BOUND('',#7940,.T.);
#8435=FACE_BOUND('',#7941,.T.);
#8436=FACE_BOUND('',#7942,.T.);
#8437=FACE_BOUND('',#7943,.T.);
#8438=FACE_BOUND('',#7944,.T.);
#8439=FACE_BOUND('',#7945,.T.);
#8440=FACE_BOUND('',#7946,.T.);
#8441=FACE_BOUND('',#7947,.T.);
#8442=FACE_BOUND('',#7948,.T.);
#8443=FACE_BOUND('',#7949,.T.);
#8444=FACE_BOUND('',#7950,.T.);
#8445=FACE_BOUND('',#7951,.T.);
#8446=FACE_BOUND('',#7952,.T.);
#8447=FACE_BOUND('',#7953,.T.);
#8448=FACE_BOUND('',#7954,.T.);
#8449=FACE_BOUND('',#7955,.T.);
#8450=FACE_BOUND('',#7956,.T.);
#8451=FACE_BOUND('',#7957,.T.);
#8452=FACE_BOUND('',#7958,.T.);
#8453=FACE_BOUND('',#7959,.T.);
#8454=FACE_BOUND('',#7960,.T.);
#8455=FACE_BOUND('',#7961,.T.);
#8456=FACE_BOUND('',#7962,.T.);
#8457=FACE_BOUND('',#7963,.T.);
#8458=FACE_BOUND('',#7964,.T.);
#8459=FACE_BOUND('',#7965,.T.);
#8460=FACE_BOUND('',#7966,.T.);
#8461=FACE_BOUND('',#7967,.T.);
#8462=FACE_BOUND('',#7968,.T.);
#8463=FACE_BOUND('',#7969,.T.);
#8464=FACE_BOUND('',#7970,.T.);
#8465=FACE_BOUND('',#7971,.T.);
#8466=FACE_BOUND('',#7972,.T.);
#8467=FACE_BOUND('',#7973,.T.);
#8468=FACE_BOUND('',#7974,.T.);
#8469=FACE_BOUND('',#7975,.T.);
#8470=FACE_BOUND('',#7976,.T.);
#8471=FACE_BOUND('',#7977,.T.);
#8472=FACE_BOUND('',#7978,.T.);
#8473=FACE_BOUND('',#7979,.T.);
#8474=FACE_BOUND('',#7980,.T.);
#8475=FACE_BOUND('',#7981,.T.);
#8476=FACE_BOUND('',#7982,.T.);
#8477=FACE_BOUND('',#7983,.T.);
#8478=FACE_BOUND('',#7984,.T.);
#8479=FACE_BOUND('',#7985,.T.);
#8480=FACE_BOUND('',#7986,.T.);
#8481=FACE_BOUND('',#7987,.T.);
#8482=FACE_BOUND('',#7988,.T.);
#8483=FACE_BOUND('',#7989,.T.);
#8484=FACE_BOUND('',#7990,.T.);
#8485=FACE_BOUND('',#7991,.T.);
#8486=FACE_BOUND('',#7992,.T.);
#8487=FACE_BOUND('',#7993,.T.);
#8488=FACE_BOUND('',#7994,.T.);
#8489=FACE_BOUND('',#7995,.T.);
#8490=FACE_BOUND('',#7996,.T.);
#8491=FACE_BOUND('',#7997,.T.);
#8492=FACE_BOUND('',#7998,.T.);
#8493=FACE_BOUND('',#7999,.T.);
#8494=FACE_BOUND('',#8000,.T.);
#8495=FACE_BOUND('',#8001,.T.);
#8496=FACE_BOUND('',#8002,.T.);
#8497=FACE_BOUND('',#8003,.T.);
#8498=FACE_BOUND('',#8004,.T.);
#8499=FACE_BOUND('',#8005,.T.);
#8500=FACE_BOUND('',#8006,.T.);
#8501=FACE_BOUND('',#8007,.T.);
#8502=FACE_BOUND('',#8008,.T.);
#8503=FACE_BOUND('',#8009,.T.);
#8504=FACE_BOUND('',#8010,.T.);
#8505=FACE_BOUND('',#8011,.T.);
#8506=FACE_BOUND('',#8012,.T.);
#8507=FACE_BOUND('',#8013,.T.);
#8508=FACE_BOUND('',#8014,.T.);
#8509=FACE_BOUND('',#8015,.T.);
#8510=FACE_BOUND('',#8016,.T.);
#8511=FACE_BOUND('',#8017,.T.);
#8512=FACE_BOUND('',#8018,.T.);
#8513=FACE_BOUND('',#8019,.T.);
#8514=FACE_BOUND('',#8020,.T.);
#8515=FACE_BOUND('',#8021,.T.);
#8516=FACE_BOUND('',#8022,.T.);
#8517=FACE_BOUND('',#8023,.T.);
#8518=FACE_BOUND('',#8024,.T.);
#8519=FACE_BOUND('',#8025,.T.);
#8520=FACE_BOUND('',#8026,.T.);
#8521=FACE_BOUND('',#8027,.T.);
#8522=FACE_BOUND('',#8028,.T.);
#8523=FACE_BOUND('',#8029,.T.);
#8524=FACE_BOUND('',#8030,.T.);
#8525=FACE_BOUND('',#8031,.T.);
#8526=FACE_BOUND('',#8032,.T.);
#8527=FACE_BOUND('',#8033,.T.);
#8528=FACE_BOUND('',#8034,.T.);
#8529=FACE_BOUND('',#8035,.T.);
#8530=FACE_BOUND('',#8036,.T.);
#8531=FACE_BOUND('',#8037,.T.);
#8532=FACE_BOUND('',#8038,.T.);
#8533=FACE_BOUND('',#8039,.T.);
#8534=FACE_BOUND('',#8040,.T.);
#8535=FACE_BOUND('',#8041,.T.);
#8536=FACE_BOUND('',#8042,.T.);
#8537=FACE_BOUND('',#8043,.T.);
#8538=FACE_BOUND('',#8044,.T.);
#8539=FACE_BOUND('',#8045,.T.);
#8540=FACE_BOUND('',#8046,.T.);
#8541=FACE_BOUND('',#8047,.T.);
#8542=FACE_BOUND('',#8048,.T.);
#8543=FACE_BOUND('',#8049,.T.);
#8544=FACE_BOUND('',#8050,.T.);
#8545=FACE_BOUND('',#8051,.T.);
#8546=FACE_BOUND('',#8052,.T.);
#8547=FACE_BOUND('',#8053,.T.);
#8548=FACE_BOUND('',#8054,.T.);
#8549=FACE_BOUND('',#8055,.T.);
#8550=FACE_BOUND('',#8056,.T.);
#8551=FACE_BOUND('',#8057,.T.);
#8552=FACE_BOUND('',#8058,.T.);
#8553=FACE_BOUND('',#8059,.T.);
#8554=FACE_BOUND('',#8060,.T.);
#8555=FACE_BOUND('',#8061,.T.);
#8556=FACE_BOUND('',#8062,.T.);
#8557=FACE_BOUND('',#8063,.T.);
#8558=FACE_BOUND('',#8064,.T.);
#8559=FACE_BOUND('',#8065,.T.);
#8560=FACE_BOUND('',#8066,.T.);
#8561=FACE_BOUND('',#8067,.T.);
#8562=FACE_BOUND('',#8068,.T.);
#8563=FACE_BOUND('',#8069,.T.);
#8564=FACE_BOUND('',#8070,.T.);
#8565=FACE_BOUND('',#8071,.T.);
#8566=FACE_BOUND('',#8072,.T.);
#8567=FACE_BOUND('',#8073,.T.);
#8568=FACE_BOUND('',#8074,.T.);
#8569=FACE_BOUND('',#8075,.T.);
#8570=FACE_BOUND('',#8076,.T.);
#8571=FACE_BOUND('',#8077,.T.);
#8572=FACE_BOUND('',#8078,.T.);
#8573=FACE_BOUND('',#8079,.T.);
#8574=FACE_BOUND('',#8080,.T.);
#8575=FACE_BOUND('',#8081,.T.);
#8576=FACE_BOUND('',#8082,.T.);
#8577=FACE_BOUND('',#8083,.T.);
#8578=FACE_BOUND('',#8084,.T.);
#8579=FACE_BOUND('',#8085,.T.);
#8580=FACE_BOUND('',#8086,.T.);
#8581=FACE_BOUND('',#8087,.T.);
#8582=FACE_BOUND('',#8088,.T.);
#8583=FACE_BOUND('',#8089,.T.);
#8584=FACE_BOUND('',#8090,.T.);
#8585=FACE_BOUND('',#8091,.T.);
#8586=FACE_BOUND('',#8092,.T.);
#8587=FACE_BOUND('',#8093,.T.);
#8588=FACE_BOUND('',#8094,.T.);
#8589=FACE_BOUND('',#8095,.T.);
#8590=FACE_BOUND('',#8096,.T.);
#8591=FACE_BOUND('',#8097,.T.);
#8592=FACE_BOUND('',#8098,.T.);
#8593=FACE_BOUND('',#8099,.T.);
#8594=FACE_BOUND('',#8100,.T.);
#8595=FACE_BOUND('',#8101,.T.);
#8596=FACE_BOUND('',#8102,.T.);
#8597=FACE_BOUND('',#8103,.T.);
#8598=FACE_BOUND('',#8104,.T.);
#8599=FACE_BOUND('',#8105,.T.);
#8600=FACE_BOUND('',#8106,.T.);
#8601=FACE_BOUND('',#8107,.T.);
#8602=FACE_BOUND('',#8108,.T.);
#8603=FACE_BOUND('',#8109,.T.);
#8604=FACE_BOUND('',#8110,.T.);
#8605=FACE_BOUND('',#8111,.T.);
#8606=FACE_BOUND('',#8112,.T.);
#8607=FACE_BOUND('',#8113,.T.);
#8608=FACE_BOUND('',#8114,.T.);
#8609=FACE_BOUND('',#8115,.T.);
#8610=FACE_BOUND('',#8116,.T.);
#8611=FACE_BOUND('',#8117,.T.);
#8612=FACE_BOUND('',#8118,.T.);
#8613=FACE_BOUND('',#8119,.T.);
#8614=FACE_BOUND('',#8120,.T.);
#8615=FACE_BOUND('',#8121,.T.);
#8616=FACE_BOUND('',#8122,.T.);
#8617=FACE_BOUND('',#8123,.T.);
#8618=FACE_BOUND('',#8124,.T.);
#8619=FACE_BOUND('',#8125,.T.);
#8620=FACE_BOUND('',#8126,.T.);
#8621=FACE_BOUND('',#8127,.T.);
#8622=FACE_BOUND('',#8128,.T.);
#8623=FACE_BOUND('',#8129,.T.);
#8624=FACE_BOUND('',#8130,.T.);
#8625=FACE_BOUND('',#8131,.T.);
#8626=FACE_BOUND('',#8132,.T.);
#8627=FACE_BOUND('',#8133,.T.);
#8628=FACE_BOUND('',#8134,.T.);
#8629=FACE_BOUND('',#8135,.T.);
#8630=FACE_BOUND('',#8136,.T.);
#8631=FACE_BOUND('',#8137,.T.);
#8632=FACE_BOUND('',#8138,.T.);
#8633=FACE_BOUND('',#8139,.T.);
#8634=FACE_BOUND('',#8140,.T.);
#8635=FACE_BOUND('',#8141,.T.);
#8636=FACE_BOUND('',#8142,.T.);
#8637=FACE_BOUND('',#8143,.T.);
#8638=FACE_BOUND('',#8144,.T.);
#8639=FACE_BOUND('',#8145,.T.);
#8640=FACE_BOUND('',#8146,.T.);
#8641=FACE_BOUND('',#8147,.T.);
#8642=FACE_BOUND('',#8148,.T.);
#8643=FACE_BOUND('',#8149,.T.);
#8644=FACE_BOUND('',#8150,.T.);
#8645=FACE_BOUND('',#8151,.T.);
#8646=FACE_BOUND('',#8152,.T.);
#8647=FACE_BOUND('',#8153,.T.);
#8648=FACE_BOUND('',#8154,.T.);
#8649=FACE_BOUND('',#8155,.T.);
#8650=FACE_BOUND('',#8156,.T.);
#8651=FACE_BOUND('',#8157,.T.);
#8652=FACE_BOUND('',#8158,.T.);
#8653=FACE_BOUND('',#8159,.T.);
#8654=FACE_BOUND('',#8160,.T.);
#8655=FACE_BOUND('',#8161,.T.);
#8656=FACE_BOUND('',#8162,.T.);
#8657=FACE_BOUND('',#8163,.T.);
#8658=FACE_BOUND('',#8164,.T.);
#8659=FACE_BOUND('',#8165,.T.);
#8660=FACE_BOUND('',#8166,.T.);
#8661=FACE_BOUND('',#8167,.T.);
#8662=FACE_BOUND('',#8168,.T.);
#8663=FACE_BOUND('',#8169,.T.);
#8664=FACE_BOUND('',#8170,.T.);
#8665=FACE_BOUND('',#8171,.T.);
#8666=FACE_BOUND('',#8172,.T.);
#8667=FACE_BOUND('',#8173,.T.);
#8668=FACE_BOUND('',#8174,.T.);
#8669=FACE_BOUND('',#8175,.T.);
#8670=FACE_BOUND('',#8176,.T.);
#8671=FACE_BOUND('',#8177,.T.);
#8672=FACE_BOUND('',#8178,.T.);
#8673=FACE_BOUND('',#8179,.T.);
#8674=FACE_BOUND('',#8180,.T.);
#8675=FACE_BOUND('',#8181,.T.);
#8676=FACE_BOUND('',#8182,.T.);
#8677=FACE_BOUND('',#8183,.T.);
#8678=FACE_BOUND('',#8184,.T.);
#8679=FACE_BOUND('',#8185,.T.);
#8680=FACE_BOUND('',#8186,.T.);
#8681=FACE_BOUND('',#8187,.T.);
#8682=FACE_BOUND('',#8188,.T.);
#8683=FACE_BOUND('',#8189,.T.);
#8684=FACE_BOUND('',#8190,.T.);
#8685=FACE_BOUND('',#8191,.T.);
#8686=FACE_BOUND('',#8192,.T.);
#8687=FACE_BOUND('',#8193,.T.);
#8688=FACE_BOUND('',#8194,.T.);
#8689=FACE_BOUND('',#8195,.T.);
#8690=FACE_BOUND('',#8196,.T.);
#8691=FACE_BOUND('',#8197,.T.);
#8692=FACE_BOUND('',#8198,.T.);
#8693=FACE_BOUND('',#8199,.T.);
#8694=FACE_BOUND('',#8200,.T.);
#8695=FACE_BOUND('',#8201,.T.);
#8696=FACE_BOUND('',#8202,.T.);
#8697=FACE_BOUND('',#8203,.T.);
#8698=FACE_BOUND('',#8204,.T.);
#8699=FACE_BOUND('',#8205,.T.);
#8700=FACE_BOUND('',#8206,.T.);
#8701=FACE_BOUND('',#8207,.T.);
#8702=FACE_BOUND('',#8208,.T.);
#8703=FACE_BOUND('',#8209,.T.);
#8704=FACE_BOUND('',#8210,.T.);
#8705=FACE_BOUND('',#8211,.T.);
#8706=FACE_BOUND('',#8212,.T.);
#8707=FACE_BOUND('',#8213,.T.);
#8708=FACE_BOUND('',#8214,.T.);
#8709=FACE_BOUND('',#8215,.T.);
#8710=FACE_BOUND('',#8216,.T.);
#8711=FACE_BOUND('',#8217,.T.);
#8712=FACE_BOUND('',#8218,.T.);
#8713=FACE_BOUND('',#8219,.T.);
#8714=FACE_BOUND('',#8220,.T.);
#8715=FACE_BOUND('',#8221,.T.);
#8716=FACE_BOUND('',#8222,.T.);
#8717=FACE_BOUND('',#8223,.T.);
#8718=FACE_BOUND('',#8224,.T.);
#8719=FACE_BOUND('',#8225,.T.);
#8720=FACE_BOUND('',#8226,.T.);
#8721=FACE_BOUND('',#8227,.T.);
#8722=FACE_BOUND('',#8228,.T.);
#8723=FACE_BOUND('',#8229,.T.);
#8724=FACE_BOUND('',#8230,.T.);
#8725=FACE_BOUND('',#8231,.T.);
#8726=FACE_BOUND('',#8232,.T.);
#8727=FACE_BOUND('',#8233,.T.);
#8728=FACE_BOUND('',#8234,.T.);
#8729=FACE_BOUND('',#8235,.T.);
#8730=FACE_BOUND('',#8236,.T.);
#8731=FACE_BOUND('',#8237,.T.);
#8732=FACE_BOUND('',#8238,.T.);
#8733=FACE_BOUND('',#8239,.T.);
#8734=FACE_BOUND('',#8240,.T.);
#8735=FACE_BOUND('',#8241,.T.);
#8736=FACE_BOUND('',#8242,.T.);
#8737=FACE_BOUND('',#8243,.T.);
#8738=FACE_BOUND('',#8244,.T.);
#8739=FACE_BOUND('',#8245,.T.);
#8740=FACE_BOUND('',#8246,.T.);
#8741=FACE_BOUND('',#8247,.T.);
#8742=FACE_BOUND('',#8248,.T.);
#8743=FACE_BOUND('',#8249,.T.);
#8744=FACE_BOUND('',#8250,.T.);
#8745=FACE_BOUND('',#8251,.T.);
#8746=FACE_BOUND('',#8252,.T.);
#8747=FACE_BOUND('',#8253,.T.);
#8748=FACE_BOUND('',#8254,.T.);
#8749=FACE_BOUND('',#8255,.T.);
#8750=FACE_BOUND('',#8256,.T.);
#8751=FACE_BOUND('',#8257,.T.);
#8752=FACE_BOUND('',#8258,.T.);
#8753=FACE_BOUND('',#8259,.T.);
#8754=FACE_BOUND('',#8260,.T.);
#8755=FACE_BOUND('',#8261,.T.);
#8756=FACE_BOUND('',#8262,.T.);
#8757=FACE_BOUND('',#8263,.T.);
#8758=FACE_BOUND('',#8264,.T.);
#8759=FACE_BOUND('',#8265,.T.);
#8760=FACE_BOUND('',#8266,.T.);
#8761=FACE_BOUND('',#8267,.T.);
#8762=FACE_BOUND('',#8268,.T.);
#8763=FACE_BOUND('',#8269,.T.);
#8764=FACE_BOUND('',#8270,.T.);
#8765=FACE_BOUND('',#8271,.T.);
#8766=FACE_BOUND('',#8272,.T.);
#8767=FACE_BOUND('',#8273,.T.);
#8768=FACE_BOUND('',#8274,.T.);
#8769=FACE_BOUND('',#8275,.T.);
#8770=FACE_BOUND('',#8276,.T.);
#8771=FACE_BOUND('',#8277,.T.);
#8772=FACE_BOUND('',#8278,.T.);
#8773=FACE_BOUND('',#8279,.T.);
#8774=FACE_BOUND('',#8280,.T.);
#8775=FACE_BOUND('',#8281,.T.);
#8776=FACE_BOUND('',#8282,.T.);
#8777=FACE_BOUND('',#8283,.T.);
#8778=FACE_BOUND('',#8284,.T.);
#8779=FACE_BOUND('',#8285,.T.);
#8780=FACE_BOUND('',#8286,.T.);
#8781=FACE_BOUND('',#8287,.T.);
#8782=FACE_BOUND('',#8288,.T.);
#8783=FACE_BOUND('',#8289,.T.);
#8784=FACE_BOUND('',#8290,.T.);
#8785=FACE_BOUND('',#8291,.T.);
#8786=FACE_BOUND('',#8292,.T.);
#8787=FACE_BOUND('',#8293,.T.);
#8788=FACE_BOUND('',#8294,.T.);
#8789=FACE_BOUND('',#8295,.T.);
#8790=FACE_BOUND('',#8296,.T.);
#8791=FACE_BOUND('',#8297,.T.);
#8792=FACE_BOUND('',#8298,.T.);
#8793=FACE_BOUND('',#8299,.T.);
#8794=FACE_BOUND('',#8300,.T.);
#8795=FACE_BOUND('',#8301,.T.);
#8796=FACE_BOUND('',#8302,.T.);
#8797=FACE_BOUND('',#8303,.T.);
#8798=FACE_BOUND('',#8304,.T.);
#8799=FACE_BOUND('',#8305,.T.);
#8800=FACE_BOUND('',#8306,.T.);
#8801=FACE_BOUND('',#8307,.T.);
#8802=FACE_BOUND('',#8308,.T.);
#8803=FACE_BOUND('',#8309,.T.);
#8804=FACE_BOUND('',#8310,.T.);
#8805=FACE_BOUND('',#8311,.T.);
#8806=FACE_BOUND('',#8312,.T.);
#8807=FACE_BOUND('',#8313,.T.);
#8808=FACE_BOUND('',#8314,.T.);
#8809=FACE_BOUND('',#8315,.T.);
#8810=FACE_BOUND('',#8316,.T.);
#8811=FACE_BOUND('',#8317,.T.);
#8812=FACE_BOUND('',#8318,.T.);
#8813=FACE_BOUND('',#8319,.T.);
#8814=FACE_BOUND('',#8320,.T.);
#8815=FACE_BOUND('',#8321,.T.);
#8816=FACE_BOUND('',#8322,.T.);
#8817=FACE_BOUND('',#8323,.T.);
#8818=FACE_BOUND('',#8324,.T.);
#8819=FACE_BOUND('',#8325,.T.);
#8820=FACE_BOUND('',#8326,.T.);
#8821=FACE_BOUND('',#8327,.T.);
#8822=FACE_BOUND('',#8328,.T.);
#8823=FACE_BOUND('',#8329,.T.);
#8824=FACE_BOUND('',#8330,.T.);
#8825=FACE_BOUND('',#8331,.T.);
#8826=FACE_BOUND('',#8332,.T.);
#8827=FACE_BOUND('',#8333,.T.);
#8828=FACE_BOUND('',#8334,.T.);
#8829=FACE_BOUND('',#8335,.T.);
#8830=FACE_BOUND('',#8336,.T.);
#8831=FACE_BOUND('',#8337,.T.);
#8832=FACE_BOUND('',#8338,.T.);
#8833=FACE_BOUND('',#8339,.T.);
#8834=FACE_BOUND('',#8340,.T.);
#8835=FACE_BOUND('',#8341,.T.);
#8836=FACE_BOUND('',#8342,.T.);
#8837=FACE_BOUND('',#8343,.T.);
#8838=FACE_BOUND('',#8344,.T.);
#8839=FACE_BOUND('',#8345,.T.);
#8840=FACE_BOUND('',#8346,.T.);
#8841=FACE_BOUND('',#8347,.T.);
#8842=FACE_BOUND('',#8348,.T.);
#8843=FACE_BOUND('',#8349,.T.);
#8844=FACE_BOUND('',#8350,.T.);
#8845=FACE_BOUND('',#8351,.T.);
#8846=FACE_BOUND('',#8352,.T.);
#8847=FACE_BOUND('',#8353,.T.);
#8848=FACE_BOUND('',#8354,.T.);
#8849=FACE_BOUND('',#8355,.T.);
#8850=FACE_BOUND('',#8356,.T.);
#8851=FACE_BOUND('',#8357,.T.);
#8852=FACE_BOUND('',#8358,.T.);
#8853=FACE_BOUND('',#8359,.T.);
#8854=FACE_BOUND('',#8360,.T.);
#8855=FACE_BOUND('',#8361,.T.);
#8856=FACE_BOUND('',#8362,.T.);
#8857=FACE_BOUND('',#8363,.T.);
#8858=FACE_BOUND('',#8364,.T.);
#8859=FACE_BOUND('',#8365,.T.);
#8860=FACE_BOUND('',#8366,.T.);
#8861=FACE_BOUND('',#8367,.T.);
#8862=FACE_BOUND('',#8368,.T.);
#8863=FACE_BOUND('',#8369,.T.);
#8864=FACE_BOUND('',#8370,.T.);
#8865=FACE_BOUND('',#8371,.T.);
#8866=FACE_BOUND('',#8372,.T.);
#8867=FACE_BOUND('',#8373,.T.);
#8868=FACE_BOUND('',#8374,.T.);
#8869=FACE_BOUND('',#8375,.T.);
#8870=FACE_BOUND('',#8376,.T.);
#8871=FACE_BOUND('',#8377,.T.);
#8872=FACE_BOUND('',#8378,.T.);
#8873=FACE_BOUND('',#8379,.T.);
#8874=FACE_BOUND('',#8380,.T.);
#8875=FACE_BOUND('',#8381,.T.);
#8876=FACE_BOUND('',#8382,.T.);
#8877=FACE_BOUND('',#8383,.T.);
#8878=FACE_BOUND('',#8384,.T.);
#8879=FACE_BOUND('',#8385,.T.);
#8880=PLANE('',#9847);
#8881=PLANE('',#9848);
#8882=PLANE('',#9849);
#8883=PLANE('',#9850);
#8884=PLANE('',#9851);
#8885=PLANE('',#9852);
#8886=PLANE('',#9853);
#8887=PLANE('',#9854);
#8888=PLANE('',#9855);
#8889=PLANE('',#9856);
#8890=PLANE('',#9857);
#8891=PLANE('',#9858);
#8892=PLANE('',#9859);
#8893=PLANE('',#9860);
#8894=PLANE('',#9861);
#8895=PLANE('',#9862);
#8896=PLANE('',#9863);
#8897=PLANE('',#9864);
#8898=PLANE('',#9865);
#8899=PLANE('',#9866);
#8900=PLANE('',#9867);
#8901=PLANE('',#9868);
#8902=PLANE('',#9869);
#8903=PLANE('',#9870);
#8904=PLANE('',#9871);
#8905=PLANE('',#9872);
#8906=PLANE('',#9873);
#8907=PLANE('',#9874);
#8908=PLANE('',#9875);
#8909=PLANE('',#9876);
#8910=PLANE('',#9877);
#8911=PLANE('',#9878);
#8912=PLANE('',#9879);
#8913=PLANE('',#9880);
#8914=PLANE('',#9881);
#8915=PLANE('',#9882);
#8916=PLANE('',#9883);
#8917=PLANE('',#9884);
#8918=PLANE('',#9885);
#8919=PLANE('',#9886);
#8920=PLANE('',#9887);
#8921=PLANE('',#9888);
#8922=PLANE('',#9889);
#8923=PLANE('',#9890);
#8924=PLANE('',#9891);
#8925=PLANE('',#9892);
#8926=PLANE('',#9893);
#8927=PLANE('',#9894);
#8928=PLANE('',#9895);
#8929=PLANE('',#9896);
#8930=PLANE('',#9897);
#8931=PLANE('',#9898);
#8932=PLANE('',#9899);
#8933=PLANE('',#9900);
#8934=PLANE('',#9901);
#8935=PLANE('',#9902);
#8936=PLANE('',#9903);
#8937=PLANE('',#9904);
#8938=PLANE('',#9905);
#8939=PLANE('',#9906);
#8940=PLANE('',#9907);
#8941=PLANE('',#9908);
#8942=PLANE('',#9909);
#8943=PLANE('',#9910);
#8944=PLANE('',#9911);
#8945=PLANE('',#9912);
#8946=PLANE('',#9913);
#8947=PLANE('',#9914);
#8948=PLANE('',#9915);
#8949=PLANE('',#9916);
#8950=PLANE('',#9917);
#8951=PLANE('',#9918);
#8952=PLANE('',#9919);
#8953=PLANE('',#9920);
#8954=PLANE('',#9921);
#8955=PLANE('',#9922);
#8956=PLANE('',#9923);
#8957=PLANE('',#9924);
#8958=PLANE('',#9925);
#8959=PLANE('',#9926);
#8960=PLANE('',#9927);
#8961=PLANE('',#9928);
#8962=PLANE('',#9929);
#8963=PLANE('',#9930);
#8964=PLANE('',#9931);
#8965=PLANE('',#9932);
#8966=PLANE('',#9933);
#8967=PLANE('',#9934);
#8968=PLANE('',#9935);
#8969=PLANE('',#9936);
#8970=PLANE('',#9937);
#8971=PLANE('',#9938);
#8972=PLANE('',#9939);
#8973=PLANE('',#9940);
#8974=PLANE('',#9941);
#8975=PLANE('',#9942);
#8976=PLANE('',#9943);
#8977=PLANE('',#9944);
#8978=PLANE('',#9945);
#8979=PLANE('',#9946);
#8980=PLANE('',#9947);
#8981=PLANE('',#9948);
#8982=PLANE('',#9949);
#8983=PLANE('',#9950);
#8984=PLANE('',#9951);
#8985=PLANE('',#9952);
#8986=PLANE('',#9953);
#8987=PLANE('',#9954);
#8988=PLANE('',#9955);
#8989=PLANE('',#9956);
#8990=PLANE('',#9957);
#8991=PLANE('',#9958);
#8992=PLANE('',#9959);
#8993=PLANE('',#9960);
#8994=PLANE('',#9961);
#8995=PLANE('',#9962);
#8996=PLANE('',#9963);
#8997=PLANE('',#9964);
#8998=PLANE('',#9965);
#8999=PLANE('',#9966);
#9000=PLANE('',#9967);
#9001=PLANE('',#9968);
#9002=PLANE('',#9969);
#9003=PLANE('',#9970);
#9004=PLANE('',#9971);
#9005=PLANE('',#9972);
#9006=PLANE('',#9973);
#9007=PLANE('',#9974);
#9008=PLANE('',#9975);
#9009=PLANE('',#9976);
#9010=PLANE('',#9977);
#9011=PLANE('',#9978);
#9012=PLANE('',#9979);
#9013=PLANE('',#9980);
#9014=PLANE('',#9981);
#9015=PLANE('',#9982);
#9016=PLANE('',#9983);
#9017=PLANE('',#9984);
#9018=PLANE('',#9985);
#9019=PLANE('',#9986);
#9020=PLANE('',#9987);
#9021=PLANE('',#9988);
#9022=PLANE('',#9989);
#9023=PLANE('',#9990);
#9024=PLANE('',#9991);
#9025=PLANE('',#9992);
#9026=PLANE('',#9993);
#9027=PLANE('',#9994);
#9028=PLANE('',#9995);
#9029=PLANE('',#9996);
#9030=PLANE('',#9997);
#9031=PLANE('',#9998);
#9032=PLANE('',#9999);
#9033=PLANE('',#10000);
#9034=PLANE('',#10001);
#9035=PLANE('',#10002);
#9036=PLANE('',#10003);
#9037=PLANE('',#10004);
#9038=PLANE('',#10005);
#9039=PLANE('',#10006);
#9040=PLANE('',#10007);
#9041=PLANE('',#10008);
#9042=PLANE('',#10009);
#9043=PLANE('',#10010);
#9044=PLANE('',#10011);
#9045=PLANE('',#10012);
#9046=PLANE('',#10013);
#9047=PLANE('',#10014);
#9048=PLANE('',#10015);
#9049=PLANE('',#10016);
#9050=PLANE('',#10017);
#9051=PLANE('',#10018);
#9052=PLANE('',#10019);
#9053=PLANE('',#10020);
#9054=PLANE('',#10021);
#9055=PLANE('',#10022);
#9056=PLANE('',#10023);
#9057=PLANE('',#10024);
#9058=PLANE('',#10025);
#9059=PLANE('',#10026);
#9060=PLANE('',#10027);
#9061=PLANE('',#10028);
#9062=PLANE('',#10029);
#9063=PLANE('',#10030);
#9064=PLANE('',#10031);
#9065=PLANE('',#10032);
#9066=PLANE('',#10033);
#9067=PLANE('',#10034);
#9068=PLANE('',#10035);
#9069=PLANE('',#10036);
#9070=PLANE('',#10037);
#9071=PLANE('',#10038);
#9072=PLANE('',#10039);
#9073=PLANE('',#10040);
#9074=PLANE('',#10041);
#9075=PLANE('',#10042);
#9076=PLANE('',#10043);
#9077=PLANE('',#10044);
#9078=PLANE('',#10045);
#9079=PLANE('',#10046);
#9080=PLANE('',#10047);
#9081=PLANE('',#10048);
#9082=PLANE('',#10049);
#9083=PLANE('',#10050);
#9084=PLANE('',#10051);
#9085=PLANE('',#10052);
#9086=PLANE('',#10053);
#9087=PLANE('',#10054);
#9088=PLANE('',#10055);
#9089=PLANE('',#10056);
#9090=PLANE('',#10057);
#9091=PLANE('',#10058);
#9092=PLANE('',#10059);
#9093=PLANE('',#10060);
#9094=PLANE('',#10061);
#9095=PLANE('',#10062);
#9096=PLANE('',#10063);
#9097=PLANE('',#10064);
#9098=PLANE('',#10067);
#9099=PLANE('',#10070);
#9100=PLANE('',#10071);
#9101=PLANE('',#10072);
#9102=PLANE('',#10073);
#9103=PLANE('',#10074);
#9104=PLANE('',#10075);
#9105=PLANE('',#10076);
#9106=PLANE('',#10077);
#9107=PLANE('',#10078);
#9108=PLANE('',#10079);
#9109=PLANE('',#10080);
#9110=PLANE('',#10081);
#9111=PLANE('',#10082);
#9112=PLANE('',#10083);
#9113=PLANE('',#10084);
#9114=PLANE('',#10085);
#9115=PLANE('',#10086);
#9116=PLANE('',#10087);
#9117=PLANE('',#10088);
#9118=PLANE('',#10089);
#9119=PLANE('',#10090);
#9120=PLANE('',#10091);
#9121=PLANE('',#10092);
#9122=PLANE('',#10093);
#9123=PLANE('',#10094);
#9124=PLANE('',#10095);
#9125=PLANE('',#10096);
#9126=PLANE('',#10097);
#9127=PLANE('',#10098);
#9128=PLANE('',#10099);
#9129=PLANE('',#10100);
#9130=PLANE('',#10101);
#9131=PLANE('',#10102);
#9132=PLANE('',#10103);
#9133=PLANE('',#10104);
#9134=PLANE('',#10105);
#9135=PLANE('',#10106);
#9136=PLANE('',#10107);
#9137=PLANE('',#10108);
#9138=PLANE('',#10109);
#9139=PLANE('',#10110);
#9140=PLANE('',#10111);
#9141=PLANE('',#10112);
#9142=PLANE('',#10113);
#9143=PLANE('',#10114);
#9144=PLANE('',#10115);
#9145=PLANE('',#10116);
#9146=PLANE('',#10117);
#9147=PLANE('',#10118);
#9148=PLANE('',#10119);
#9149=PLANE('',#10120);
#9150=PLANE('',#10121);
#9151=PLANE('',#10122);
#9152=PLANE('',#10123);
#9153=PLANE('',#10124);
#9154=PLANE('',#10125);
#9155=PLANE('',#10126);
#9156=PLANE('',#10127);
#9157=PLANE('',#10128);
#9158=PLANE('',#10129);
#9159=PLANE('',#10130);
#9160=PLANE('',#10131);
#9161=PLANE('',#10132);
#9162=PLANE('',#10133);
#9163=PLANE('',#10134);
#9164=PLANE('',#10135);
#9165=PLANE('',#10136);
#9166=PLANE('',#10137);
#9167=PLANE('',#10138);
#9168=PLANE('',#10139);
#9169=PLANE('',#10140);
#9170=PLANE('',#10141);
#9171=PLANE('',#10142);
#9172=PLANE('',#10143);
#9173=PLANE('',#10144);
#9174=PLANE('',#10145);
#9175=PLANE('',#10146);
#9176=PLANE('',#10147);
#9177=PLANE('',#10148);
#9178=PLANE('',#10149);
#9179=PLANE('',#10150);
#9180=PLANE('',#10151);
#9181=PLANE('',#10152);
#9182=PLANE('',#10153);
#9183=PLANE('',#10154);
#9184=PLANE('',#10155);
#9185=PLANE('',#10156);
#9186=PLANE('',#10157);
#9187=PLANE('',#10158);
#9188=PLANE('',#10159);
#9189=PLANE('',#10160);
#9190=PLANE('',#10161);
#9191=PLANE('',#10162);
#9192=PLANE('',#10163);
#9193=PLANE('',#10164);
#9194=PLANE('',#10165);
#9195=PLANE('',#10166);
#9196=PLANE('',#10167);
#9197=PLANE('',#10168);
#9198=PLANE('',#10169);
#9199=PLANE('',#10170);
#9200=PLANE('',#10171);
#9201=PLANE('',#10172);
#9202=PLANE('',#10173);
#9203=PLANE('',#10174);
#9204=PLANE('',#10175);
#9205=PLANE('',#10176);
#9206=PLANE('',#10177);
#9207=PLANE('',#10178);
#9208=PLANE('',#10179);
#9209=PLANE('',#10180);
#9210=PLANE('',#10181);
#9211=PLANE('',#10182);
#9212=PLANE('',#10183);
#9213=PLANE('',#10184);
#9214=PLANE('',#10185);
#9215=PLANE('',#10186);
#9216=PLANE('',#10187);
#9217=PLANE('',#10188);
#9218=PLANE('',#10189);
#9219=PLANE('',#10190);
#9220=PLANE('',#10191);
#9221=PLANE('',#10192);
#9222=PLANE('',#10193);
#9223=PLANE('',#10194);
#9224=PLANE('',#10195);
#9225=PLANE('',#10196);
#9226=PLANE('',#10197);
#9227=PLANE('',#10198);
#9228=PLANE('',#10199);
#9229=PLANE('',#10200);
#9230=PLANE('',#10201);
#9231=PLANE('',#10202);
#9232=PLANE('',#10203);
#9233=PLANE('',#10204);
#9234=PLANE('',#10205);
#9235=PLANE('',#10206);
#9236=PLANE('',#10207);
#9237=PLANE('',#10208);
#9238=PLANE('',#10209);
#9239=PLANE('',#10210);
#9240=PLANE('',#10211);
#9241=PLANE('',#10212);
#9242=PLANE('',#10213);
#9243=PLANE('',#10214);
#9244=PLANE('',#10215);
#9245=PLANE('',#10216);
#9246=PLANE('',#10217);
#9247=PLANE('',#10218);
#9248=PLANE('',#10219);
#9249=PLANE('',#10220);
#9250=PLANE('',#10221);
#9251=PLANE('',#10222);
#9252=PLANE('',#10223);
#9253=PLANE('',#10224);
#9254=PLANE('',#10225);
#9255=PLANE('',#10226);
#9256=PLANE('',#10227);
#9257=PLANE('',#10228);
#9258=PLANE('',#10229);
#9259=PLANE('',#10230);
#9260=PLANE('',#10231);
#9261=PLANE('',#10232);
#9262=PLANE('',#10233);
#9263=PLANE('',#10234);
#9264=PLANE('',#10235);
#9265=PLANE('',#10236);
#9266=PLANE('',#10237);
#9267=PLANE('',#10238);
#9268=PLANE('',#10239);
#9269=PLANE('',#10240);
#9270=PLANE('',#10241);
#9271=PLANE('',#10242);
#9272=PLANE('',#10243);
#9273=PLANE('',#10244);
#9274=PLANE('',#10245);
#9275=PLANE('',#10246);
#9276=PLANE('',#10247);
#9277=PLANE('',#10248);
#9278=PLANE('',#10249);
#9279=PLANE('',#10250);
#9280=PLANE('',#10251);
#9281=PLANE('',#10252);
#9282=PLANE('',#10253);
#9283=PLANE('',#10254);
#9284=PLANE('',#10255);
#9285=PLANE('',#10256);
#9286=PLANE('',#10257);
#9287=PLANE('',#10258);
#9288=PLANE('',#10259);
#9289=PLANE('',#10260);
#9290=PLANE('',#10261);
#9291=PLANE('',#10262);
#9292=PLANE('',#10263);
#9293=PLANE('',#10264);
#9294=PLANE('',#10265);
#9295=PLANE('',#10266);
#9296=PLANE('',#10267);
#9297=PLANE('',#10268);
#9298=PLANE('',#10269);
#9299=PLANE('',#10270);
#9300=PLANE('',#10271);
#9301=PLANE('',#10272);
#9302=PLANE('',#10273);
#9303=PLANE('',#10274);
#9304=PLANE('',#10275);
#9305=PLANE('',#10276);
#9306=PLANE('',#10277);
#9307=PLANE('',#10278);
#9308=PLANE('',#10279);
#9309=PLANE('',#10280);
#9310=PLANE('',#10281);
#9311=PLANE('',#10282);
#9312=PLANE('',#10283);
#9313=PLANE('',#10284);
#9314=PLANE('',#10285);
#9315=PLANE('',#10286);
#9316=PLANE('',#10287);
#9317=PLANE('',#10288);
#9318=PLANE('',#10289);
#9319=PLANE('',#10290);
#9320=PLANE('',#10291);
#9321=PLANE('',#10292);
#9322=PLANE('',#10293);
#9323=PLANE('',#10294);
#9324=PLANE('',#10295);
#9325=PLANE('',#10296);
#9326=PLANE('',#10297);
#9327=PLANE('',#10298);
#9328=PLANE('',#10299);
#9329=PLANE('',#10300);
#9330=PLANE('',#10301);
#9331=PLANE('',#10302);
#9332=PLANE('',#10303);
#9333=PLANE('',#10304);
#9334=PLANE('',#10305);
#9335=PLANE('',#10306);
#9336=PLANE('',#10307);
#9337=PLANE('',#10308);
#9338=PLANE('',#10309);
#9339=PLANE('',#10310);
#9340=PLANE('',#10311);
#9341=PLANE('',#10312);
#9342=PLANE('',#10313);
#9343=PLANE('',#10314);
#9344=PLANE('',#10315);
#9345=PLANE('',#10316);
#9346=PLANE('',#10317);
#9347=PLANE('',#10318);
#9348=PLANE('',#10319);
#9349=PLANE('',#10320);
#9350=PLANE('',#10321);
#9351=PLANE('',#10322);
#9352=PLANE('',#10323);
#9353=PLANE('',#10324);
#9354=PLANE('',#10325);
#9355=PLANE('',#10326);
#9356=ADVANCED_FACE('',(#8386),#8880,.T.);
#9357=ADVANCED_FACE('',(#8387),#8881,.T.);
#9358=ADVANCED_FACE('',(#8388),#8882,.T.);
#9359=ADVANCED_FACE('',(#8389),#8883,.T.);
#9360=ADVANCED_FACE('',(#8390),#8884,.T.);
#9361=ADVANCED_FACE('',(#8391),#8885,.T.);
#9362=ADVANCED_FACE('',(#8392),#8886,.T.);
#9363=ADVANCED_FACE('',(#8393),#8887,.T.);
#9364=ADVANCED_FACE('',(#8394),#8888,.T.);
#9365=ADVANCED_FACE('',(#8395),#8889,.T.);
#9366=ADVANCED_FACE('',(#8396),#8890,.T.);
#9367=ADVANCED_FACE('',(#8397),#8891,.T.);
#9368=ADVANCED_FACE('',(#8398),#8892,.T.);
#9369=ADVANCED_FACE('',(#8399),#8893,.T.);
#9370=ADVANCED_FACE('',(#8400),#8894,.T.);
#9371=ADVANCED_FACE('',(#8401),#8895,.T.);
#9372=ADVANCED_FACE('',(#8402),#8896,.T.);
#9373=ADVANCED_FACE('',(#8403),#8897,.T.);
#9374=ADVANCED_FACE('',(#8404),#8898,.T.);
#9375=ADVANCED_FACE('',(#8405),#8899,.T.);
#9376=ADVANCED_FACE('',(#8406),#8900,.T.);
#9377=ADVANCED_FACE('',(#8407),#8901,.T.);
#9378=ADVANCED_FACE('',(#8408),#8902,.T.);
#9379=ADVANCED_FACE('',(#8409),#8903,.T.);
#9380=ADVANCED_FACE('',(#8410),#8904,.T.);
#9381=ADVANCED_FACE('',(#8411),#8905,.T.);
#9382=ADVANCED_FACE('',(#8412),#8906,.T.);
#9383=ADVANCED_FACE('',(#8413),#8907,.T.);
#9384=ADVANCED_FACE('',(#8414),#8908,.T.);
#9385=ADVANCED_FACE('',(#8415),#8909,.T.);
#9386=ADVANCED_FACE('',(#8416),#8910,.T.);
#9387=ADVANCED_FACE('',(#8417),#8911,.T.);
#9388=ADVANCED_FACE('',(#8418),#8912,.T.);
#9389=ADVANCED_FACE('',(#8419),#8913,.T.);
#9390=ADVANCED_FACE('',(#8420),#8914,.T.);
#9391=ADVANCED_FACE('',(#8421),#8915,.T.);
#9392=ADVANCED_FACE('',(#8422),#8916,.T.);
#9393=ADVANCED_FACE('',(#8423),#8917,.T.);
#9394=ADVANCED_FACE('',(#8424),#8918,.T.);
#9395=ADVANCED_FACE('',(#8425),#8919,.T.);
#9396=ADVANCED_FACE('',(#8426),#8920,.T.);
#9397=ADVANCED_FACE('',(#8427),#8921,.T.);
#9398=ADVANCED_FACE('',(#8428),#8922,.T.);
#9399=ADVANCED_FACE('',(#8429),#8923,.T.);
#9400=ADVANCED_FACE('',(#8430),#8924,.T.);
#9401=ADVANCED_FACE('',(#8431),#8925,.T.);
#9402=ADVANCED_FACE('',(#8432),#8926,.T.);
#9403=ADVANCED_FACE('',(#8433),#8927,.T.);
#9404=ADVANCED_FACE('',(#8434),#8928,.T.);
#9405=ADVANCED_FACE('',(#8435),#8929,.T.);
#9406=ADVANCED_FACE('',(#8436),#8930,.T.);
#9407=ADVANCED_FACE('',(#8437),#8931,.T.);
#9408=ADVANCED_FACE('',(#8438),#8932,.T.);
#9409=ADVANCED_FACE('',(#8439),#8933,.T.);
#9410=ADVANCED_FACE('',(#8440),#8934,.T.);
#9411=ADVANCED_FACE('',(#8441),#8935,.T.);
#9412=ADVANCED_FACE('',(#8442),#8936,.T.);
#9413=ADVANCED_FACE('',(#8443),#8937,.T.);
#9414=ADVANCED_FACE('',(#8444),#8938,.T.);
#9415=ADVANCED_FACE('',(#8445),#8939,.T.);
#9416=ADVANCED_FACE('',(#8446),#8940,.T.);
#9417=ADVANCED_FACE('',(#8447),#8941,.T.);
#9418=ADVANCED_FACE('',(#8448),#8942,.T.);
#9419=ADVANCED_FACE('',(#8449),#8943,.T.);
#9420=ADVANCED_FACE('',(#8450),#8944,.T.);
#9421=ADVANCED_FACE('',(#8451),#8945,.T.);
#9422=ADVANCED_FACE('',(#8452),#8946,.T.);
#9423=ADVANCED_FACE('',(#8453),#8947,.T.);
#9424=ADVANCED_FACE('',(#8454),#8948,.T.);
#9425=ADVANCED_FACE('',(#8455),#8949,.T.);
#9426=ADVANCED_FACE('',(#8456),#8950,.T.);
#9427=ADVANCED_FACE('',(#8457),#8951,.T.);
#9428=ADVANCED_FACE('',(#8458),#8952,.T.);
#9429=ADVANCED_FACE('',(#8459),#8953,.T.);
#9430=ADVANCED_FACE('',(#8460),#8954,.T.);
#9431=ADVANCED_FACE('',(#8461),#8955,.T.);
#9432=ADVANCED_FACE('',(#8462),#8956,.T.);
#9433=ADVANCED_FACE('',(#8463),#8957,.T.);
#9434=ADVANCED_FACE('',(#8464),#8958,.T.);
#9435=ADVANCED_FACE('',(#8465),#8959,.T.);
#9436=ADVANCED_FACE('',(#8466),#8960,.T.);
#9437=ADVANCED_FACE('',(#8467),#8961,.T.);
#9438=ADVANCED_FACE('',(#8468),#8962,.T.);
#9439=ADVANCED_FACE('',(#8469),#8963,.T.);
#9440=ADVANCED_FACE('',(#8470),#8964,.T.);
#9441=ADVANCED_FACE('',(#8471),#8965,.T.);
#9442=ADVANCED_FACE('',(#8472),#8966,.T.);
#9443=ADVANCED_FACE('',(#8473),#8967,.T.);
#9444=ADVANCED_FACE('',(#8474),#8968,.T.);
#9445=ADVANCED_FACE('',(#8475),#8969,.T.);
#9446=ADVANCED_FACE('',(#8476),#8970,.T.);
#9447=ADVANCED_FACE('',(#8477),#8971,.T.);
#9448=ADVANCED_FACE('',(#8478),#8972,.T.);
#9449=ADVANCED_FACE('',(#8479),#8973,.T.);
#9450=ADVANCED_FACE('',(#8480),#8974,.T.);
#9451=ADVANCED_FACE('',(#8481),#8975,.T.);
#9452=ADVANCED_FACE('',(#8482),#8976,.T.);
#9453=ADVANCED_FACE('',(#8483),#8977,.T.);
#9454=ADVANCED_FACE('',(#8484),#8978,.T.);
#9455=ADVANCED_FACE('',(#8485),#8979,.T.);
#9456=ADVANCED_FACE('',(#8486),#8980,.T.);
#9457=ADVANCED_FACE('',(#8487),#8981,.T.);
#9458=ADVANCED_FACE('',(#8488),#8982,.T.);
#9459=ADVANCED_FACE('',(#8489),#8983,.T.);
#9460=ADVANCED_FACE('',(#8490),#8984,.T.);
#9461=ADVANCED_FACE('',(#8491),#8985,.T.);
#9462=ADVANCED_FACE('',(#8492),#8986,.T.);
#9463=ADVANCED_FACE('',(#8493),#8987,.T.);
#9464=ADVANCED_FACE('',(#8494),#8988,.T.);
#9465=ADVANCED_FACE('',(#8495),#8989,.T.);
#9466=ADVANCED_FACE('',(#8496),#8990,.T.);
#9467=ADVANCED_FACE('',(#8497),#8991,.T.);
#9468=ADVANCED_FACE('',(#8498),#8992,.T.);
#9469=ADVANCED_FACE('',(#8499),#8993,.T.);
#9470=ADVANCED_FACE('',(#8500),#8994,.T.);
#9471=ADVANCED_FACE('',(#8501),#8995,.T.);
#9472=ADVANCED_FACE('',(#8502),#8996,.T.);
#9473=ADVANCED_FACE('',(#8503),#8997,.T.);
#9474=ADVANCED_FACE('',(#8504),#8998,.T.);
#9475=ADVANCED_FACE('',(#8505),#8999,.T.);
#9476=ADVANCED_FACE('',(#8506),#9000,.T.);
#9477=ADVANCED_FACE('',(#8507),#9001,.T.);
#9478=ADVANCED_FACE('',(#8508),#9002,.T.);
#9479=ADVANCED_FACE('',(#8509),#9003,.T.);
#9480=ADVANCED_FACE('',(#8510),#9004,.T.);
#9481=ADVANCED_FACE('',(#8511),#9005,.T.);
#9482=ADVANCED_FACE('',(#8512),#9006,.T.);
#9483=ADVANCED_FACE('',(#8513),#9007,.T.);
#9484=ADVANCED_FACE('',(#8514),#9008,.T.);
#9485=ADVANCED_FACE('',(#8515),#9009,.T.);
#9486=ADVANCED_FACE('',(#8516),#9010,.T.);
#9487=ADVANCED_FACE('',(#8517),#9011,.T.);
#9488=ADVANCED_FACE('',(#8518),#9012,.T.);
#9489=ADVANCED_FACE('',(#8519),#9013,.T.);
#9490=ADVANCED_FACE('',(#8520),#9014,.T.);
#9491=ADVANCED_FACE('',(#8521),#9015,.T.);
#9492=ADVANCED_FACE('',(#8522),#9016,.T.);
#9493=ADVANCED_FACE('',(#8523),#9017,.T.);
#9494=ADVANCED_FACE('',(#8524),#9018,.T.);
#9495=ADVANCED_FACE('',(#8525),#9019,.T.);
#9496=ADVANCED_FACE('',(#8526),#9020,.T.);
#9497=ADVANCED_FACE('',(#8527),#9021,.T.);
#9498=ADVANCED_FACE('',(#8528),#9022,.T.);
#9499=ADVANCED_FACE('',(#8529),#9023,.T.);
#9500=ADVANCED_FACE('',(#8530),#9024,.T.);
#9501=ADVANCED_FACE('',(#8531),#9025,.T.);
#9502=ADVANCED_FACE('',(#8532),#9026,.T.);
#9503=ADVANCED_FACE('',(#8533),#9027,.T.);
#9504=ADVANCED_FACE('',(#8534),#9028,.T.);
#9505=ADVANCED_FACE('',(#8535),#9029,.T.);
#9506=ADVANCED_FACE('',(#8536),#9030,.T.);
#9507=ADVANCED_FACE('',(#8537),#9031,.T.);
#9508=ADVANCED_FACE('',(#8538),#9032,.T.);
#9509=ADVANCED_FACE('',(#8539),#9033,.T.);
#9510=ADVANCED_FACE('',(#8540),#9034,.T.);
#9511=ADVANCED_FACE('',(#8541),#9035,.T.);
#9512=ADVANCED_FACE('',(#8542),#9036,.T.);
#9513=ADVANCED_FACE('',(#8543),#9037,.T.);
#9514=ADVANCED_FACE('',(#8544),#9038,.T.);
#9515=ADVANCED_FACE('',(#8545),#9039,.T.);
#9516=ADVANCED_FACE('',(#8546),#9040,.T.);
#9517=ADVANCED_FACE('',(#8547),#9041,.T.);
#9518=ADVANCED_FACE('',(#8548),#9042,.T.);
#9519=ADVANCED_FACE('',(#8549),#9043,.T.);
#9520=ADVANCED_FACE('',(#8550),#9044,.T.);
#9521=ADVANCED_FACE('',(#8551),#9045,.T.);
#9522=ADVANCED_FACE('',(#8552),#9046,.T.);
#9523=ADVANCED_FACE('',(#8553),#9047,.T.);
#9524=ADVANCED_FACE('',(#8554),#9048,.T.);
#9525=ADVANCED_FACE('',(#8555),#9049,.T.);
#9526=ADVANCED_FACE('',(#8556),#9050,.T.);
#9527=ADVANCED_FACE('',(#8557),#9051,.T.);
#9528=ADVANCED_FACE('',(#8558),#9052,.T.);
#9529=ADVANCED_FACE('',(#8559),#9053,.T.);
#9530=ADVANCED_FACE('',(#8560),#9054,.T.);
#9531=ADVANCED_FACE('',(#8561),#9055,.T.);
#9532=ADVANCED_FACE('',(#8562),#9056,.T.);
#9533=ADVANCED_FACE('',(#8563),#9057,.T.);
#9534=ADVANCED_FACE('',(#8564),#9058,.T.);
#9535=ADVANCED_FACE('',(#8565),#9059,.T.);
#9536=ADVANCED_FACE('',(#8566),#9060,.T.);
#9537=ADVANCED_FACE('',(#8567),#9061,.T.);
#9538=ADVANCED_FACE('',(#8568),#9062,.T.);
#9539=ADVANCED_FACE('',(#8569),#9063,.T.);
#9540=ADVANCED_FACE('',(#8570),#9064,.T.);
#9541=ADVANCED_FACE('',(#8571),#9065,.T.);
#9542=ADVANCED_FACE('',(#8572),#9066,.T.);
#9543=ADVANCED_FACE('',(#8573),#9067,.T.);
#9544=ADVANCED_FACE('',(#8574),#9068,.T.);
#9545=ADVANCED_FACE('',(#8575),#9069,.T.);
#9546=ADVANCED_FACE('',(#8576),#9070,.T.);
#9547=ADVANCED_FACE('',(#8577),#9071,.T.);
#9548=ADVANCED_FACE('',(#8578),#9072,.T.);
#9549=ADVANCED_FACE('',(#8579),#9073,.T.);
#9550=ADVANCED_FACE('',(#8580),#9074,.T.);
#9551=ADVANCED_FACE('',(#8581),#9075,.T.);
#9552=ADVANCED_FACE('',(#8582),#9076,.T.);
#9553=ADVANCED_FACE('',(#8583),#9077,.T.);
#9554=ADVANCED_FACE('',(#8584),#9078,.T.);
#9555=ADVANCED_FACE('',(#8585),#9079,.T.);
#9556=ADVANCED_FACE('',(#8586),#9080,.T.);
#9557=ADVANCED_FACE('',(#8587),#9081,.T.);
#9558=ADVANCED_FACE('',(#8588),#9082,.T.);
#9559=ADVANCED_FACE('',(#8589),#9083,.T.);
#9560=ADVANCED_FACE('',(#8590),#9084,.T.);
#9561=ADVANCED_FACE('',(#8591),#9085,.T.);
#9562=ADVANCED_FACE('',(#8592),#9086,.T.);
#9563=ADVANCED_FACE('',(#8593),#9087,.T.);
#9564=ADVANCED_FACE('',(#8594),#9088,.T.);
#9565=ADVANCED_FACE('',(#8595),#9089,.T.);
#9566=ADVANCED_FACE('',(#8596),#9090,.T.);
#9567=ADVANCED_FACE('',(#8597),#9091,.T.);
#9568=ADVANCED_FACE('',(#8598),#9092,.T.);
#9569=ADVANCED_FACE('',(#8599),#9093,.T.);
#9570=ADVANCED_FACE('',(#8600),#9094,.T.);
#9571=ADVANCED_FACE('',(#8601),#9095,.T.);
#9572=ADVANCED_FACE('',(#8602),#9096,.T.);
#9573=ADVANCED_FACE('',(#8603,#8604,#8605,#8606,#8607,#8608,#8609,#8610,
#8611,#8612,#8613),#9097,.T.);
#9574=ADVANCED_FACE('',(#8614,#8615,#8616),#9098,.F.);
#9575=ADVANCED_FACE('',(#8617),#9099,.F.);
#9576=ADVANCED_FACE('',(#8618),#9100,.F.);
#9577=ADVANCED_FACE('',(#8619),#9101,.F.);
#9578=ADVANCED_FACE('',(#8620),#9102,.F.);
#9579=ADVANCED_FACE('',(#8621),#9103,.F.);
#9580=ADVANCED_FACE('',(#8622),#9104,.F.);
#9581=ADVANCED_FACE('',(#8623),#9105,.F.);
#9582=ADVANCED_FACE('',(#8624),#9106,.F.);
#9583=ADVANCED_FACE('',(#8625),#9107,.F.);
#9584=ADVANCED_FACE('',(#8626),#9108,.F.);
#9585=ADVANCED_FACE('',(#8627),#9109,.F.);
#9586=ADVANCED_FACE('',(#8628),#9110,.F.);
#9587=ADVANCED_FACE('',(#8629),#9111,.F.);
#9588=ADVANCED_FACE('',(#8630),#9112,.F.);
#9589=ADVANCED_FACE('',(#8631),#9113,.F.);
#9590=ADVANCED_FACE('',(#8632),#9114,.F.);
#9591=ADVANCED_FACE('',(#8633),#9115,.F.);
#9592=ADVANCED_FACE('',(#8634),#9116,.F.);
#9593=ADVANCED_FACE('',(#8635),#9117,.F.);
#9594=ADVANCED_FACE('',(#8636),#9118,.F.);
#9595=ADVANCED_FACE('',(#8637),#9119,.T.);
#9596=ADVANCED_FACE('',(#8638),#9120,.T.);
#9597=ADVANCED_FACE('',(#8639),#9121,.F.);
#9598=ADVANCED_FACE('',(#8640),#9122,.F.);
#9599=ADVANCED_FACE('',(#8641),#9123,.F.);
#9600=ADVANCED_FACE('',(#8642),#9124,.F.);
#9601=ADVANCED_FACE('',(#8643),#9125,.F.);
#9602=ADVANCED_FACE('',(#8644),#9126,.F.);
#9603=ADVANCED_FACE('',(#8645),#9127,.F.);
#9604=ADVANCED_FACE('',(#8646),#9128,.F.);
#9605=ADVANCED_FACE('',(#8647),#9129,.F.);
#9606=ADVANCED_FACE('',(#8648),#9130,.F.);
#9607=ADVANCED_FACE('',(#8649),#9131,.F.);
#9608=ADVANCED_FACE('',(#8650),#9132,.F.);
#9609=ADVANCED_FACE('',(#8651),#9133,.F.);
#9610=ADVANCED_FACE('',(#8652),#9134,.F.);
#9611=ADVANCED_FACE('',(#8653),#9135,.F.);
#9612=ADVANCED_FACE('',(#8654),#9136,.F.);
#9613=ADVANCED_FACE('',(#8655),#9137,.F.);
#9614=ADVANCED_FACE('',(#8656),#9138,.F.);
#9615=ADVANCED_FACE('',(#8657),#9139,.F.);
#9616=ADVANCED_FACE('',(#8658),#9140,.F.);
#9617=ADVANCED_FACE('',(#8659,#8660),#9141,.T.);
#9618=ADVANCED_FACE('',(#8661),#9142,.F.);
#9619=ADVANCED_FACE('',(#8662),#9143,.F.);
#9620=ADVANCED_FACE('',(#8663),#9144,.F.);
#9621=ADVANCED_FACE('',(#8664),#9145,.F.);
#9622=ADVANCED_FACE('',(#8665),#9146,.F.);
#9623=ADVANCED_FACE('',(#8666),#9147,.F.);
#9624=ADVANCED_FACE('',(#8667),#9148,.F.);
#9625=ADVANCED_FACE('',(#8668),#9149,.F.);
#9626=ADVANCED_FACE('',(#8669),#9150,.F.);
#9627=ADVANCED_FACE('',(#8670),#9151,.F.);
#9628=ADVANCED_FACE('',(#8671),#9152,.F.);
#9629=ADVANCED_FACE('',(#8672),#9153,.F.);
#9630=ADVANCED_FACE('',(#8673),#9154,.F.);
#9631=ADVANCED_FACE('',(#8674),#9155,.F.);
#9632=ADVANCED_FACE('',(#8675),#9156,.F.);
#9633=ADVANCED_FACE('',(#8676),#9157,.F.);
#9634=ADVANCED_FACE('',(#8677),#9158,.F.);
#9635=ADVANCED_FACE('',(#8678),#9159,.F.);
#9636=ADVANCED_FACE('',(#8679),#9160,.F.);
#9637=ADVANCED_FACE('',(#8680),#9161,.F.);
#9638=ADVANCED_FACE('',(#8681),#9162,.F.);
#9639=ADVANCED_FACE('',(#8682),#9163,.F.);
#9640=ADVANCED_FACE('',(#8683),#9164,.F.);
#9641=ADVANCED_FACE('',(#8684),#9165,.F.);
#9642=ADVANCED_FACE('',(#8685),#9166,.F.);
#9643=ADVANCED_FACE('',(#8686),#9167,.F.);
#9644=ADVANCED_FACE('',(#8687),#9168,.F.);
#9645=ADVANCED_FACE('',(#8688),#9169,.F.);
#9646=ADVANCED_FACE('',(#8689),#9170,.F.);
#9647=ADVANCED_FACE('',(#8690),#9171,.F.);
#9648=ADVANCED_FACE('',(#8691),#9172,.F.);
#9649=ADVANCED_FACE('',(#8692),#9173,.F.);
#9650=ADVANCED_FACE('',(#8693),#9174,.F.);
#9651=ADVANCED_FACE('',(#8694),#9175,.F.);
#9652=ADVANCED_FACE('',(#8695),#9176,.F.);
#9653=ADVANCED_FACE('',(#8696),#9177,.F.);
#9654=ADVANCED_FACE('',(#8697),#9178,.F.);
#9655=ADVANCED_FACE('',(#8698),#9179,.F.);
#9656=ADVANCED_FACE('',(#8699),#9180,.F.);
#9657=ADVANCED_FACE('',(#8700),#9181,.F.);
#9658=ADVANCED_FACE('',(#8701,#8702),#9182,.T.);
#9659=ADVANCED_FACE('',(#8703),#9183,.T.);
#9660=ADVANCED_FACE('',(#8704),#9184,.T.);
#9661=ADVANCED_FACE('',(#8705),#9185,.T.);
#9662=ADVANCED_FACE('',(#8706),#9186,.T.);
#9663=ADVANCED_FACE('',(#8707),#9187,.T.);
#9664=ADVANCED_FACE('',(#8708),#9188,.T.);
#9665=ADVANCED_FACE('',(#8709),#9189,.T.);
#9666=ADVANCED_FACE('',(#8710),#9190,.T.);
#9667=ADVANCED_FACE('',(#8711),#9191,.T.);
#9668=ADVANCED_FACE('',(#8712),#9192,.T.);
#9669=ADVANCED_FACE('',(#8713),#9193,.T.);
#9670=ADVANCED_FACE('',(#8714),#9194,.T.);
#9671=ADVANCED_FACE('',(#8715),#9195,.T.);
#9672=ADVANCED_FACE('',(#8716),#9196,.T.);
#9673=ADVANCED_FACE('',(#8717),#9197,.T.);
#9674=ADVANCED_FACE('',(#8718),#9198,.T.);
#9675=ADVANCED_FACE('',(#8719),#9199,.T.);
#9676=ADVANCED_FACE('',(#8720),#9200,.T.);
#9677=ADVANCED_FACE('',(#8721),#9201,.T.);
#9678=ADVANCED_FACE('',(#8722),#9202,.T.);
#9679=ADVANCED_FACE('',(#8723),#9203,.T.);
#9680=ADVANCED_FACE('',(#8724),#9204,.T.);
#9681=ADVANCED_FACE('',(#8725),#9205,.T.);
#9682=ADVANCED_FACE('',(#8726),#9206,.T.);
#9683=ADVANCED_FACE('',(#8727),#9207,.T.);
#9684=ADVANCED_FACE('',(#8728),#9208,.T.);
#9685=ADVANCED_FACE('',(#8729),#9209,.T.);
#9686=ADVANCED_FACE('',(#8730),#9210,.T.);
#9687=ADVANCED_FACE('',(#8731),#9211,.T.);
#9688=ADVANCED_FACE('',(#8732),#9212,.T.);
#9689=ADVANCED_FACE('',(#8733),#9213,.T.);
#9690=ADVANCED_FACE('',(#8734),#9214,.T.);
#9691=ADVANCED_FACE('',(#8735),#9215,.T.);
#9692=ADVANCED_FACE('',(#8736),#9216,.T.);
#9693=ADVANCED_FACE('',(#8737),#9217,.T.);
#9694=ADVANCED_FACE('',(#8738),#9218,.T.);
#9695=ADVANCED_FACE('',(#8739),#9219,.T.);
#9696=ADVANCED_FACE('',(#8740),#9220,.T.);
#9697=ADVANCED_FACE('',(#8741),#9221,.T.);
#9698=ADVANCED_FACE('',(#8742),#9222,.T.);
#9699=ADVANCED_FACE('',(#8743),#9223,.T.);
#9700=ADVANCED_FACE('',(#8744),#9224,.T.);
#9701=ADVANCED_FACE('',(#8745),#9225,.T.);
#9702=ADVANCED_FACE('',(#8746),#9226,.T.);
#9703=ADVANCED_FACE('',(#8747),#9227,.T.);
#9704=ADVANCED_FACE('',(#8748),#9228,.T.);
#9705=ADVANCED_FACE('',(#8749),#9229,.T.);
#9706=ADVANCED_FACE('',(#8750),#9230,.T.);
#9707=ADVANCED_FACE('',(#8751),#9231,.T.);
#9708=ADVANCED_FACE('',(#8752),#9232,.T.);
#9709=ADVANCED_FACE('',(#8753),#9233,.T.);
#9710=ADVANCED_FACE('',(#8754),#9234,.T.);
#9711=ADVANCED_FACE('',(#8755),#9235,.T.);
#9712=ADVANCED_FACE('',(#8756),#9236,.T.);
#9713=ADVANCED_FACE('',(#8757),#9237,.T.);
#9714=ADVANCED_FACE('',(#8758),#9238,.T.);
#9715=ADVANCED_FACE('',(#8759),#9239,.T.);
#9716=ADVANCED_FACE('',(#8760),#9240,.T.);
#9717=ADVANCED_FACE('',(#8761),#9241,.T.);
#9718=ADVANCED_FACE('',(#8762),#9242,.T.);
#9719=ADVANCED_FACE('',(#8763),#9243,.T.);
#9720=ADVANCED_FACE('',(#8764),#9244,.T.);
#9721=ADVANCED_FACE('',(#8765),#9245,.F.);
#9722=ADVANCED_FACE('',(#8766),#9246,.F.);
#9723=ADVANCED_FACE('',(#8767),#9247,.F.);
#9724=ADVANCED_FACE('',(#8768),#9248,.F.);
#9725=ADVANCED_FACE('',(#8769),#9249,.F.);
#9726=ADVANCED_FACE('',(#8770),#9250,.F.);
#9727=ADVANCED_FACE('',(#8771),#9251,.F.);
#9728=ADVANCED_FACE('',(#8772),#9252,.F.);
#9729=ADVANCED_FACE('',(#8773),#9253,.F.);
#9730=ADVANCED_FACE('',(#8774),#9254,.F.);
#9731=ADVANCED_FACE('',(#8775),#9255,.F.);
#9732=ADVANCED_FACE('',(#8776),#9256,.F.);
#9733=ADVANCED_FACE('',(#8777),#9257,.F.);
#9734=ADVANCED_FACE('',(#8778),#9258,.F.);
#9735=ADVANCED_FACE('',(#8779),#9259,.F.);
#9736=ADVANCED_FACE('',(#8780),#9260,.F.);
#9737=ADVANCED_FACE('',(#8781),#9261,.F.);
#9738=ADVANCED_FACE('',(#8782),#9262,.F.);
#9739=ADVANCED_FACE('',(#8783),#9263,.F.);
#9740=ADVANCED_FACE('',(#8784),#9264,.F.);
#9741=ADVANCED_FACE('',(#8785),#9265,.F.);
#9742=ADVANCED_FACE('',(#8786),#9266,.F.);
#9743=ADVANCED_FACE('',(#8787),#9267,.F.);
#9744=ADVANCED_FACE('',(#8788),#9268,.F.);
#9745=ADVANCED_FACE('',(#8789),#9269,.F.);
#9746=ADVANCED_FACE('',(#8790),#9270,.F.);
#9747=ADVANCED_FACE('',(#8791),#9271,.T.);
#9748=ADVANCED_FACE('',(#8792),#9272,.F.);
#9749=ADVANCED_FACE('',(#8793),#9273,.F.);
#9750=ADVANCED_FACE('',(#8794),#9274,.F.);
#9751=ADVANCED_FACE('',(#8795),#9275,.F.);
#9752=ADVANCED_FACE('',(#8796),#9276,.F.);
#9753=ADVANCED_FACE('',(#8797),#9277,.F.);
#9754=ADVANCED_FACE('',(#8798),#9278,.F.);
#9755=ADVANCED_FACE('',(#8799),#9279,.F.);
#9756=ADVANCED_FACE('',(#8800),#9280,.F.);
#9757=ADVANCED_FACE('',(#8801),#9281,.F.);
#9758=ADVANCED_FACE('',(#8802),#9282,.F.);
#9759=ADVANCED_FACE('',(#8803),#9283,.F.);
#9760=ADVANCED_FACE('',(#8804),#9284,.F.);
#9761=ADVANCED_FACE('',(#8805),#9285,.F.);
#9762=ADVANCED_FACE('',(#8806),#9286,.F.);
#9763=ADVANCED_FACE('',(#8807),#9287,.F.);
#9764=ADVANCED_FACE('',(#8808),#9288,.F.);
#9765=ADVANCED_FACE('',(#8809),#9289,.F.);
#9766=ADVANCED_FACE('',(#8810),#9290,.F.);
#9767=ADVANCED_FACE('',(#8811),#9291,.F.);
#9768=ADVANCED_FACE('',(#8812),#9292,.F.);
#9769=ADVANCED_FACE('',(#8813),#9293,.F.);
#9770=ADVANCED_FACE('',(#8814),#9294,.F.);
#9771=ADVANCED_FACE('',(#8815),#9295,.F.);
#9772=ADVANCED_FACE('',(#8816),#9296,.F.);
#9773=ADVANCED_FACE('',(#8817),#9297,.F.);
#9774=ADVANCED_FACE('',(#8818),#9298,.F.);
#9775=ADVANCED_FACE('',(#8819),#9299,.F.);
#9776=ADVANCED_FACE('',(#8820),#9300,.F.);
#9777=ADVANCED_FACE('',(#8821),#9301,.F.);
#9778=ADVANCED_FACE('',(#8822),#9302,.T.);
#9779=ADVANCED_FACE('',(#8823),#9303,.T.);
#9780=ADVANCED_FACE('',(#8824),#9304,.F.);
#9781=ADVANCED_FACE('',(#8825),#9305,.F.);
#9782=ADVANCED_FACE('',(#8826),#9306,.F.);
#9783=ADVANCED_FACE('',(#8827),#9307,.F.);
#9784=ADVANCED_FACE('',(#8828),#9308,.F.);
#9785=ADVANCED_FACE('',(#8829),#9309,.F.);
#9786=ADVANCED_FACE('',(#8830),#9310,.F.);
#9787=ADVANCED_FACE('',(#8831),#9311,.F.);
#9788=ADVANCED_FACE('',(#8832),#9312,.F.);
#9789=ADVANCED_FACE('',(#8833),#9313,.T.);
#9790=ADVANCED_FACE('',(#8834),#9314,.F.);
#9791=ADVANCED_FACE('',(#8835),#9315,.F.);
#9792=ADVANCED_FACE('',(#8836),#9316,.F.);
#9793=ADVANCED_FACE('',(#8837),#9317,.F.);
#9794=ADVANCED_FACE('',(#8838),#9318,.F.);
#9795=ADVANCED_FACE('',(#8839),#9319,.F.);
#9796=ADVANCED_FACE('',(#8840),#9320,.F.);
#9797=ADVANCED_FACE('',(#8841),#9321,.F.);
#9798=ADVANCED_FACE('',(#8842),#9322,.F.);
#9799=ADVANCED_FACE('',(#8843),#9323,.F.);
#9800=ADVANCED_FACE('',(#8844),#9324,.F.);
#9801=ADVANCED_FACE('',(#8845),#9325,.F.);
#9802=ADVANCED_FACE('',(#8846),#9326,.F.);
#9803=ADVANCED_FACE('',(#8847),#9327,.F.);
#9804=ADVANCED_FACE('',(#8848),#9328,.F.);
#9805=ADVANCED_FACE('',(#8849),#9329,.F.);
#9806=ADVANCED_FACE('',(#8850),#9330,.F.);
#9807=ADVANCED_FACE('',(#8851),#9331,.F.);
#9808=ADVANCED_FACE('',(#8852),#9332,.F.);
#9809=ADVANCED_FACE('',(#8853),#9333,.F.);
#9810=ADVANCED_FACE('',(#8854),#9334,.F.);
#9811=ADVANCED_FACE('',(#8855),#9335,.F.);
#9812=ADVANCED_FACE('',(#8856),#9336,.F.);
#9813=ADVANCED_FACE('',(#8857),#9337,.F.);
#9814=ADVANCED_FACE('',(#8858),#9338,.F.);
#9815=ADVANCED_FACE('',(#8859),#9339,.F.);
#9816=ADVANCED_FACE('',(#8860),#9340,.F.);
#9817=ADVANCED_FACE('',(#8861),#9341,.F.);
#9818=ADVANCED_FACE('',(#8862),#9342,.F.);
#9819=ADVANCED_FACE('',(#8863),#9343,.F.);
#9820=ADVANCED_FACE('',(#8864),#9344,.F.);
#9821=ADVANCED_FACE('',(#8865),#9345,.F.);
#9822=ADVANCED_FACE('',(#8866),#9346,.F.);
#9823=ADVANCED_FACE('',(#8867),#9347,.F.);
#9824=ADVANCED_FACE('',(#8868),#9348,.F.);
#9825=ADVANCED_FACE('',(#8869),#9349,.F.);
#9826=ADVANCED_FACE('',(#8870),#9350,.F.);
#9827=ADVANCED_FACE('',(#8871),#9351,.F.);
#9828=ADVANCED_FACE('',(#8872,#8873),#9352,.T.);
#9829=ADVANCED_FACE('',(#8874),#9353,.T.);
#9830=ADVANCED_FACE('',(#8875),#9354,.T.);
#9831=ADVANCED_FACE('',(#8876),#9355,.T.);
#9832=ADVANCED_FACE('',(#8877,#8878),#12,.F.);
#9833=ADVANCED_FACE('',(#8879),#13,.T.);
#9834=CLOSED_SHELL('',(#9356,#9357,#9358,#9359,#9360,#9361,#9362,#9363,
#9364,#9365,#9366,#9367,#9368,#9369,#9370,#9371,#9372,#9373,#9374,#9375,
#9376,#9377,#9378,#9379,#9380,#9381,#9382,#9383,#9384,#9385,#9386,#9387,
#9388,#9389,#9390,#9391,#9392,#9393,#9394,#9395,#9396,#9397,#9398,#9399,
#9400,#9401,#9402,#9403,#9404,#9405,#9406,#9407,#9408,#9409,#9410,#9411,
#9412,#9413,#9414,#9415,#9416,#9417,#9418,#9419,#9420,#9421,#9422,#9423,
#9424,#9425,#9426,#9427,#9428,#9429,#9430,#9431,#9432,#9433,#9434,#9435,
#9436,#9437,#9438,#9439,#9440,#9441,#9442,#9443,#9444,#9445,#9446,#9447,
#9448,#9449,#9450,#9451,#9452,#9453,#9454,#9455,#9456,#9457,#9458,#9459,
#9460,#9461,#9462,#9463,#9464,#9465,#9466,#9467,#9468,#9469,#9470,#9471,
#9472,#9473,#9474,#9475,#9476,#9477,#9478,#9479,#9480,#9481,#9482,#9483,
#9484,#9485,#9486,#9487,#9488,#9489,#9490,#9491,#9492,#9493,#9494,#9495,
#9496,#9497,#9498,#9499,#9500,#9501,#9502,#9503,#9504,#9505,#9506,#9507,
#9508,#9509,#9510,#9511,#9512,#9513,#9514,#9515,#9516,#9517,#9518,#9519,
#9520,#9521,#9522,#9523,#9524,#9525,#9526,#9527,#9528,#9529,#9530,#9531,
#9532,#9533,#9534,#9535,#9536,#9537,#9538,#9539,#9540,#9541,#9542,#9543,
#9544,#9545,#9546,#9547,#9548,#9549,#9550,#9551,#9552,#9553,#9554,#9555,
#9556,#9557,#9558,#9559,#9560,#9561,#9562,#9563,#9564,#9565,#9566,#9567,
#9568,#9569,#9570,#9571,#9572,#9573,#9574,#9575,#9576,#9577,#9578,#9579,
#9580,#9581,#9582,#9583,#9584,#9585,#9586,#9587,#9588,#9589,#9590,#9591,
#9592,#9593,#9594,#9595,#9596,#9597,#9598,#9599,#9600,#9601,#9602,#9603,
#9604,#9605,#9606,#9607,#9608,#9609,#9610,#9611,#9612,#9613,#9614,#9615,
#9616,#9617,#9618,#9619,#9620,#9621,#9622,#9623,#9624,#9625,#9626,#9627,
#9628,#9629,#9630,#9631,#9632,#9633,#9634,#9635,#9636,#9637,#9638,#9639,
#9640,#9641,#9642,#9643,#9644,#9645,#9646,#9647,#9648,#9649,#9650,#9651,
#9652,#9653,#9654,#9655,#9656,#9657,#9658,#9659,#9660,#9661,#9662,#9663,
#9664,#9665,#9666,#9667,#9668,#9669,#9670,#9671,#9672,#9673,#9674,#9675,
#9676,#9677,#9678,#9679,#9680,#9681,#9682,#9683,#9684,#9685,#9686,#9687,
#9688,#9689,#9690,#9691,#9692,#9693,#9694,#9695,#9696,#9697,#9698,#9699,
#9700,#9701,#9702,#9703,#9704,#9705,#9706,#9707,#9708,#9709,#9710,#9711,
#9712,#9713,#9714,#9715,#9716,#9717,#9718,#9719,#9720,#9721,#9722,#9723,
#9724,#9725,#9726,#9727,#9728,#9729,#9730,#9731,#9732,#9733,#9734,#9735,
#9736,#9737,#9738,#9739,#9740,#9741,#9742,#9743,#9744,#9745,#9746,#9747,
#9748,#9749,#9750,#9751,#9752,#9753,#9754,#9755,#9756,#9757,#9758,#9759,
#9760,#9761,#9762,#9763,#9764,#9765,#9766,#9767,#9768,#9769,#9770,#9771,
#9772,#9773,#9774,#9775,#9776,#9777,#9778,#9779,#9780,#9781,#9782,#9783,
#9784,#9785,#9786,#9787,#9788,#9789,#9790,#9791,#9792,#9793,#9794,#9795,
#9796,#9797,#9798,#9799,#9800,#9801,#9802,#9803,#9804,#9805,#9806,#9807,
#9808,#9809,#9810,#9811,#9812,#9813,#9814,#9815,#9816,#9817,#9818,#9819,
#9820,#9821,#9822,#9823,#9824,#9825,#9826,#9827,#9828,#9829,#9830,#9831,
#9832,#9833));
#9835=STYLED_ITEM('',(#9836),#9843);
#9836=PRESENTATION_STYLE_ASSIGNMENT((#9837));
#9837=SURFACE_STYLE_USAGE(.BOTH.,#9838);
#9838=SURFACE_SIDE_STYLE('',(#9839));
#9839=SURFACE_STYLE_FILL_AREA(#9840);
#9840=FILL_AREA_STYLE('',(#9841));
#9841=FILL_AREA_STYLE_COLOUR('',#9842);
#9842=COLOUR_RGB('',0.615686274509804,0.811764705882353,0.929411764705882);
#9843=MANIFOLD_SOLID_BREP('Part 1',#9834);
#9844=SHAPE_DEFINITION_REPRESENTATION(#15500,#9845);
#9845=SHAPE_REPRESENTATION('Part 1',(#9846),#15495);
#9846=AXIS2_PLACEMENT_3D('',#12677,#10329,#10330);
#9847=AXIS2_PLACEMENT_3D('',#12678,#10331,#10332);
#9848=AXIS2_PLACEMENT_3D('',#12693,#10335,#10336);
#9849=AXIS2_PLACEMENT_3D('',#12699,#10340,#10341);
#9850=AXIS2_PLACEMENT_3D('',#12711,#10345,#10346);
#9851=AXIS2_PLACEMENT_3D('',#12717,#10350,#10351);
#9852=AXIS2_PLACEMENT_3D('',#12726,#10354,#10355);
#9853=AXIS2_PLACEMENT_3D('',#12732,#10359,#10360);
#9854=AXIS2_PLACEMENT_3D('',#12741,#10365,#10366);
#9855=AXIS2_PLACEMENT_3D('',#12750,#10371,#10372);
#9856=AXIS2_PLACEMENT_3D('',#12756,#10376,#10377);
#9857=AXIS2_PLACEMENT_3D('',#12762,#10381,#10382);
#9858=AXIS2_PLACEMENT_3D('',#12768,#10386,#10387);
#9859=AXIS2_PLACEMENT_3D('',#12774,#10391,#10392);
#9860=AXIS2_PLACEMENT_3D('',#12780,#10396,#10397);
#9861=AXIS2_PLACEMENT_3D('',#12786,#10401,#10402);
#9862=AXIS2_PLACEMENT_3D('',#12792,#10406,#10407);
#9863=AXIS2_PLACEMENT_3D('',#12798,#10411,#10412);
#9864=AXIS2_PLACEMENT_3D('',#12804,#10416,#10417);
#9865=AXIS2_PLACEMENT_3D('',#12810,#10421,#10422);
#9866=AXIS2_PLACEMENT_3D('',#12816,#10426,#10427);
#9867=AXIS2_PLACEMENT_3D('',#12822,#10431,#10432);
#9868=AXIS2_PLACEMENT_3D('',#12828,#10436,#10437);
#9869=AXIS2_PLACEMENT_3D('',#12834,#10441,#10442);
#9870=AXIS2_PLACEMENT_3D('',#12840,#10446,#10447);
#9871=AXIS2_PLACEMENT_3D('',#12846,#10451,#10452);
#9872=AXIS2_PLACEMENT_3D('',#12852,#10456,#10457);
#9873=AXIS2_PLACEMENT_3D('',#12858,#10461,#10462);
#9874=AXIS2_PLACEMENT_3D('',#12864,#10466,#10467);
#9875=AXIS2_PLACEMENT_3D('',#12870,#10471,#10472);
#9876=AXIS2_PLACEMENT_3D('',#12876,#10476,#10477);
#9877=AXIS2_PLACEMENT_3D('',#12882,#10481,#10482);
#9878=AXIS2_PLACEMENT_3D('',#12888,#10486,#10487);
#9879=AXIS2_PLACEMENT_3D('',#12894,#10491,#10492);
#9880=AXIS2_PLACEMENT_3D('',#12900,#10496,#10497);
#9881=AXIS2_PLACEMENT_3D('',#12906,#10501,#10502);
#9882=AXIS2_PLACEMENT_3D('',#12912,#10506,#10507);
#9883=AXIS2_PLACEMENT_3D('',#12918,#10511,#10512);
#9884=AXIS2_PLACEMENT_3D('',#12924,#10516,#10517);
#9885=AXIS2_PLACEMENT_3D('',#12930,#10521,#10522);
#9886=AXIS2_PLACEMENT_3D('',#12936,#10526,#10527);
#9887=AXIS2_PLACEMENT_3D('',#12942,#10531,#10532);
#9888=AXIS2_PLACEMENT_3D('',#12948,#10536,#10537);
#9889=AXIS2_PLACEMENT_3D('',#12954,#10541,#10542);
#9890=AXIS2_PLACEMENT_3D('',#12960,#10546,#10547);
#9891=AXIS2_PLACEMENT_3D('',#12966,#10551,#10552);
#9892=AXIS2_PLACEMENT_3D('',#12972,#10556,#10557);
#9893=AXIS2_PLACEMENT_3D('',#12978,#10561,#10562);
#9894=AXIS2_PLACEMENT_3D('',#12984,#10566,#10567);
#9895=AXIS2_PLACEMENT_3D('',#12990,#10571,#10572);
#9896=AXIS2_PLACEMENT_3D('',#12996,#10576,#10577);
#9897=AXIS2_PLACEMENT_3D('',#13002,#10581,#10582);
#9898=AXIS2_PLACEMENT_3D('',#13008,#10586,#10587);
#9899=AXIS2_PLACEMENT_3D('',#13014,#10591,#10592);
#9900=AXIS2_PLACEMENT_3D('',#13020,#10596,#10597);
#9901=AXIS2_PLACEMENT_3D('',#13026,#10601,#10602);
#9902=AXIS2_PLACEMENT_3D('',#13032,#10606,#10607);
#9903=AXIS2_PLACEMENT_3D('',#13038,#10611,#10612);
#9904=AXIS2_PLACEMENT_3D('',#13044,#10616,#10617);
#9905=AXIS2_PLACEMENT_3D('',#13050,#10621,#10622);
#9906=AXIS2_PLACEMENT_3D('',#13056,#10626,#10627);
#9907=AXIS2_PLACEMENT_3D('',#13062,#10631,#10632);
#9908=AXIS2_PLACEMENT_3D('',#13068,#10636,#10637);
#9909=AXIS2_PLACEMENT_3D('',#13074,#10641,#10642);
#9910=AXIS2_PLACEMENT_3D('',#13080,#10646,#10647);
#9911=AXIS2_PLACEMENT_3D('',#13086,#10651,#10652);
#9912=AXIS2_PLACEMENT_3D('',#13092,#10656,#10657);
#9913=AXIS2_PLACEMENT_3D('',#13098,#10661,#10662);
#9914=AXIS2_PLACEMENT_3D('',#13104,#10666,#10667);
#9915=AXIS2_PLACEMENT_3D('',#13113,#10672,#10673);
#9916=AXIS2_PLACEMENT_3D('',#13119,#10677,#10678);
#9917=AXIS2_PLACEMENT_3D('',#13125,#10682,#10683);
#9918=AXIS2_PLACEMENT_3D('',#13131,#10687,#10688);
#9919=AXIS2_PLACEMENT_3D('',#13137,#10692,#10693);
#9920=AXIS2_PLACEMENT_3D('',#13143,#10697,#10698);
#9921=AXIS2_PLACEMENT_3D('',#13149,#10702,#10703);
#9922=AXIS2_PLACEMENT_3D('',#13155,#10707,#10708);
#9923=AXIS2_PLACEMENT_3D('',#13161,#10712,#10713);
#9924=AXIS2_PLACEMENT_3D('',#13167,#10717,#10718);
#9925=AXIS2_PLACEMENT_3D('',#13173,#10722,#10723);
#9926=AXIS2_PLACEMENT_3D('',#13179,#10727,#10728);
#9927=AXIS2_PLACEMENT_3D('',#13185,#10732,#10733);
#9928=AXIS2_PLACEMENT_3D('',#13191,#10737,#10738);
#9929=AXIS2_PLACEMENT_3D('',#13197,#10742,#10743);
#9930=AXIS2_PLACEMENT_3D('',#13203,#10747,#10748);
#9931=AXIS2_PLACEMENT_3D('',#13209,#10752,#10753);
#9932=AXIS2_PLACEMENT_3D('',#13215,#10757,#10758);
#9933=AXIS2_PLACEMENT_3D('',#13221,#10762,#10763);
#9934=AXIS2_PLACEMENT_3D('',#13227,#10767,#10768);
#9935=AXIS2_PLACEMENT_3D('',#13233,#10772,#10773);
#9936=AXIS2_PLACEMENT_3D('',#13239,#10777,#10778);
#9937=AXIS2_PLACEMENT_3D('',#13245,#10782,#10783);
#9938=AXIS2_PLACEMENT_3D('',#13251,#10787,#10788);
#9939=AXIS2_PLACEMENT_3D('',#13257,#10792,#10793);
#9940=AXIS2_PLACEMENT_3D('',#13263,#10797,#10798);
#9941=AXIS2_PLACEMENT_3D('',#13269,#10802,#10803);
#9942=AXIS2_PLACEMENT_3D('',#13275,#10807,#10808);
#9943=AXIS2_PLACEMENT_3D('',#13281,#10812,#10813);
#9944=AXIS2_PLACEMENT_3D('',#13287,#10817,#10818);
#9945=AXIS2_PLACEMENT_3D('',#13293,#10822,#10823);
#9946=AXIS2_PLACEMENT_3D('',#13299,#10827,#10828);
#9947=AXIS2_PLACEMENT_3D('',#13305,#10832,#10833);
#9948=AXIS2_PLACEMENT_3D('',#13311,#10837,#10838);
#9949=AXIS2_PLACEMENT_3D('',#13317,#10842,#10843);
#9950=AXIS2_PLACEMENT_3D('',#13323,#10847,#10848);
#9951=AXIS2_PLACEMENT_3D('',#13329,#10852,#10853);
#9952=AXIS2_PLACEMENT_3D('',#13335,#10857,#10858);
#9953=AXIS2_PLACEMENT_3D('',#13341,#10862,#10863);
#9954=AXIS2_PLACEMENT_3D('',#13347,#10867,#10868);
#9955=AXIS2_PLACEMENT_3D('',#13353,#10872,#10873);
#9956=AXIS2_PLACEMENT_3D('',#13359,#10877,#10878);
#9957=AXIS2_PLACEMENT_3D('',#13365,#10882,#10883);
#9958=AXIS2_PLACEMENT_3D('',#13371,#10887,#10888);
#9959=AXIS2_PLACEMENT_3D('',#13377,#10892,#10893);
#9960=AXIS2_PLACEMENT_3D('',#13383,#10897,#10898);
#9961=AXIS2_PLACEMENT_3D('',#13389,#10902,#10903);
#9962=AXIS2_PLACEMENT_3D('',#13395,#10907,#10908);
#9963=AXIS2_PLACEMENT_3D('',#13401,#10912,#10913);
#9964=AXIS2_PLACEMENT_3D('',#13407,#10917,#10918);
#9965=AXIS2_PLACEMENT_3D('',#13413,#10922,#10923);
#9966=AXIS2_PLACEMENT_3D('',#13419,#10927,#10928);
#9967=AXIS2_PLACEMENT_3D('',#13425,#10932,#10933);
#9968=AXIS2_PLACEMENT_3D('',#13431,#10937,#10938);
#9969=AXIS2_PLACEMENT_3D('',#13437,#10942,#10943);
#9970=AXIS2_PLACEMENT_3D('',#13443,#10947,#10948);
#9971=AXIS2_PLACEMENT_3D('',#13449,#10952,#10953);
#9972=AXIS2_PLACEMENT_3D('',#13455,#10957,#10958);
#9973=AXIS2_PLACEMENT_3D('',#13461,#10962,#10963);
#9974=AXIS2_PLACEMENT_3D('',#13467,#10967,#10968);
#9975=AXIS2_PLACEMENT_3D('',#13473,#10972,#10973);
#9976=AXIS2_PLACEMENT_3D('',#13479,#10977,#10978);
#9977=AXIS2_PLACEMENT_3D('',#13485,#10982,#10983);
#9978=AXIS2_PLACEMENT_3D('',#13491,#10987,#10988);
#9979=AXIS2_PLACEMENT_3D('',#13497,#10992,#10993);
#9980=AXIS2_PLACEMENT_3D('',#13503,#10997,#10998);
#9981=AXIS2_PLACEMENT_3D('',#13509,#11002,#11003);
#9982=AXIS2_PLACEMENT_3D('',#13515,#11007,#11008);
#9983=AXIS2_PLACEMENT_3D('',#13521,#11012,#11013);
#9984=AXIS2_PLACEMENT_3D('',#13527,#11017,#11018);
#9985=AXIS2_PLACEMENT_3D('',#13533,#11022,#11023);
#9986=AXIS2_PLACEMENT_3D('',#13539,#11027,#11028);
#9987=AXIS2_PLACEMENT_3D('',#13545,#11032,#11033);
#9988=AXIS2_PLACEMENT_3D('',#13551,#11037,#11038);
#9989=AXIS2_PLACEMENT_3D('',#13557,#11042,#11043);
#9990=AXIS2_PLACEMENT_3D('',#13563,#11047,#11048);
#9991=AXIS2_PLACEMENT_3D('',#13569,#11052,#11053);
#9992=AXIS2_PLACEMENT_3D('',#13575,#11057,#11058);
#9993=AXIS2_PLACEMENT_3D('',#13581,#11062,#11063);
#9994=AXIS2_PLACEMENT_3D('',#13587,#11067,#11068);
#9995=AXIS2_PLACEMENT_3D('',#13593,#11072,#11073);
#9996=AXIS2_PLACEMENT_3D('',#13599,#11077,#11078);
#9997=AXIS2_PLACEMENT_3D('',#13605,#11082,#11083);
#9998=AXIS2_PLACEMENT_3D('',#13611,#11087,#11088);
#9999=AXIS2_PLACEMENT_3D('',#13617,#11092,#11093);
#10000=AXIS2_PLACEMENT_3D('',#13623,#11097,#11098);
#10001=AXIS2_PLACEMENT_3D('',#13629,#11102,#11103);
#10002=AXIS2_PLACEMENT_3D('',#13635,#11107,#11108);
#10003=AXIS2_PLACEMENT_3D('',#13641,#11112,#11113);
#10004=AXIS2_PLACEMENT_3D('',#13647,#11117,#11118);
#10005=AXIS2_PLACEMENT_3D('',#13653,#11122,#11123);
#10006=AXIS2_PLACEMENT_3D('',#13659,#11127,#11128);
#10007=AXIS2_PLACEMENT_3D('',#13665,#11132,#11133);
#10008=AXIS2_PLACEMENT_3D('',#13671,#11137,#11138);
#10009=AXIS2_PLACEMENT_3D('',#13677,#11142,#11143);
#10010=AXIS2_PLACEMENT_3D('',#13683,#11147,#11148);
#10011=AXIS2_PLACEMENT_3D('',#13689,#11152,#11153);
#10012=AXIS2_PLACEMENT_3D('',#13695,#11157,#11158);
#10013=AXIS2_PLACEMENT_3D('',#13701,#11162,#11163);
#10014=AXIS2_PLACEMENT_3D('',#13707,#11167,#11168);
#10015=AXIS2_PLACEMENT_3D('',#13713,#11172,#11173);
#10016=AXIS2_PLACEMENT_3D('',#13719,#11177,#11178);
#10017=AXIS2_PLACEMENT_3D('',#13725,#11182,#11183);
#10018=AXIS2_PLACEMENT_3D('',#13731,#11187,#11188);
#10019=AXIS2_PLACEMENT_3D('',#13737,#11192,#11193);
#10020=AXIS2_PLACEMENT_3D('',#13743,#11197,#11198);
#10021=AXIS2_PLACEMENT_3D('',#13749,#11202,#11203);
#10022=AXIS2_PLACEMENT_3D('',#13755,#11207,#11208);
#10023=AXIS2_PLACEMENT_3D('',#13761,#11212,#11213);
#10024=AXIS2_PLACEMENT_3D('',#13767,#11217,#11218);
#10025=AXIS2_PLACEMENT_3D('',#13773,#11222,#11223);
#10026=AXIS2_PLACEMENT_3D('',#13779,#11227,#11228);
#10027=AXIS2_PLACEMENT_3D('',#13785,#11232,#11233);
#10028=AXIS2_PLACEMENT_3D('',#13791,#11237,#11238);
#10029=AXIS2_PLACEMENT_3D('',#13797,#11242,#11243);
#10030=AXIS2_PLACEMENT_3D('',#13803,#11247,#11248);
#10031=AXIS2_PLACEMENT_3D('',#13809,#11252,#11253);
#10032=AXIS2_PLACEMENT_3D('',#13815,#11257,#11258);
#10033=AXIS2_PLACEMENT_3D('',#13821,#11262,#11263);
#10034=AXIS2_PLACEMENT_3D('',#13827,#11267,#11268);
#10035=AXIS2_PLACEMENT_3D('',#13833,#11272,#11273);
#10036=AXIS2_PLACEMENT_3D('',#13839,#11277,#11278);
#10037=AXIS2_PLACEMENT_3D('',#13845,#11282,#11283);
#10038=AXIS2_PLACEMENT_3D('',#13851,#11287,#11288);
#10039=AXIS2_PLACEMENT_3D('',#13857,#11292,#11293);
#10040=AXIS2_PLACEMENT_3D('',#13863,#11297,#11298);
#10041=AXIS2_PLACEMENT_3D('',#13869,#11302,#11303);
#10042=AXIS2_PLACEMENT_3D('',#13875,#11307,#11308);
#10043=AXIS2_PLACEMENT_3D('',#13881,#11312,#11313);
#10044=AXIS2_PLACEMENT_3D('',#13887,#11317,#11318);
#10045=AXIS2_PLACEMENT_3D('',#13893,#11322,#11323);
#10046=AXIS2_PLACEMENT_3D('',#13899,#11327,#11328);
#10047=AXIS2_PLACEMENT_3D('',#13905,#11332,#11333);
#10048=AXIS2_PLACEMENT_3D('',#13911,#11337,#11338);
#10049=AXIS2_PLACEMENT_3D('',#13917,#11342,#11343);
#10050=AXIS2_PLACEMENT_3D('',#13923,#11347,#11348);
#10051=AXIS2_PLACEMENT_3D('',#13929,#11352,#11353);
#10052=AXIS2_PLACEMENT_3D('',#13935,#11357,#11358);
#10053=AXIS2_PLACEMENT_3D('',#13941,#11362,#11363);
#10054=AXIS2_PLACEMENT_3D('',#13947,#11367,#11368);
#10055=AXIS2_PLACEMENT_3D('',#13953,#11372,#11373);
#10056=AXIS2_PLACEMENT_3D('',#13959,#11377,#11378);
#10057=AXIS2_PLACEMENT_3D('',#13965,#11382,#11383);
#10058=AXIS2_PLACEMENT_3D('',#13971,#11387,#11388);
#10059=AXIS2_PLACEMENT_3D('',#13977,#11392,#11393);
#10060=AXIS2_PLACEMENT_3D('',#13983,#11397,#11398);
#10061=AXIS2_PLACEMENT_3D('',#13989,#11402,#11403);
#10062=AXIS2_PLACEMENT_3D('',#13995,#11407,#11408);
#10063=AXIS2_PLACEMENT_3D('',#14001,#11412,#11413);
#10064=AXIS2_PLACEMENT_3D('',#14004,#11416,#11417);
#10065=AXIS2_PLACEMENT_3D('',#14005,#11418,#11419);
#10066=AXIS2_PLACEMENT_3D('',#14007,#11420,#11421);
#10067=AXIS2_PLACEMENT_3D('',#14391,#11614,#11615);
#10068=AXIS2_PLACEMENT_3D('',#14392,#11616,#11617);
#10069=AXIS2_PLACEMENT_3D('',#14394,#11618,#11619);
#10070=AXIS2_PLACEMENT_3D('',#14398,#11622,#11623);
#10071=AXIS2_PLACEMENT_3D('',#14407,#11628,#11629);
#10072=AXIS2_PLACEMENT_3D('',#14413,#11633,#11634);
#10073=AXIS2_PLACEMENT_3D('',#14419,#11638,#11639);
#10074=AXIS2_PLACEMENT_3D('',#14425,#11643,#11644);
#10075=AXIS2_PLACEMENT_3D('',#14431,#11648,#11649);
#10076=AXIS2_PLACEMENT_3D('',#14437,#11653,#11654);
#10077=AXIS2_PLACEMENT_3D('',#14443,#11658,#11659);
#10078=AXIS2_PLACEMENT_3D('',#14449,#11663,#11664);
#10079=AXIS2_PLACEMENT_3D('',#14455,#11668,#11669);
#10080=AXIS2_PLACEMENT_3D('',#14461,#11673,#11674);
#10081=AXIS2_PLACEMENT_3D('',#14467,#11678,#11679);
#10082=AXIS2_PLACEMENT_3D('',#14473,#11683,#11684);
#10083=AXIS2_PLACEMENT_3D('',#14479,#11688,#11689);
#10084=AXIS2_PLACEMENT_3D('',#14485,#11693,#11694);
#10085=AXIS2_PLACEMENT_3D('',#14491,#11698,#11699);
#10086=AXIS2_PLACEMENT_3D('',#14497,#11703,#11704);
#10087=AXIS2_PLACEMENT_3D('',#14503,#11708,#11709);
#10088=AXIS2_PLACEMENT_3D('',#14509,#11713,#11714);
#10089=AXIS2_PLACEMENT_3D('',#14515,#11718,#11719);
#10090=AXIS2_PLACEMENT_3D('',#14522,#11721,#11722);
#10091=AXIS2_PLACEMENT_3D('',#14529,#11724,#11725);
#10092=AXIS2_PLACEMENT_3D('',#14533,#11728,#11729);
#10093=AXIS2_PLACEMENT_3D('',#14537,#11732,#11733);
#10094=AXIS2_PLACEMENT_3D('',#14541,#11736,#11737);
#10095=AXIS2_PLACEMENT_3D('',#14545,#11740,#11741);
#10096=AXIS2_PLACEMENT_3D('',#14549,#11744,#11745);
#10097=AXIS2_PLACEMENT_3D('',#14553,#11748,#11749);
#10098=AXIS2_PLACEMENT_3D('',#14557,#11752,#11753);
#10099=AXIS2_PLACEMENT_3D('',#14561,#11756,#11757);
#10100=AXIS2_PLACEMENT_3D('',#14565,#11760,#11761);
#10101=AXIS2_PLACEMENT_3D('',#14569,#11764,#11765);
#10102=AXIS2_PLACEMENT_3D('',#14573,#11768,#11769);
#10103=AXIS2_PLACEMENT_3D('',#14577,#11772,#11773);
#10104=AXIS2_PLACEMENT_3D('',#14581,#11776,#11777);
#10105=AXIS2_PLACEMENT_3D('',#14585,#11780,#11781);
#10106=AXIS2_PLACEMENT_3D('',#14589,#11784,#11785);
#10107=AXIS2_PLACEMENT_3D('',#14593,#11788,#11789);
#10108=AXIS2_PLACEMENT_3D('',#14597,#11792,#11793);
#10109=AXIS2_PLACEMENT_3D('',#14601,#11796,#11797);
#10110=AXIS2_PLACEMENT_3D('',#14605,#11800,#11801);
#10111=AXIS2_PLACEMENT_3D('',#14607,#11803,#11804);
#10112=AXIS2_PLACEMENT_3D('',#14610,#11807,#11808);
#10113=AXIS2_PLACEMENT_3D('',#14611,#11809,#11810);
#10114=AXIS2_PLACEMENT_3D('',#14617,#11814,#11815);
#10115=AXIS2_PLACEMENT_3D('',#14623,#11819,#11820);
#10116=AXIS2_PLACEMENT_3D('',#14627,#11823,#11824);
#10117=AXIS2_PLACEMENT_3D('',#14631,#11827,#11828);
#10118=AXIS2_PLACEMENT_3D('',#14635,#11831,#11832);
#10119=AXIS2_PLACEMENT_3D('',#14639,#11835,#11836);
#10120=AXIS2_PLACEMENT_3D('',#14643,#11839,#11840);
#10121=AXIS2_PLACEMENT_3D('',#14647,#11843,#11844);
#10122=AXIS2_PLACEMENT_3D('',#14651,#11847,#11848);
#10123=AXIS2_PLACEMENT_3D('',#14655,#11851,#11852);
#10124=AXIS2_PLACEMENT_3D('',#14659,#11855,#11856);
#10125=AXIS2_PLACEMENT_3D('',#14663,#11859,#11860);
#10126=AXIS2_PLACEMENT_3D('',#14667,#11863,#11864);
#10127=AXIS2_PLACEMENT_3D('',#14671,#11867,#11868);
#10128=AXIS2_PLACEMENT_3D('',#14675,#11871,#11872);
#10129=AXIS2_PLACEMENT_3D('',#14679,#11875,#11876);
#10130=AXIS2_PLACEMENT_3D('',#14683,#11879,#11880);
#10131=AXIS2_PLACEMENT_3D('',#14687,#11883,#11884);
#10132=AXIS2_PLACEMENT_3D('',#14691,#11887,#11888);
#10133=AXIS2_PLACEMENT_3D('',#14693,#11890,#11891);
#10134=AXIS2_PLACEMENT_3D('',#14697,#11894,#11895);
#10135=AXIS2_PLACEMENT_3D('',#14701,#11898,#11899);
#10136=AXIS2_PLACEMENT_3D('',#14710,#11904,#11905);
#10137=AXIS2_PLACEMENT_3D('',#14713,#11908,#11909);
#10138=AXIS2_PLACEMENT_3D('',#14719,#11913,#11914);
#10139=AXIS2_PLACEMENT_3D('',#14725,#11918,#11919);
#10140=AXIS2_PLACEMENT_3D('',#14731,#11923,#11924);
#10141=AXIS2_PLACEMENT_3D('',#14737,#11928,#11929);
#10142=AXIS2_PLACEMENT_3D('',#14743,#11933,#11934);
#10143=AXIS2_PLACEMENT_3D('',#14749,#11938,#11939);
#10144=AXIS2_PLACEMENT_3D('',#14755,#11943,#11944);
#10145=AXIS2_PLACEMENT_3D('',#14761,#11948,#11949);
#10146=AXIS2_PLACEMENT_3D('',#14767,#11953,#11954);
#10147=AXIS2_PLACEMENT_3D('',#14773,#11958,#11959);
#10148=AXIS2_PLACEMENT_3D('',#14779,#11963,#11964);
#10149=AXIS2_PLACEMENT_3D('',#14785,#11968,#11969);
#10150=AXIS2_PLACEMENT_3D('',#14791,#11973,#11974);
#10151=AXIS2_PLACEMENT_3D('',#14797,#11978,#11979);
#10152=AXIS2_PLACEMENT_3D('',#14800,#11982,#11983);
#10153=AXIS2_PLACEMENT_3D('',#14802,#11985,#11986);
#10154=AXIS2_PLACEMENT_3D('',#14803,#11987,#11988);
#10155=AXIS2_PLACEMENT_3D('',#14836,#12005,#12006);
#10156=AXIS2_PLACEMENT_3D('',#14839,#12009,#12010);
#10157=AXIS2_PLACEMENT_3D('',#14841,#12012,#12013);
#10158=AXIS2_PLACEMENT_3D('',#14843,#12015,#12016);
#10159=AXIS2_PLACEMENT_3D('',#14845,#12018,#12019);
#10160=AXIS2_PLACEMENT_3D('',#14847,#12021,#12022);
#10161=AXIS2_PLACEMENT_3D('',#14849,#12024,#12025);
#10162=AXIS2_PLACEMENT_3D('',#14851,#12027,#12028);
#10163=AXIS2_PLACEMENT_3D('',#14853,#12030,#12031);
#10164=AXIS2_PLACEMENT_3D('',#14855,#12033,#12034);
#10165=AXIS2_PLACEMENT_3D('',#14857,#12036,#12037);
#10166=AXIS2_PLACEMENT_3D('',#14859,#12039,#12040);
#10167=AXIS2_PLACEMENT_3D('',#14861,#12042,#12043);
#10168=AXIS2_PLACEMENT_3D('',#14863,#12045,#12046);
#10169=AXIS2_PLACEMENT_3D('',#14865,#12048,#12049);
#10170=AXIS2_PLACEMENT_3D('',#14867,#12051,#12052);
#10171=AXIS2_PLACEMENT_3D('',#14868,#12053,#12054);
#10172=AXIS2_PLACEMENT_3D('',#14921,#12081,#12082);
#10173=AXIS2_PLACEMENT_3D('',#14924,#12085,#12086);
#10174=AXIS2_PLACEMENT_3D('',#14926,#12088,#12089);
#10175=AXIS2_PLACEMENT_3D('',#14928,#12091,#12092);
#10176=AXIS2_PLACEMENT_3D('',#14931,#12095,#12096);
#10177=AXIS2_PLACEMENT_3D('',#14933,#12098,#12099);
#10178=AXIS2_PLACEMENT_3D('',#14935,#12101,#12102);
#10179=AXIS2_PLACEMENT_3D('',#14937,#12104,#12105);
#10180=AXIS2_PLACEMENT_3D('',#14939,#12107,#12108);
#10181=AXIS2_PLACEMENT_3D('',#14941,#12110,#12111);
#10182=AXIS2_PLACEMENT_3D('',#14943,#12113,#12114);
#10183=AXIS2_PLACEMENT_3D('',#14946,#12117,#12118);
#10184=AXIS2_PLACEMENT_3D('',#14948,#12120,#12121);
#10185=AXIS2_PLACEMENT_3D('',#14950,#12123,#12124);
#10186=AXIS2_PLACEMENT_3D('',#14952,#12126,#12127);
#10187=AXIS2_PLACEMENT_3D('',#14955,#12130,#12131);
#10188=AXIS2_PLACEMENT_3D('',#14957,#12133,#12134);
#10189=AXIS2_PLACEMENT_3D('',#14959,#12136,#12137);
#10190=AXIS2_PLACEMENT_3D('',#14961,#12139,#12140);
#10191=AXIS2_PLACEMENT_3D('',#14962,#12141,#12142);
#10192=AXIS2_PLACEMENT_3D('',#14964,#12144,#12145);
#10193=AXIS2_PLACEMENT_3D('',#14966,#12147,#12148);
#10194=AXIS2_PLACEMENT_3D('',#14967,#12149,#12150);
#10195=AXIS2_PLACEMENT_3D('',#14969,#12152,#12153);
#10196=AXIS2_PLACEMENT_3D('',#14970,#12154,#12155);
#10197=AXIS2_PLACEMENT_3D('',#14972,#12157,#12158);
#10198=AXIS2_PLACEMENT_3D('',#14973,#12159,#12160);
#10199=AXIS2_PLACEMENT_3D('',#15006,#12177,#12178);
#10200=AXIS2_PLACEMENT_3D('',#15009,#12181,#12182);
#10201=AXIS2_PLACEMENT_3D('',#15011,#12184,#12185);
#10202=AXIS2_PLACEMENT_3D('',#15013,#12187,#12188);
#10203=AXIS2_PLACEMENT_3D('',#15015,#12190,#12191);
#10204=AXIS2_PLACEMENT_3D('',#15017,#12193,#12194);
#10205=AXIS2_PLACEMENT_3D('',#15019,#12196,#12197);
#10206=AXIS2_PLACEMENT_3D('',#15021,#12199,#12200);
#10207=AXIS2_PLACEMENT_3D('',#15023,#12202,#12203);
#10208=AXIS2_PLACEMENT_3D('',#15025,#12205,#12206);
#10209=AXIS2_PLACEMENT_3D('',#15027,#12208,#12209);
#10210=AXIS2_PLACEMENT_3D('',#15029,#12211,#12212);
#10211=AXIS2_PLACEMENT_3D('',#15031,#12214,#12215);
#10212=AXIS2_PLACEMENT_3D('',#15033,#12217,#12218);
#10213=AXIS2_PLACEMENT_3D('',#15035,#12220,#12221);
#10214=AXIS2_PLACEMENT_3D('',#15037,#12223,#12224);
#10215=AXIS2_PLACEMENT_3D('',#15038,#12225,#12226);
#10216=AXIS2_PLACEMENT_3D('',#15091,#12253,#12254);
#10217=AXIS2_PLACEMENT_3D('',#15094,#12257,#12258);
#10218=AXIS2_PLACEMENT_3D('',#15096,#12260,#12261);
#10219=AXIS2_PLACEMENT_3D('',#15098,#12263,#12264);
#10220=AXIS2_PLACEMENT_3D('',#15100,#12266,#12267);
#10221=AXIS2_PLACEMENT_3D('',#15102,#12269,#12270);
#10222=AXIS2_PLACEMENT_3D('',#15104,#12272,#12273);
#10223=AXIS2_PLACEMENT_3D('',#15107,#12276,#12277);
#10224=AXIS2_PLACEMENT_3D('',#15109,#12279,#12280);
#10225=AXIS2_PLACEMENT_3D('',#15111,#12282,#12283);
#10226=AXIS2_PLACEMENT_3D('',#15113,#12285,#12286);
#10227=AXIS2_PLACEMENT_3D('',#15115,#12288,#12289);
#10228=AXIS2_PLACEMENT_3D('',#15117,#12291,#12292);
#10229=AXIS2_PLACEMENT_3D('',#15119,#12294,#12295);
#10230=AXIS2_PLACEMENT_3D('',#15121,#12297,#12298);
#10231=AXIS2_PLACEMENT_3D('',#15123,#12300,#12301);
#10232=AXIS2_PLACEMENT_3D('',#15126,#12304,#12305);
#10233=AXIS2_PLACEMENT_3D('',#15128,#12307,#12308);
#10234=AXIS2_PLACEMENT_3D('',#15130,#12310,#12311);
#10235=AXIS2_PLACEMENT_3D('',#15132,#12313,#12314);
#10236=AXIS2_PLACEMENT_3D('',#15133,#12315,#12316);
#10237=AXIS2_PLACEMENT_3D('',#15135,#12318,#12319);
#10238=AXIS2_PLACEMENT_3D('',#15137,#12321,#12322);
#10239=AXIS2_PLACEMENT_3D('',#15139,#12324,#12325);
#10240=AXIS2_PLACEMENT_3D('',#15141,#12327,#12328);
#10241=AXIS2_PLACEMENT_3D('',#15142,#12329,#12330);
#10242=AXIS2_PLACEMENT_3D('',#15143,#12331,#12332);
#10243=AXIS2_PLACEMENT_3D('',#15188,#12355,#12356);
#10244=AXIS2_PLACEMENT_3D('',#15191,#12359,#12360);
#10245=AXIS2_PLACEMENT_3D('',#15193,#12362,#12363);
#10246=AXIS2_PLACEMENT_3D('',#15196,#12366,#12367);
#10247=AXIS2_PLACEMENT_3D('',#15198,#12369,#12370);
#10248=AXIS2_PLACEMENT_3D('',#15200,#12372,#12373);
#10249=AXIS2_PLACEMENT_3D('',#15202,#12375,#12376);
#10250=AXIS2_PLACEMENT_3D('',#15204,#12378,#12379);
#10251=AXIS2_PLACEMENT_3D('',#15207,#12382,#12383);
#10252=AXIS2_PLACEMENT_3D('',#15209,#12385,#12386);
#10253=AXIS2_PLACEMENT_3D('',#15211,#12388,#12389);
#10254=AXIS2_PLACEMENT_3D('',#15213,#12391,#12392);
#10255=AXIS2_PLACEMENT_3D('',#15215,#12394,#12395);
#10256=AXIS2_PLACEMENT_3D('',#15217,#12397,#12398);
#10257=AXIS2_PLACEMENT_3D('',#15218,#12399,#12400);
#10258=AXIS2_PLACEMENT_3D('',#15219,#12401,#12402);
#10259=AXIS2_PLACEMENT_3D('',#15221,#12404,#12405);
#10260=AXIS2_PLACEMENT_3D('',#15223,#12407,#12408);
#10261=AXIS2_PLACEMENT_3D('',#15225,#12410,#12411);
#10262=AXIS2_PLACEMENT_3D('',#15227,#12413,#12414);
#10263=AXIS2_PLACEMENT_3D('',#15229,#12416,#12417);
#10264=AXIS2_PLACEMENT_3D('',#15231,#12419,#12420);
#10265=AXIS2_PLACEMENT_3D('',#15232,#12421,#12422);
#10266=AXIS2_PLACEMENT_3D('',#15238,#12426,#12427);
#10267=AXIS2_PLACEMENT_3D('',#15242,#12430,#12431);
#10268=AXIS2_PLACEMENT_3D('',#15246,#12434,#12435);
#10269=AXIS2_PLACEMENT_3D('',#15250,#12438,#12439);
#10270=AXIS2_PLACEMENT_3D('',#15256,#12443,#12444);
#10271=AXIS2_PLACEMENT_3D('',#15260,#12447,#12448);
#10272=AXIS2_PLACEMENT_3D('',#15264,#12451,#12452);
#10273=AXIS2_PLACEMENT_3D('',#15268,#12455,#12456);
#10274=AXIS2_PLACEMENT_3D('',#15272,#12459,#12460);
#10275=AXIS2_PLACEMENT_3D('',#15276,#12463,#12464);
#10276=AXIS2_PLACEMENT_3D('',#15280,#12467,#12468);
#10277=AXIS2_PLACEMENT_3D('',#15282,#12470,#12471);
#10278=AXIS2_PLACEMENT_3D('',#15286,#12474,#12475);
#10279=AXIS2_PLACEMENT_3D('',#15290,#12478,#12479);
#10280=AXIS2_PLACEMENT_3D('',#15294,#12482,#12483);
#10281=AXIS2_PLACEMENT_3D('',#15298,#12486,#12487);
#10282=AXIS2_PLACEMENT_3D('',#15302,#12490,#12491);
#10283=AXIS2_PLACEMENT_3D('',#15306,#12494,#12495);
#10284=AXIS2_PLACEMENT_3D('',#15308,#12497,#12498);
#10285=AXIS2_PLACEMENT_3D('',#15309,#12499,#12500);
#10286=AXIS2_PLACEMENT_3D('',#15315,#12504,#12505);
#10287=AXIS2_PLACEMENT_3D('',#15321,#12509,#12510);
#10288=AXIS2_PLACEMENT_3D('',#15325,#12513,#12514);
#10289=AXIS2_PLACEMENT_3D('',#15329,#12517,#12518);
#10290=AXIS2_PLACEMENT_3D('',#15333,#12521,#12522);
#10291=AXIS2_PLACEMENT_3D('',#15337,#12525,#12526);
#10292=AXIS2_PLACEMENT_3D('',#15339,#12528,#12529);
#10293=AXIS2_PLACEMENT_3D('',#15343,#12532,#12533);
#10294=AXIS2_PLACEMENT_3D('',#15347,#12536,#12537);
#10295=AXIS2_PLACEMENT_3D('',#15351,#12540,#12541);
#10296=AXIS2_PLACEMENT_3D('',#15355,#12544,#12545);
#10297=AXIS2_PLACEMENT_3D('',#15359,#12548,#12549);
#10298=AXIS2_PLACEMENT_3D('',#15363,#12552,#12553);
#10299=AXIS2_PLACEMENT_3D('',#15367,#12556,#12557);
#10300=AXIS2_PLACEMENT_3D('',#15371,#12560,#12561);
#10301=AXIS2_PLACEMENT_3D('',#15375,#12564,#12565);
#10302=AXIS2_PLACEMENT_3D('',#15379,#12568,#12569);
#10303=AXIS2_PLACEMENT_3D('',#15383,#12572,#12573);
#10304=AXIS2_PLACEMENT_3D('',#15387,#12576,#12577);
#10305=AXIS2_PLACEMENT_3D('',#15391,#12580,#12581);
#10306=AXIS2_PLACEMENT_3D('',#15395,#12584,#12585);
#10307=AXIS2_PLACEMENT_3D('',#15399,#12588,#12589);
#10308=AXIS2_PLACEMENT_3D('',#15408,#12594,#12595);
#10309=AXIS2_PLACEMENT_3D('',#15411,#12598,#12599);
#10310=AXIS2_PLACEMENT_3D('',#15417,#12603,#12604);
#10311=AXIS2_PLACEMENT_3D('',#15423,#12608,#12609);
#10312=AXIS2_PLACEMENT_3D('',#15429,#12613,#12614);
#10313=AXIS2_PLACEMENT_3D('',#15435,#12618,#12619);
#10314=AXIS2_PLACEMENT_3D('',#15441,#12623,#12624);
#10315=AXIS2_PLACEMENT_3D('',#15447,#12628,#12629);
#10316=AXIS2_PLACEMENT_3D('',#15453,#12633,#12634);
#10317=AXIS2_PLACEMENT_3D('',#15459,#12638,#12639);
#10318=AXIS2_PLACEMENT_3D('',#15465,#12643,#12644);
#10319=AXIS2_PLACEMENT_3D('',#15471,#12648,#12649);
#10320=AXIS2_PLACEMENT_3D('',#15477,#12653,#12654);
#10321=AXIS2_PLACEMENT_3D('',#15483,#12658,#12659);
#10322=AXIS2_PLACEMENT_3D('',#15486,#12662,#12663);
#10323=AXIS2_PLACEMENT_3D('',#15488,#12665,#12666);
#10324=AXIS2_PLACEMENT_3D('',#15489,#12667,#12668);
#10325=AXIS2_PLACEMENT_3D('',#15490,#12669,#12670);
#10326=AXIS2_PLACEMENT_3D('',#15491,#12671,#12672);
#10327=AXIS2_PLACEMENT_3D('',#15492,#12673,#12674);
#10328=AXIS2_PLACEMENT_3D('',#15493,#12675,#12676);
#10329=DIRECTION('',(0.,0.,1.));
#10330=DIRECTION('',(1.,0.,0.));
#10331=DIRECTION('',(-0.93774443977594,-0.347326022159742,0.));
#10332=DIRECTION('',(0.347326022159742,-0.937744439775939,0.));
#10333=DIRECTION('',(0.347326022159742,-0.937744439775939,0.));
#10334=DIRECTION('',(-0.347326022159742,0.93774443977594,0.));
#10335=DIRECTION('',(-0.994502675221568,-0.104711169304633,0.));
#10336=DIRECTION('',(0.104711169304633,-0.994502675221568,0.));
#10337=DIRECTION('',(0.104711169304633,-0.994502675221568,0.));
#10338=DIRECTION('',(0.,0.,-1.));
#10339=DIRECTION('',(-0.104711169304633,0.994502675221569,0.));
#10340=DIRECTION('',(-0.579877161156289,-0.81470392043326,0.));
#10341=DIRECTION('',(0.81470392043326,-0.579877161156289,0.));
#10342=DIRECTION('',(0.,0.,-1.));
#10343=DIRECTION('',(0.81470392043326,-0.579877161156289,0.));
#10344=DIRECTION('',(-0.81470392043326,0.579877161156289,0.));
#10345=DIRECTION('',(-0.786371607983577,-0.617753748800704,0.));
#10346=DIRECTION('',(0.617753748800704,-0.786371607983577,0.));
#10347=DIRECTION('',(0.617753748800704,-0.786371607983577,0.));
#10348=DIRECTION('',(0.,0.,-1.));
#10349=DIRECTION('',(-0.617753748800704,0.786371607983577,0.));
#10350=DIRECTION('',(-0.909310854048636,-0.416117496278805,0.));
#10351=DIRECTION('',(0.416117496278805,-0.909310854048635,0.));
#10352=DIRECTION('',(0.416117496278805,-0.909310854048635,0.));
#10353=DIRECTION('',(-0.416117496278805,0.909310854048635,0.));
#10354=DIRECTION('',(-0.983935853256107,-0.178522370242993,0.));
#10355=DIRECTION('',(0.178522370242993,-0.983935853256107,0.));
#10356=DIRECTION('',(0.178522370242993,-0.983935853256107,0.));
#10357=DIRECTION('',(0.,0.,-1.));
#10358=DIRECTION('',(-0.178522370242993,0.983935853256107,0.));
#10359=DIRECTION('',(-0.103566619474074,-0.994622519014482,0.));
#10360=DIRECTION('',(0.994622519014481,-0.103566619474074,0.));
#10361=DIRECTION('',(0.,0.,-1.));
#10362=DIRECTION('',(-0.994622519014481,0.103566619474074,0.));
#10363=DIRECTION('',(0.,0.,-1.));
#10364=DIRECTION('',(-0.994622519014481,0.103566619474074,0.));
#10365=DIRECTION('',(-1.,0.,0.));
#10366=DIRECTION('',(0.,0.,1.));
#10367=DIRECTION('',(0.,1.,0.));
#10368=DIRECTION('',(0.,0.,-1.));
#10369=DIRECTION('',(0.,1.,0.));
#10370=DIRECTION('',(0.,0.,-1.));
#10371=DIRECTION('',(-0.152139004977887,0.988359106380034,0.));
#10372=DIRECTION('',(-0.988359106380034,-0.152139004977887,0.));
#10373=DIRECTION('',(0.988359106380034,0.152139004977887,0.));
#10374=DIRECTION('',(0.,0.,-1.));
#10375=DIRECTION('',(0.988359106380034,0.152139004977887,0.));
#10376=DIRECTION('',(-0.394996679354413,0.918682547618592,0.));
#10377=DIRECTION('',(-0.918682547618592,-0.394996679354413,0.));
#10378=DIRECTION('',(0.918682547618592,0.394996679354413,0.));
#10379=DIRECTION('',(0.,0.,-1.));
#10380=DIRECTION('',(0.918682547618592,0.394996679354413,0.));
#10381=DIRECTION('',(-0.575262132403659,0.817969118623922,0.));
#10382=DIRECTION('',(-0.817969118623922,-0.575262132403659,0.));
#10383=DIRECTION('',(0.817969118623922,0.575262132403659,0.));
#10384=DIRECTION('',(0.,0.,-1.));
#10385=DIRECTION('',(0.817969118623922,0.575262132403659,0.));
#10386=DIRECTION('',(0.994619045253891,-0.103599974991491,0.));
#10387=DIRECTION('',(0.103599974991491,0.994619045253891,0.));
#10388=DIRECTION('',(-0.103599974991491,-0.994619045253891,0.));
#10389=DIRECTION('',(0.,0.,-1.));
#10390=DIRECTION('',(-0.103599974991491,-0.994619045253891,0.));
#10391=DIRECTION('',(0.995717149636986,0.0924519222017354,0.));
#10392=DIRECTION('',(-0.0924519222017354,0.995717149636986,0.));
#10393=DIRECTION('',(0.0924519222017354,-0.995717149636986,0.));
#10394=DIRECTION('',(0.,0.,-1.));
#10395=DIRECTION('',(0.0924519222017354,-0.995717149636986,0.));
#10396=DIRECTION('',(0.884533365500536,0.466476929028967,0.));
#10397=DIRECTION('',(-0.466476929028967,0.884533365500536,0.));
#10398=DIRECTION('',(0.466476929028967,-0.884533365500536,0.));
#10399=DIRECTION('',(0.,0.,-1.));
#10400=DIRECTION('',(0.466476929028967,-0.884533365500536,0.));
#10401=DIRECTION('',(0.638733463586173,0.769428074933071,0.));
#10402=DIRECTION('',(-0.769428074933071,0.638733463586173,0.));
#10403=DIRECTION('',(0.769428074933071,-0.638733463586173,0.));
#10404=DIRECTION('',(0.,0.,-1.));
#10405=DIRECTION('',(0.769428074933071,-0.638733463586173,0.));
#10406=DIRECTION('',(0.295659901238014,0.95529326533789,0.));
#10407=DIRECTION('',(-0.95529326533789,0.295659901238014,0.));
#10408=DIRECTION('',(0.95529326533789,-0.295659901238014,0.));
#10409=DIRECTION('',(0.,0.,-1.));
#10410=DIRECTION('',(0.95529326533789,-0.295659901238014,0.));
#10411=DIRECTION('',(0.103575815403587,0.994621561431021,0.));
#10412=DIRECTION('',(-0.994621561431021,0.103575815403587,0.));
#10413=DIRECTION('',(0.994621561431021,-0.103575815403587,0.));
#10414=DIRECTION('',(0.,0.,-1.));
#10415=DIRECTION('',(0.994621561431021,-0.103575815403587,0.));
#10416=DIRECTION('',(0.,1.,0.));
#10417=DIRECTION('',(0.,0.,1.));
#10418=DIRECTION('',(1.,0.,0.));
#10419=DIRECTION('',(0.,0.,-1.));
#10420=DIRECTION('',(1.,0.,0.));
#10421=DIRECTION('',(0.103603821995667,0.994618644540655,0.));
#10422=DIRECTION('',(-0.994618644540655,0.103603821995667,0.));
#10423=DIRECTION('',(0.994618644540655,-0.103603821995667,0.));
#10424=DIRECTION('',(0.,0.,-1.));
#10425=DIRECTION('',(0.994618644540655,-0.103603821995667,0.));
#10426=DIRECTION('',(-0.0892581884204674,0.996008521951442,0.));
#10427=DIRECTION('',(-0.996008521951442,-0.0892581884204674,0.));
#10428=DIRECTION('',(0.996008521951442,0.0892581884204674,0.));
#10429=DIRECTION('',(0.,0.,-1.));
#10430=DIRECTION('',(0.996008521951442,0.0892581884204674,0.));
#10431=DIRECTION('',(-0.454189694339888,0.890905001420151,0.));
#10432=DIRECTION('',(-0.890905001420151,-0.454189694339888,0.));
#10433=DIRECTION('',(0.890905001420151,0.454189694339888,0.));
#10434=DIRECTION('',(0.,0.,-1.));
#10435=DIRECTION('',(0.890905001420151,0.454189694339888,0.));
#10436=DIRECTION('',(-0.747088657200667,0.664724407767689,0.));
#10437=DIRECTION('',(-0.664724407767689,-0.747088657200667,0.));
#10438=DIRECTION('',(0.664724407767689,0.747088657200667,0.));
#10439=DIRECTION('',(0.,0.,-1.));
#10440=DIRECTION('',(0.664724407767689,0.747088657200667,0.));
#10441=DIRECTION('',(-0.940377046396823,0.340133812800179,0.));
#10442=DIRECTION('',(-0.340133812800179,-0.940377046396823,0.));
#10443=DIRECTION('',(0.340133812800179,0.940377046396823,0.));
#10444=DIRECTION('',(0.,0.,-1.));
#10445=DIRECTION('',(0.340133812800179,0.940377046396823,0.));
#10446=DIRECTION('',(-0.991723774490317,0.128389855949289,0.));
#10447=DIRECTION('',(-0.128389855949289,-0.991723774490317,0.));
#10448=DIRECTION('',(0.128389855949289,0.991723774490317,0.));
#10449=DIRECTION('',(0.,0.,-1.));
#10450=DIRECTION('',(0.128389855949289,0.991723774490317,0.));
#10451=DIRECTION('',(-0.968576958255076,0.248714044511655,0.));
#10452=DIRECTION('',(-0.248714044511655,-0.968576958255076,0.));
#10453=DIRECTION('',(0.248714044511655,0.968576958255076,0.));
#10454=DIRECTION('',(0.,0.,-1.));
#10455=DIRECTION('',(0.248714044511655,0.968576958255076,0.));
#10456=DIRECTION('',(0.0561105363140909,0.998424562856176,0.));
#10457=DIRECTION('',(-0.998424562856175,0.0561105363140909,0.));
#10458=DIRECTION('',(0.998424562856175,-0.0561105363140909,0.));
#10459=DIRECTION('',(0.,0.,-1.));
#10460=DIRECTION('',(0.998424562856175,-0.0561105363140909,0.));
#10461=DIRECTION('',(-0.15731780720499,0.987548027964318,0.));
#10462=DIRECTION('',(-0.987548027964318,-0.15731780720499,0.));
#10463=DIRECTION('',(0.987548027964318,0.15731780720499,0.));
#10464=DIRECTION('',(0.,0.,-1.));
#10465=DIRECTION('',(0.987548027964318,0.15731780720499,0.));
#10466=DIRECTION('',(-0.324867093340742,0.945759679656697,0.));
#10467=DIRECTION('',(-0.945759679656697,-0.324867093340742,0.));
#10468=DIRECTION('',(0.945759679656697,0.324867093340742,0.));
#10469=DIRECTION('',(0.,0.,-1.));
#10470=DIRECTION('',(0.945759679656697,0.324867093340742,0.));
#10471=DIRECTION('',(0.147580662909651,0.989050022969085,0.));
#10472=DIRECTION('',(-0.989050022969085,0.147580662909651,0.));
#10473=DIRECTION('',(0.989050022969085,-0.147580662909651,0.));
#10474=DIRECTION('',(0.,0.,-1.));
#10475=DIRECTION('',(0.989050022969085,-0.147580662909651,0.));
#10476=DIRECTION('',(-0.0508749727724827,0.998705030099178,0.));
#10477=DIRECTION('',(-0.998705030099178,-0.0508749727724827,0.));
#10478=DIRECTION('',(0.998705030099178,0.0508749727724827,0.));
#10479=DIRECTION('',(0.,0.,-1.));
#10480=DIRECTION('',(0.998705030099178,0.0508749727724827,0.));
#10481=DIRECTION('',(-0.074401469251623,0.997228369719394,0.));
#10482=DIRECTION('',(-0.997228369719394,-0.074401469251623,0.));
#10483=DIRECTION('',(0.997228369719394,0.074401469251623,0.));
#10484=DIRECTION('',(0.,0.,-1.));
#10485=DIRECTION('',(0.997228369719394,0.074401469251623,0.));
#10486=DIRECTION('',(-0.150497479509028,0.988610392754107,0.));
#10487=DIRECTION('',(-0.988610392754107,-0.150497479509028,0.));
#10488=DIRECTION('',(0.988610392754107,0.150497479509028,0.));
#10489=DIRECTION('',(0.,0.,-1.));
#10490=DIRECTION('',(0.988610392754107,0.150497479509028,0.));
#10491=DIRECTION('',(0.5482718110977,0.836300197988526,0.));
#10492=DIRECTION('',(-0.836300197988526,0.5482718110977,0.));
#10493=DIRECTION('',(0.836300197988526,-0.5482718110977,0.));
#10494=DIRECTION('',(0.,0.,-1.));
#10495=DIRECTION('',(0.836300197988526,-0.5482718110977,0.));
#10496=DIRECTION('',(0.128730313463559,0.991679638994153,0.));
#10497=DIRECTION('',(-0.991679638994153,0.128730313463559,0.));
#10498=DIRECTION('',(0.991679638994153,-0.128730313463559,0.));
#10499=DIRECTION('',(0.,0.,-1.));
#10500=DIRECTION('',(0.991679638994153,-0.128730313463559,0.));
#10501=DIRECTION('',(-0.124216811020602,0.992255100193429,0.));
#10502=DIRECTION('',(-0.992255100193429,-0.124216811020602,0.));
#10503=DIRECTION('',(0.992255100193429,0.124216811020602,0.));
#10504=DIRECTION('',(0.,0.,-1.));
#10505=DIRECTION('',(0.992255100193429,0.124216811020602,0.));
#10506=DIRECTION('',(-0.14984705818501,0.988709188362937,0.));
#10507=DIRECTION('',(-0.988709188362937,-0.14984705818501,0.));
#10508=DIRECTION('',(0.988709188362937,0.14984705818501,0.));
#10509=DIRECTION('',(0.,0.,-1.));
#10510=DIRECTION('',(0.988709188362937,0.14984705818501,0.));
#10511=DIRECTION('',(-0.156801137290288,0.987630195642312,0.));
#10512=DIRECTION('',(-0.987630195642312,-0.156801137290288,0.));
#10513=DIRECTION('',(0.987630195642312,0.156801137290288,0.));
#10514=DIRECTION('',(0.,0.,-1.));
#10515=DIRECTION('',(0.987630195642312,0.156801137290288,0.));
#10516=DIRECTION('',(-0.264460918689999,0.964396403189913,0.));
#10517=DIRECTION('',(-0.964396403189913,-0.264460918689999,0.));
#10518=DIRECTION('',(0.964396403189913,0.264460918689999,0.));
#10519=DIRECTION('',(0.,0.,-1.));
#10520=DIRECTION('',(0.964396403189913,0.264460918689999,0.));
#10521=DIRECTION('',(-0.405823063754541,0.91395166224745,0.));
#10522=DIRECTION('',(-0.91395166224745,-0.405823063754541,0.));
#10523=DIRECTION('',(0.91395166224745,0.405823063754541,0.));
#10524=DIRECTION('',(0.,0.,-1.));
#10525=DIRECTION('',(0.91395166224745,0.405823063754541,0.));
#10526=DIRECTION('',(0.363086072116079,0.931755603275514,0.));
#10527=DIRECTION('',(-0.931755603275514,0.363086072116079,0.));
#10528=DIRECTION('',(0.931755603275514,-0.363086072116079,0.));
#10529=DIRECTION('',(0.,0.,-1.));
#10530=DIRECTION('',(0.931755603275514,-0.363086072116079,0.));
#10531=DIRECTION('',(0.0978436030881108,0.995201803321686,0.));
#10532=DIRECTION('',(-0.995201803321686,0.0978436030881108,0.));
#10533=DIRECTION('',(0.995201803321686,-0.0978436030881108,0.));
#10534=DIRECTION('',(0.,0.,-1.));
#10535=DIRECTION('',(0.995201803321686,-0.0978436030881108,0.));
#10536=DIRECTION('',(-0.0638934109711939,0.9979567285381,0.));
#10537=DIRECTION('',(-0.9979567285381,-0.0638934109711939,0.));
#10538=DIRECTION('',(0.9979567285381,0.0638934109711939,0.));
#10539=DIRECTION('',(0.,0.,-1.));
#10540=DIRECTION('',(0.9979567285381,0.0638934109711939,0.));
#10541=DIRECTION('',(-0.090327073296794,0.995912154675118,0.));
#10542=DIRECTION('',(-0.995912154675118,-0.090327073296794,0.));
#10543=DIRECTION('',(0.995912154675118,0.090327073296794,0.));
#10544=DIRECTION('',(0.,0.,-1.));
#10545=DIRECTION('',(0.995912154675118,0.090327073296794,0.));
#10546=DIRECTION('',(0.,1.,0.));
#10547=DIRECTION('',(0.,0.,1.));
#10548=DIRECTION('',(1.,0.,0.));
#10549=DIRECTION('',(0.,0.,-1.));
#10550=DIRECTION('',(1.,0.,0.));
#10551=DIRECTION('',(-0.0897742419974969,0.99596214058255,0.));
#10552=DIRECTION('',(-0.99596214058255,-0.0897742419974969,0.));
#10553=DIRECTION('',(0.99596214058255,0.0897742419974969,0.));
#10554=DIRECTION('',(0.,0.,-1.));
#10555=DIRECTION('',(0.99596214058255,0.0897742419974969,0.));
#10556=DIRECTION('',(-0.282250869395703,0.959340631228226,0.));
#10557=DIRECTION('',(-0.959340631228225,-0.282250869395703,0.));
#10558=DIRECTION('',(0.959340631228225,0.282250869395703,0.));
#10559=DIRECTION('',(0.,0.,-1.));
#10560=DIRECTION('',(0.959340631228225,0.282250869395703,0.));
#10561=DIRECTION('',(-0.627883211243969,0.778307569690776,0.));
#10562=DIRECTION('',(-0.778307569690776,-0.627883211243969,0.));
#10563=DIRECTION('',(0.778307569690776,0.627883211243969,0.));
#10564=DIRECTION('',(0.,0.,-1.));
#10565=DIRECTION('',(0.778307569690776,0.627883211243969,0.));
#10566=DIRECTION('',(-0.830150796140949,0.557538927489865,0.));
#10567=DIRECTION('',(-0.557538927489865,-0.830150796140949,0.));
#10568=DIRECTION('',(0.557538927489865,0.830150796140949,0.));
#10569=DIRECTION('',(0.,0.,-1.));
#10570=DIRECTION('',(0.557538927489865,0.830150796140949,0.));
#10571=DIRECTION('',(0.245644295134014,0.969360036450912,0.));
#10572=DIRECTION('',(-0.969360036450912,0.245644295134013,0.));
#10573=DIRECTION('',(0.969360036450912,-0.245644295134014,0.));
#10574=DIRECTION('',(0.,0.,-1.));
#10575=DIRECTION('',(0.969360036450912,-0.245644295134014,0.));
#10576=DIRECTION('',(0.0518742856291535,0.998653622879557,0.));
#10577=DIRECTION('',(-0.998653622879557,0.0518742856291535,0.));
#10578=DIRECTION('',(0.998653622879557,-0.0518742856291535,0.));
#10579=DIRECTION('',(0.,0.,-1.));
#10580=DIRECTION('',(0.998653622879557,-0.0518742856291535,0.));
#10581=DIRECTION('',(-0.334232260246787,0.942490740649649,0.));
#10582=DIRECTION('',(-0.942490740649649,-0.334232260246787,0.));
#10583=DIRECTION('',(0.942490740649649,0.334232260246787,0.));
#10584=DIRECTION('',(0.,0.,-1.));
#10585=DIRECTION('',(0.942490740649649,0.334232260246787,0.));
#10586=DIRECTION('',(-0.583253664702132,0.812290072949026,0.));
#10587=DIRECTION('',(-0.812290072949026,-0.583253664702132,0.));
#10588=DIRECTION('',(0.812290072949026,0.583253664702132,0.));
#10589=DIRECTION('',(0.,0.,-1.));
#10590=DIRECTION('',(0.812290072949026,0.583253664702132,0.));
#10591=DIRECTION('',(0.900251036470162,0.435371187992957,0.));
#10592=DIRECTION('',(-0.435371187992957,0.900251036470162,0.));
#10593=DIRECTION('',(0.435371187992957,-0.900251036470162,0.));
#10594=DIRECTION('',(0.,0.,-1.));
#10595=DIRECTION('',(0.435371187992957,-0.900251036470162,0.));
#10596=DIRECTION('',(0.742862935365619,0.66944354449048,0.));
#10597=DIRECTION('',(-0.66944354449048,0.742862935365619,0.));
#10598=DIRECTION('',(0.66944354449048,-0.742862935365619,0.));
#10599=DIRECTION('',(0.,0.,-1.));
#10600=DIRECTION('',(0.66944354449048,-0.742862935365619,0.));
#10601=DIRECTION('',(0.430140848661828,0.902761790458858,0.));
#10602=DIRECTION('',(-0.902761790458858,0.430140848661828,0.));
#10603=DIRECTION('',(0.902761790458858,-0.430140848661828,0.));
#10604=DIRECTION('',(0.,0.,-1.));
#10605=DIRECTION('',(0.902761790458858,-0.430140848661828,0.));
#10606=DIRECTION('',(0.245744634448846,0.969334604065904,0.));
#10607=DIRECTION('',(-0.969334604065904,0.245744634448846,0.));
#10608=DIRECTION('',(0.969334604065904,-0.245744634448846,0.));
#10609=DIRECTION('',(0.,0.,-1.));
#10610=DIRECTION('',(0.969334604065904,-0.245744634448846,0.));
#10611=DIRECTION('',(0.0672276928386347,0.997737659565677,0.));
#10612=DIRECTION('',(-0.997737659565677,0.0672276928386347,0.));
#10613=DIRECTION('',(0.997737659565677,-0.0672276928386347,0.));
#10614=DIRECTION('',(0.,0.,-1.));
#10615=DIRECTION('',(0.997737659565677,-0.0672276928386347,0.));
#10616=DIRECTION('',(-0.287124071470406,0.957893400949321,0.));
#10617=DIRECTION('',(-0.957893400949321,-0.287124071470406,0.));
#10618=DIRECTION('',(0.957893400949321,0.287124071470406,0.));
#10619=DIRECTION('',(0.,0.,-1.));
#10620=DIRECTION('',(0.957893400949321,0.287124071470406,0.));
#10621=DIRECTION('',(-0.597037310590783,0.802213468948587,0.));
#10622=DIRECTION('',(-0.802213468948587,-0.597037310590783,0.));
#10623=DIRECTION('',(0.802213468948587,0.597037310590783,0.));
#10624=DIRECTION('',(0.,0.,-1.));
#10625=DIRECTION('',(0.802213468948587,0.597037310590783,0.));
#10626=DIRECTION('',(-0.837697554555628,0.546134422181501,0.));
#10627=DIRECTION('',(-0.546134422181501,-0.837697554555628,0.));
#10628=DIRECTION('',(0.546134422181501,0.837697554555628,0.));
#10629=DIRECTION('',(0.,0.,-1.));
#10630=DIRECTION('',(0.546134422181501,0.837697554555628,0.));
#10631=DIRECTION('',(0.640132432502022,0.768264582587955,0.));
#10632=DIRECTION('',(-0.768264582587955,0.640132432502022,0.));
#10633=DIRECTION('',(0.768264582587955,-0.640132432502022,0.));
#10634=DIRECTION('',(0.,0.,-1.));
#10635=DIRECTION('',(0.768264582587955,-0.640132432502022,0.));
#10636=DIRECTION('',(0.403088316985753,0.915161083476343,0.));
#10637=DIRECTION('',(-0.915161083476343,0.403088316985753,0.));
#10638=DIRECTION('',(0.915161083476343,-0.403088316985753,0.));
#10639=DIRECTION('',(0.,0.,-1.));
#10640=DIRECTION('',(0.915161083476343,-0.403088316985753,0.));
#10641=DIRECTION('',(0.135056874735643,0.990837847776638,0.));
#10642=DIRECTION('',(-0.990837847776638,0.135056874735643,0.));
#10643=DIRECTION('',(0.990837847776638,-0.135056874735643,0.));
#10644=DIRECTION('',(0.,0.,-1.));
#10645=DIRECTION('',(0.990837847776638,-0.135056874735643,0.));
#10646=DIRECTION('',(-0.0832105815360925,0.99653198599966,0.));
#10647=DIRECTION('',(-0.996531985999659,-0.0832105815360925,0.));
#10648=DIRECTION('',(0.99653198599966,0.0832105815360925,0.));
#10649=DIRECTION('',(0.,0.,-1.));
#10650=DIRECTION('',(0.99653198599966,0.0832105815360925,0.));
#10651=DIRECTION('',(-0.253394409434917,0.967363051427503,0.));
#10652=DIRECTION('',(-0.967363051427503,-0.253394409434917,0.));
#10653=DIRECTION('',(0.967363051427503,0.253394409434917,0.));
#10654=DIRECTION('',(0.,0.,-1.));
#10655=DIRECTION('',(0.967363051427503,0.253394409434917,0.));
#10656=DIRECTION('',(0.197324499377363,0.980338228340338,0.));
#10657=DIRECTION('',(-0.980338228340338,0.197324499377363,0.));
#10658=DIRECTION('',(0.980338228340338,-0.197324499377363,0.));
#10659=DIRECTION('',(0.,0.,-1.));
#10660=DIRECTION('',(0.980338228340338,-0.197324499377363,0.));
#10661=DIRECTION('',(0.,1.,0.));
#10662=DIRECTION('',(0.,0.,1.));
#10663=DIRECTION('',(0.,0.,1.));
#10664=DIRECTION('',(1.,0.,0.));
#10665=DIRECTION('',(1.,0.,0.));
#10666=DIRECTION('',(-1.,0.,0.));
#10667=DIRECTION('',(0.,0.,1.));
#10668=DIRECTION('',(0.,0.,1.));
#10669=DIRECTION('',(0.,1.,0.));
#10670=DIRECTION('',(0.,0.,-1.));
#10671=DIRECTION('',(0.,1.,0.));
#10672=DIRECTION('',(-0.980222946269995,-0.197896375928844,0.));
#10673=DIRECTION('',(0.197896375928844,-0.980222946269995,0.));
#10674=DIRECTION('',(-0.197896375928844,0.980222946269995,0.));
#10675=DIRECTION('',(0.,0.,-1.));
#10676=DIRECTION('',(-0.197896375928844,0.980222946269995,0.));
#10677=DIRECTION('',(-0.829148796195566,-0.559027972258494,0.));
#10678=DIRECTION('',(0.559027972258494,-0.829148796195566,0.));
#10679=DIRECTION('',(-0.559027972258494,0.829148796195566,0.));
#10680=DIRECTION('',(0.,0.,-1.));
#10681=DIRECTION('',(-0.559027972258494,0.829148796195566,0.));
#10682=DIRECTION('',(-0.559025481889682,-0.829150475244397,0.));
#10683=DIRECTION('',(0.829150475244397,-0.559025481889682,0.));
#10684=DIRECTION('',(-0.829150475244397,0.559025481889682,0.));
#10685=DIRECTION('',(0.,0.,-1.));
#10686=DIRECTION('',(-0.829150475244397,0.559025481889682,0.));
#10687=DIRECTION('',(-0.197896384567086,-0.980222944526028,0.));
#10688=DIRECTION('',(0.980222944526028,-0.197896384567086,0.));
#10689=DIRECTION('',(-0.980222944526028,0.197896384567086,0.));
#10690=DIRECTION('',(0.,0.,-1.));
#10691=DIRECTION('',(-0.980222944526028,0.197896384567086,0.));
#10692=DIRECTION('',(0.,-1.,0.));
#10693=DIRECTION('',(0.,0.,-1.));
#10694=DIRECTION('',(-1.,0.,0.));
#10695=DIRECTION('',(0.,0.,-1.));
#10696=DIRECTION('',(-1.,0.,0.));
#10697=DIRECTION('',(0.197895276793266,-0.9802231681729,0.));
#10698=DIRECTION('',(0.9802231681729,0.197895276793266,0.));
#10699=DIRECTION('',(-0.9802231681729,-0.197895276793266,0.));
#10700=DIRECTION('',(0.,0.,-1.));
#10701=DIRECTION('',(-0.9802231681729,-0.197895276793266,0.));
#10702=DIRECTION('',(0.559025938871012,-0.82915016714066,0.));
#10703=DIRECTION('',(0.82915016714066,0.559025938871012,0.));
#10704=DIRECTION('',(-0.82915016714066,-0.559025938871012,0.));
#10705=DIRECTION('',(0.,0.,-1.));
#10706=DIRECTION('',(-0.82915016714066,-0.559025938871012,0.));
#10707=DIRECTION('',(0.829150167140657,-0.559025938871016,0.));
#10708=DIRECTION('',(0.559025938871016,0.829150167140657,0.));
#10709=DIRECTION('',(-0.559025938871016,-0.829150167140657,0.));
#10710=DIRECTION('',(0.,0.,-1.));
#10711=DIRECTION('',(-0.559025938871016,-0.829150167140657,0.));
#10712=DIRECTION('',(0.980223315526587,-0.197894546913415,0.));
#10713=DIRECTION('',(0.197894546913415,0.980223315526587,0.));
#10714=DIRECTION('',(-0.197894546913416,-0.980223315526587,0.));
#10715=DIRECTION('',(0.,0.,-1.));
#10716=DIRECTION('',(-0.197894546913416,-0.980223315526587,0.));
#10717=DIRECTION('',(1.,0.,0.));
#10718=DIRECTION('',(0.,0.,-1.));
#10719=DIRECTION('',(0.,-1.,0.));
#10720=DIRECTION('',(0.,0.,-1.));
#10721=DIRECTION('',(0.,-1.,0.));
#10722=DIRECTION('',(0.142283706900088,-0.989825917396978,0.));
#10723=DIRECTION('',(0.989825917396978,0.142283706900088,0.));
#10724=DIRECTION('',(-0.989825917396978,-0.142283706900088,0.));
#10725=DIRECTION('',(0.,0.,-1.));
#10726=DIRECTION('',(-0.989825917396978,-0.142283706900088,0.));
#10727=DIRECTION('',(0.397496769284481,-0.917603573668063,0.));
#10728=DIRECTION('',(0.917603573668063,0.397496769284481,0.));
#10729=DIRECTION('',(-0.917603573668063,-0.397496769284481,0.));
#10730=DIRECTION('',(0.,0.,-1.));
#10731=DIRECTION('',(-0.917603573668063,-0.397496769284481,0.));
#10732=DIRECTION('',(0.517449935865517,-0.855713482348369,0.));
#10733=DIRECTION('',(0.855713482348369,0.517449935865517,0.));
#10734=DIRECTION('',(-0.855713482348369,-0.517449935865517,0.));
#10735=DIRECTION('',(0.,0.,-1.));
#10736=DIRECTION('',(-0.855713482348369,-0.517449935865517,0.));
#10737=DIRECTION('',(0.577945336569545,-0.816075479313964,0.));
#10738=DIRECTION('',(0.816075479313964,0.577945336569545,0.));
#10739=DIRECTION('',(-0.816075479313964,-0.577945336569545,0.));
#10740=DIRECTION('',(0.,0.,-1.));
#10741=DIRECTION('',(-0.816075479313964,-0.577945336569545,0.));
#10742=DIRECTION('',(-0.742987053815849,-0.669305788008774,0.));
#10743=DIRECTION('',(0.669305788008774,-0.742987053815849,0.));
#10744=DIRECTION('',(-0.669305788008774,0.742987053815849,0.));
#10745=DIRECTION('',(0.,0.,-1.));
#10746=DIRECTION('',(-0.669305788008774,0.742987053815849,0.));
#10747=DIRECTION('',(-0.594224226961115,-0.804299426888062,0.));
#10748=DIRECTION('',(0.804299426888062,-0.594224226961115,0.));
#10749=DIRECTION('',(-0.804299426888062,0.594224226961115,0.));
#10750=DIRECTION('',(0.,0.,-1.));
#10751=DIRECTION('',(-0.804299426888062,0.594224226961115,0.));
#10752=DIRECTION('',(-0.379519213997184,-0.925183855353605,0.));
#10753=DIRECTION('',(0.925183855353605,-0.379519213997184,0.));
#10754=DIRECTION('',(-0.925183855353605,0.379519213997184,0.));
#10755=DIRECTION('',(0.,0.,-1.));
#10756=DIRECTION('',(-0.925183855353605,0.379519213997184,0.));
#10757=DIRECTION('',(-0.161347339083718,-0.986897682726332,0.));
#10758=DIRECTION('',(0.986897682726332,-0.161347339083718,0.));
#10759=DIRECTION('',(-0.986897682726332,0.161347339083718,0.));
#10760=DIRECTION('',(0.,0.,-1.));
#10761=DIRECTION('',(-0.986897682726332,0.161347339083718,0.));
#10762=DIRECTION('',(0.0180988972242137,-0.999836201544667,0.));
#10763=DIRECTION('',(0.999836201544667,0.0180988972242137,0.));
#10764=DIRECTION('',(-0.999836201544667,-0.0180988972242137,0.));
#10765=DIRECTION('',(0.,0.,-1.));
#10766=DIRECTION('',(-0.999836201544667,-0.0180988972242137,0.));
#10767=DIRECTION('',(0.117991668078694,-0.993014585121491,0.));
#10768=DIRECTION('',(0.993014585121491,0.117991668078694,0.));
#10769=DIRECTION('',(-0.993014585121491,-0.117991668078694,0.));
#10770=DIRECTION('',(0.,0.,-1.));
#10771=DIRECTION('',(-0.993014585121491,-0.117991668078694,0.));
#10772=DIRECTION('',(0.141269337530887,-0.989971198709126,0.));
#10773=DIRECTION('',(0.989971198709126,0.141269337530887,0.));
#10774=DIRECTION('',(-0.989971198709126,-0.141269337530887,0.));
#10775=DIRECTION('',(0.,0.,-1.));
#10776=DIRECTION('',(-0.989971198709126,-0.141269337530887,0.));
#10777=DIRECTION('',(-0.585676845637415,-0.81054465175227,0.));
#10778=DIRECTION('',(0.81054465175227,-0.585676845637415,0.));
#10779=DIRECTION('',(-0.81054465175227,0.585676845637415,0.));
#10780=DIRECTION('',(0.,0.,-1.));
#10781=DIRECTION('',(-0.81054465175227,0.585676845637415,0.));
#10782=DIRECTION('',(-0.366126620161398,-0.930565042331374,0.));
#10783=DIRECTION('',(0.930565042331374,-0.366126620161398,0.));
#10784=DIRECTION('',(-0.930565042331374,0.366126620161398,0.));
#10785=DIRECTION('',(0.,0.,-1.));
#10786=DIRECTION('',(-0.930565042331374,0.366126620161398,0.));
#10787=DIRECTION('',(-0.245885515209484,-0.969298877235586,0.));
#10788=DIRECTION('',(0.969298877235585,-0.245885515209484,0.));
#10789=DIRECTION('',(-0.969298877235585,0.245885515209484,0.));
#10790=DIRECTION('',(0.,0.,-1.));
#10791=DIRECTION('',(-0.969298877235585,0.245885515209484,0.));
#10792=DIRECTION('',(-0.0519437126595616,-0.998650014126641,0.));
#10793=DIRECTION('',(0.998650014126641,-0.0519437126595616,0.));
#10794=DIRECTION('',(-0.998650014126641,0.0519437126595616,0.));
#10795=DIRECTION('',(0.,0.,-1.));
#10796=DIRECTION('',(-0.998650014126641,0.0519437126595616,0.));
#10797=DIRECTION('',(0.330162548389614,-0.943924092096857,0.));
#10798=DIRECTION('',(0.943924092096857,0.330162548389614,0.));
#10799=DIRECTION('',(-0.943924092096857,-0.330162548389614,0.));
#10800=DIRECTION('',(0.,0.,-1.));
#10801=DIRECTION('',(-0.943924092096857,-0.330162548389614,0.));
#10802=DIRECTION('',(0.65567582372719,-0.755042524749217,0.));
#10803=DIRECTION('',(0.755042524749217,0.65567582372719,0.));
#10804=DIRECTION('',(-0.755042524749217,-0.65567582372719,0.));
#10805=DIRECTION('',(0.,0.,-1.));
#10806=DIRECTION('',(-0.755042524749217,-0.65567582372719,0.));
#10807=DIRECTION('',(0.892234381312781,-0.451572595275,0.));
#10808=DIRECTION('',(0.451572595275,0.892234381312781,0.));
#10809=DIRECTION('',(-0.451572595275,-0.892234381312781,0.));
#10810=DIRECTION('',(0.,0.,-1.));
#10811=DIRECTION('',(-0.451572595275,-0.892234381312781,0.));
#10812=DIRECTION('',(-0.464059561993507,-0.885803998028003,0.));
#10813=DIRECTION('',(0.885803998028003,-0.464059561993507,0.));
#10814=DIRECTION('',(-0.885803998028003,0.464059561993507,0.));
#10815=DIRECTION('',(0.,0.,-1.));
#10816=DIRECTION('',(-0.885803998028003,0.464059561993507,0.));
#10817=DIRECTION('',(-0.102338848535975,-0.994749596672615,0.));
#10818=DIRECTION('',(0.994749596672615,-0.102338848535975,0.));
#10819=DIRECTION('',(-0.994749596672615,0.102338848535975,0.));
#10820=DIRECTION('',(0.,0.,-1.));
#10821=DIRECTION('',(-0.994749596672615,0.102338848535975,0.));
#10822=DIRECTION('',(0.0897911151019774,-0.995960619527069,0.));
#10823=DIRECTION('',(0.995960619527069,0.0897911151019774,0.));
#10824=DIRECTION('',(-0.995960619527069,-0.0897911151019774,0.));
#10825=DIRECTION('',(0.,0.,-1.));
#10826=DIRECTION('',(-0.995960619527069,-0.0897911151019774,0.));
#10827=DIRECTION('',(0.,-1.,0.));
#10828=DIRECTION('',(0.,0.,-1.));
#10829=DIRECTION('',(-1.,0.,0.));
#10830=DIRECTION('',(0.,0.,-1.));
#10831=DIRECTION('',(-1.,0.,0.));
#10832=DIRECTION('',(0.089720502965716,-0.995966983060974,0.));
#10833=DIRECTION('',(0.995966983060974,0.089720502965716,0.));
#10834=DIRECTION('',(-0.995966983060974,-0.089720502965716,0.));
#10835=DIRECTION('',(0.,0.,-1.));
#10836=DIRECTION('',(-0.995966983060974,-0.089720502965716,0.));
#10837=DIRECTION('',(0.282364883901832,-0.959307079270817,0.));
#10838=DIRECTION('',(0.959307079270817,0.282364883901832,0.));
#10839=DIRECTION('',(-0.959307079270817,-0.282364883901832,0.));
#10840=DIRECTION('',(0.,0.,-1.));
#10841=DIRECTION('',(-0.959307079270817,-0.282364883901832,0.));
#10842=DIRECTION('',(0.62799493727707,-0.778217423831136,0.));
#10843=DIRECTION('',(0.778217423831136,0.62799493727707,0.));
#10844=DIRECTION('',(-0.778217423831136,-0.62799493727707,0.));
#10845=DIRECTION('',(0.,0.,-1.));
#10846=DIRECTION('',(-0.778217423831136,-0.62799493727707,0.));
#10847=DIRECTION('',(0.821683464987524,-0.56994410547535,0.));
#10848=DIRECTION('',(0.56994410547535,0.821683464987524,0.));
#10849=DIRECTION('',(-0.56994410547535,-0.821683464987524,0.));
#10850=DIRECTION('',(0.,0.,-1.));
#10851=DIRECTION('',(-0.56994410547535,-0.821683464987524,0.));
#10852=DIRECTION('',(-0.997214736437136,-0.074583975709348,0.));
#10853=DIRECTION('',(0.074583975709348,-0.997214736437136,0.));
#10854=DIRECTION('',(-0.074583975709348,0.997214736437136,0.));
#10855=DIRECTION('',(0.,0.,-1.));
#10856=DIRECTION('',(-0.074583975709348,0.997214736437136,0.));
#10857=DIRECTION('',(-0.962766219382029,-0.270335359908455,0.));
#10858=DIRECTION('',(0.270335359908455,-0.962766219382029,0.));
#10859=DIRECTION('',(-0.270335359908455,0.962766219382029,0.));
#10860=DIRECTION('',(0.,0.,-1.));
#10861=DIRECTION('',(-0.270335359908455,0.962766219382029,0.));
#10862=DIRECTION('',(-0.785199998789326,-0.619242248155956,0.));
#10863=DIRECTION('',(0.619242248155956,-0.785199998789326,0.));
#10864=DIRECTION('',(-0.619242248155956,0.785199998789326,0.));
#10865=DIRECTION('',(0.,0.,-1.));
#10866=DIRECTION('',(-0.619242248155956,0.785199998789326,0.));
#10867=DIRECTION('',(-0.495716000385372,-0.868484684356569,0.));
#10868=DIRECTION('',(0.868484684356569,-0.495716000385372,0.));
#10869=DIRECTION('',(-0.86848468435657,0.495716000385372,0.));
#10870=DIRECTION('',(0.,0.,-1.));
#10871=DIRECTION('',(-0.86848468435657,0.495716000385372,0.));
#10872=DIRECTION('',(-0.124332636769556,-0.992240593522524,0.));
#10873=DIRECTION('',(0.992240593522523,-0.124332636769556,0.));
#10874=DIRECTION('',(-0.992240593522523,0.124332636769556,0.));
#10875=DIRECTION('',(0.,0.,-1.));
#10876=DIRECTION('',(-0.992240593522523,0.124332636769556,0.));
#10877=DIRECTION('',(0.0745050767394066,-0.997220634333273,0.));
#10878=DIRECTION('',(0.997220634333273,0.0745050767394066,0.));
#10879=DIRECTION('',(-0.997220634333273,-0.0745050767394066,0.));
#10880=DIRECTION('',(0.,0.,-1.));
#10881=DIRECTION('',(-0.997220634333273,-0.0745050767394066,0.));
#10882=DIRECTION('',(0.267639616548841,-0.963519089407983,0.));
#10883=DIRECTION('',(0.963519089407983,0.267639616548841,0.));
#10884=DIRECTION('',(-0.963519089407983,-0.267639616548841,0.));
#10885=DIRECTION('',(0.,0.,-1.));
#10886=DIRECTION('',(-0.963519089407983,-0.267639616548841,0.));
#10887=DIRECTION('',(0.615886846990395,-0.787834622052262,0.));
#10888=DIRECTION('',(0.787834622052262,0.615886846990395,0.));
#10889=DIRECTION('',(-0.787834622052262,-0.615886846990395,0.));
#10890=DIRECTION('',(0.,0.,-1.));
#10891=DIRECTION('',(-0.787834622052262,-0.615886846990395,0.));
#10892=DIRECTION('',(0.870549127174272,-0.49208151476774,0.));
#10893=DIRECTION('',(0.49208151476774,0.870549127174272,0.));
#10894=DIRECTION('',(-0.49208151476774,-0.870549127174272,0.));
#10895=DIRECTION('',(0.,0.,-1.));
#10896=DIRECTION('',(-0.49208151476774,-0.870549127174272,0.));
#10897=DIRECTION('',(0.992593124665218,-0.121486167390935,0.));
#10898=DIRECTION('',(0.121486167390935,0.992593124665218,0.));
#10899=DIRECTION('',(-0.121486167390935,-0.992593124665218,0.));
#10900=DIRECTION('',(0.,0.,-1.));
#10901=DIRECTION('',(-0.121486167390935,-0.992593124665218,0.));
#10902=DIRECTION('',(0.997219222610508,0.0745239696748238,0.));
#10903=DIRECTION('',(-0.0745239696748238,0.997219222610508,0.));
#10904=DIRECTION('',(0.0745239696748238,-0.997219222610508,0.));
#10905=DIRECTION('',(0.,0.,-1.));
#10906=DIRECTION('',(0.0745239696748238,-0.997219222610508,0.));
#10907=DIRECTION('',(0.215642996099256,-0.976472272127241,0.));
#10908=DIRECTION('',(0.976472272127241,0.215642996099256,0.));
#10909=DIRECTION('',(-0.976472272127241,-0.215642996099256,0.));
#10910=DIRECTION('',(0.,0.,-1.));
#10911=DIRECTION('',(-0.976472272127241,-0.215642996099256,0.));
#10912=DIRECTION('',(0.464726087689312,-0.885454495398259,0.));
#10913=DIRECTION('',(0.885454495398259,0.464726087689312,0.));
#10914=DIRECTION('',(-0.885454495398259,-0.464726087689312,0.));
#10915=DIRECTION('',(0.,0.,-1.));
#10916=DIRECTION('',(-0.885454495398259,-0.464726087689312,0.));
#10917=DIRECTION('',(0.578417756758871,-0.815740705534569,0.));
#10918=DIRECTION('',(0.815740705534569,0.578417756758871,0.));
#10919=DIRECTION('',(-0.815740705534569,-0.578417756758871,0.));
#10920=DIRECTION('',(0.,0.,-1.));
#10921=DIRECTION('',(-0.815740705534569,-0.578417756758871,0.));
#10922=DIRECTION('',(0.610658129465823,-0.79189434201622,0.));
#10923=DIRECTION('',(0.79189434201622,0.610658129465823,0.));
#10924=DIRECTION('',(-0.79189434201622,-0.610658129465823,0.));
#10925=DIRECTION('',(0.,0.,-1.));
#10926=DIRECTION('',(-0.79189434201622,-0.610658129465823,0.));
#10927=DIRECTION('',(-0.950596767699787,-0.310428389872314,0.));
#10928=DIRECTION('',(0.310428389872314,-0.950596767699787,0.));
#10929=DIRECTION('',(-0.310428389872314,0.950596767699787,0.));
#10930=DIRECTION('',(0.,0.,-1.));
#10931=DIRECTION('',(-0.310428389872314,0.950596767699787,0.));
#10932=DIRECTION('',(-0.877128761391168,-0.480255282053614,0.));
#10933=DIRECTION('',(0.480255282053614,-0.877128761391168,0.));
#10934=DIRECTION('',(-0.480255282053614,0.877128761391168,0.));
#10935=DIRECTION('',(0.,0.,-1.));
#10936=DIRECTION('',(-0.480255282053614,0.877128761391168,0.));
#10937=DIRECTION('',(-0.650754464455568,-0.759288237095207,0.));
#10938=DIRECTION('',(0.759288237095207,-0.650754464455568,0.));
#10939=DIRECTION('',(-0.759288237095207,0.650754464455568,0.));
#10940=DIRECTION('',(0.,0.,-1.));
#10941=DIRECTION('',(-0.759288237095207,0.650754464455568,0.));
#10942=DIRECTION('',(-0.501162357254222,-0.865353275646075,0.));
#10943=DIRECTION('',(0.865353275646075,-0.501162357254222,0.));
#10944=DIRECTION('',(-0.865353275646075,0.501162357254222,0.));
#10945=DIRECTION('',(0.,0.,-1.));
#10946=DIRECTION('',(-0.865353275646075,0.501162357254222,0.));
#10947=DIRECTION('',(-0.397636712485253,-0.917542938986465,0.));
#10948=DIRECTION('',(0.917542938986465,-0.397636712485253,0.));
#10949=DIRECTION('',(-0.917542938986465,0.397636712485253,0.));
#10950=DIRECTION('',(0.,0.,-1.));
#10951=DIRECTION('',(-0.917542938986465,0.397636712485253,0.));
#10952=DIRECTION('',(-0.232540226797975,-0.97258677912089,0.));
#10953=DIRECTION('',(0.97258677912089,-0.232540226797975,0.));
#10954=DIRECTION('',(-0.97258677912089,0.232540226797975,0.));
#10955=DIRECTION('',(0.,0.,-1.));
#10956=DIRECTION('',(-0.97258677912089,0.232540226797975,0.));
#10957=DIRECTION('',(-0.162725940791759,-0.986671307069095,0.));
#10958=DIRECTION('',(0.986671307069095,-0.162725940791759,0.));
#10959=DIRECTION('',(-0.986671307069095,0.162725940791759,0.));
#10960=DIRECTION('',(0.,0.,-1.));
#10961=DIRECTION('',(-0.986671307069095,0.162725940791759,0.));
#10962=DIRECTION('',(-0.161813475106563,-0.986821361379018,0.));
#10963=DIRECTION('',(0.986821361379018,-0.161813475106563,0.));
#10964=DIRECTION('',(-0.986821361379018,0.161813475106563,0.));
#10965=DIRECTION('',(0.,0.,-1.));
#10966=DIRECTION('',(-0.986821361379018,0.161813475106563,0.));
#10967=DIRECTION('',(-0.0224422761248661,-0.99974814040454,0.));
#10968=DIRECTION('',(0.99974814040454,-0.0224422761248661,0.));
#10969=DIRECTION('',(-0.99974814040454,0.0224422761248661,0.));
#10970=DIRECTION('',(0.,0.,-1.));
#10971=DIRECTION('',(-0.99974814040454,0.0224422761248661,0.));
#10972=DIRECTION('',(0.253257984480165,-0.967398776770492,0.));
#10973=DIRECTION('',(0.967398776770492,0.253257984480165,0.));
#10974=DIRECTION('',(-0.967398776770492,-0.253257984480165,0.));
#10975=DIRECTION('',(0.,0.,-1.));
#10976=DIRECTION('',(-0.967398776770492,-0.253257984480165,0.));
#10977=DIRECTION('',(0.502620359306784,-0.864507243700317,0.));
#10978=DIRECTION('',(0.864507243700317,0.502620359306784,0.));
#10979=DIRECTION('',(-0.864507243700317,-0.502620359306784,0.));
#10980=DIRECTION('',(0.,0.,-1.));
#10981=DIRECTION('',(-0.864507243700317,-0.502620359306784,0.));
#10982=DIRECTION('',(0.713361684125309,-0.700796052801314,0.));
#10983=DIRECTION('',(0.700796052801314,0.713361684125309,0.));
#10984=DIRECTION('',(-0.700796052801314,-0.713361684125309,0.));
#10985=DIRECTION('',(0.,0.,-1.));
#10986=DIRECTION('',(-0.700796052801314,-0.713361684125309,0.));
#10987=DIRECTION('',(-0.253419565216162,-0.967356461685997,0.));
#10988=DIRECTION('',(0.967356461685997,-0.253419565216162,0.));
#10989=DIRECTION('',(-0.967356461685997,0.253419565216162,0.));
#10990=DIRECTION('',(0.,0.,-1.));
#10991=DIRECTION('',(-0.967356461685997,0.253419565216162,0.));
#10992=DIRECTION('',(-0.0833341228327179,-0.996521662570213,0.));
#10993=DIRECTION('',(0.996521662570213,-0.0833341228327179,0.));
#10994=DIRECTION('',(-0.996521662570213,0.0833341228327179,0.));
#10995=DIRECTION('',(0.,0.,-1.));
#10996=DIRECTION('',(-0.996521662570213,0.0833341228327179,0.));
#10997=DIRECTION('',(0.0812531018023449,-0.996693500253462,0.));
#10998=DIRECTION('',(0.996693500253462,0.0812531018023449,0.));
#10999=DIRECTION('',(-0.996693500253462,-0.0812531018023448,0.));
#11000=DIRECTION('',(0.,0.,-1.));
#11001=DIRECTION('',(-0.996693500253462,-0.0812531018023448,0.));
#11002=DIRECTION('',(0.24961752096881,-0.968344511641072,0.));
#11003=DIRECTION('',(0.968344511641072,0.24961752096881,0.));
#11004=DIRECTION('',(-0.968344511641072,-0.24961752096881,0.));
#11005=DIRECTION('',(0.,0.,-1.));
#11006=DIRECTION('',(-0.968344511641072,-0.24961752096881,0.));
#11007=DIRECTION('',(-0.194679587318342,-0.980866891214889,0.));
#11008=DIRECTION('',(0.980866891214889,-0.194679587318342,0.));
#11009=DIRECTION('',(-0.980866891214889,0.194679587318342,0.));
#11010=DIRECTION('',(0.,0.,-1.));
#11011=DIRECTION('',(-0.980866891214889,0.194679587318342,0.));
#11012=DIRECTION('',(0.,-1.,0.));
#11013=DIRECTION('',(0.,0.,-1.));
#11014=DIRECTION('',(-1.,0.,0.));
#11015=DIRECTION('',(0.,0.,-1.));
#11016=DIRECTION('',(-1.,0.,0.));
#11017=DIRECTION('',(0.197903489989307,-0.980221509991518,0.));
#11018=DIRECTION('',(0.980221509991518,0.197903489989307,0.));
#11019=DIRECTION('',(-0.980221509991518,-0.197903489989307,0.));
#11020=DIRECTION('',(0.,0.,-1.));
#11021=DIRECTION('',(-0.980221509991518,-0.197903489989307,0.));
#11022=DIRECTION('',(0.559039273804234,-0.829141176365301,0.));
#11023=DIRECTION('',(0.829141176365301,0.559039273804234,0.));
#11024=DIRECTION('',(-0.829141176365301,-0.559039273804234,0.));
#11025=DIRECTION('',(0.,0.,-1.));
#11026=DIRECTION('',(-0.829141176365301,-0.559039273804234,0.));
#11027=DIRECTION('',(0.829154141426048,-0.55902004414514,0.));
#11028=DIRECTION('',(0.55902004414514,0.829154141426048,0.));
#11029=DIRECTION('',(-0.55902004414514,-0.829154141426048,0.));
#11030=DIRECTION('',(0.,0.,-1.));
#11031=DIRECTION('',(-0.55902004414514,-0.829154141426048,0.));
#11032=DIRECTION('',(0.980222602066009,-0.197898080836934,0.));
#11033=DIRECTION('',(0.197898080836934,0.980222602066009,0.));
#11034=DIRECTION('',(-0.197898080836934,-0.98022260206601,0.));
#11035=DIRECTION('',(0.,0.,-1.));
#11036=DIRECTION('',(-0.197898080836934,-0.98022260206601,0.));
#11037=DIRECTION('',(1.,0.,0.));
#11038=DIRECTION('',(0.,0.,-1.));
#11039=DIRECTION('',(0.,-1.,0.));
#11040=DIRECTION('',(0.,0.,-1.));
#11041=DIRECTION('',(0.,-1.,0.));
#11042=DIRECTION('',(-0.55152282116212,-0.834159803477353,0.));
#11043=DIRECTION('',(0.834159803477353,-0.55152282116212,0.));
#11044=DIRECTION('',(-0.834159803477353,0.55152282116212,0.));
#11045=DIRECTION('',(0.,0.,-1.));
#11046=DIRECTION('',(-0.834159803477353,0.55152282116212,0.));
#11047=DIRECTION('',(-0.292037046068764,-0.956407007357972,0.));
#11048=DIRECTION('',(0.956407007357972,-0.292037046068764,0.));
#11049=DIRECTION('',(-0.956407007357972,0.292037046068764,0.));
#11050=DIRECTION('',(0.,0.,-1.));
#11051=DIRECTION('',(-0.956407007357972,0.292037046068764,0.));
#11052=DIRECTION('',(-0.0987615662706291,-0.995111125969242,0.));
#11053=DIRECTION('',(0.995111125969242,-0.0987615662706291,0.));
#11054=DIRECTION('',(-0.995111125969242,0.0987615662706291,0.));
#11055=DIRECTION('',(0.,0.,-1.));
#11056=DIRECTION('',(-0.995111125969242,0.0987615662706291,0.));
#11057=DIRECTION('',(0.0554831943714462,-0.998459621187727,0.));
#11058=DIRECTION('',(0.998459621187727,0.0554831943714462,0.));
#11059=DIRECTION('',(-0.998459621187727,-0.0554831943714462,0.));
#11060=DIRECTION('',(0.,0.,-1.));
#11061=DIRECTION('',(-0.998459621187727,-0.0554831943714462,0.));
#11062=DIRECTION('',(-0.88790108026757,-0.460034424428958,0.));
#11063=DIRECTION('',(0.460034424428958,-0.88790108026757,0.));
#11064=DIRECTION('',(-0.460034424428958,0.88790108026757,0.));
#11065=DIRECTION('',(0.,0.,-1.));
#11066=DIRECTION('',(-0.460034424428958,0.88790108026757,0.));
#11067=DIRECTION('',(-0.756394592123875,-0.654115602172702,0.));
#11068=DIRECTION('',(0.654115602172702,-0.756394592123875,0.));
#11069=DIRECTION('',(-0.654115602172702,0.756394592123875,0.));
#11070=DIRECTION('',(0.,0.,-1.));
#11071=DIRECTION('',(-0.654115602172702,0.756394592123875,0.));
#11072=DIRECTION('',(-0.831727841208378,0.555183571585877,0.));
#11073=DIRECTION('',(-0.555183571585877,-0.831727841208378,0.));
#11074=DIRECTION('',(0.555183571585877,0.831727841208378,0.));
#11075=DIRECTION('',(0.,0.,-1.));
#11076=DIRECTION('',(0.555183571585877,0.831727841208378,0.));
#11077=DIRECTION('',(-0.643801717715226,-0.765192360303554,0.));
#11078=DIRECTION('',(0.765192360303554,-0.643801717715226,0.));
#11079=DIRECTION('',(-0.765192360303554,0.643801717715226,0.));
#11080=DIRECTION('',(0.,0.,-1.));
#11081=DIRECTION('',(-0.765192360303554,0.643801717715226,0.));
#11082=DIRECTION('',(-0.662917251799022,-0.748692672107342,0.));
#11083=DIRECTION('',(0.748692672107342,-0.662917251799022,0.));
#11084=DIRECTION('',(-0.748692672107342,0.662917251799022,0.));
#11085=DIRECTION('',(0.,0.,-1.));
#11086=DIRECTION('',(-0.748692672107342,0.662917251799022,0.));
#11087=DIRECTION('',(0.945307560411361,-0.326180343106574,0.));
#11088=DIRECTION('',(0.326180343106574,0.94530756041136,0.));
#11089=DIRECTION('',(-0.326180343106574,-0.94530756041136,0.));
#11090=DIRECTION('',(0.,0.,-1.));
#11091=DIRECTION('',(-0.326180343106574,-0.94530756041136,0.));
#11092=DIRECTION('',(-0.547068801036884,-0.837087645908161,0.));
#11093=DIRECTION('',(0.837087645908161,-0.547068801036884,0.));
#11094=DIRECTION('',(-0.837087645908161,0.547068801036884,0.));
#11095=DIRECTION('',(0.,0.,-1.));
#11096=DIRECTION('',(-0.837087645908161,0.547068801036884,0.));
#11097=DIRECTION('',(-0.396850999969766,-0.917883044740994,0.));
#11098=DIRECTION('',(0.917883044740994,-0.396850999969766,0.));
#11099=DIRECTION('',(-0.917883044740994,0.396850999969766,0.));
#11100=DIRECTION('',(0.,0.,-1.));
#11101=DIRECTION('',(-0.917883044740994,0.396850999969766,0.));
#11102=DIRECTION('',(-0.302289020486597,-0.953216317576055,0.));
#11103=DIRECTION('',(0.953216317576055,-0.302289020486597,0.));
#11104=DIRECTION('',(-0.953216317576055,0.302289020486597,0.));
#11105=DIRECTION('',(0.,0.,-1.));
#11106=DIRECTION('',(-0.953216317576055,0.302289020486597,0.));
#11107=DIRECTION('',(-0.234206692364035,-0.972186826310611,0.));
#11108=DIRECTION('',(0.972186826310611,-0.234206692364035,0.));
#11109=DIRECTION('',(-0.972186826310611,0.234206692364035,0.));
#11110=DIRECTION('',(0.,0.,-1.));
#11111=DIRECTION('',(-0.972186826310611,0.234206692364035,0.));
#11112=DIRECTION('',(-0.0815786025240645,-0.996666911064183,0.));
#11113=DIRECTION('',(0.996666911064183,-0.0815786025240645,0.));
#11114=DIRECTION('',(-0.996666911064183,0.0815786025240645,0.));
#11115=DIRECTION('',(0.,0.,-1.));
#11116=DIRECTION('',(-0.996666911064183,0.0815786025240645,0.));
#11117=DIRECTION('',(0.126193804067276,-0.992005606745763,0.));
#11118=DIRECTION('',(0.992005606745763,0.126193804067276,0.));
#11119=DIRECTION('',(-0.992005606745763,-0.126193804067276,0.));
#11120=DIRECTION('',(0.,0.,-1.));
#11121=DIRECTION('',(-0.992005606745763,-0.126193804067276,0.));
#11122=DIRECTION('',(-0.537185530841555,-0.843464110353533,0.));
#11123=DIRECTION('',(0.843464110353533,-0.537185530841555,0.));
#11124=DIRECTION('',(-0.843464110353533,0.537185530841555,0.));
#11125=DIRECTION('',(0.,0.,-1.));
#11126=DIRECTION('',(-0.843464110353533,0.537185530841555,0.));
#11127=DIRECTION('',(-0.382501204406721,-0.923954992749867,0.));
#11128=DIRECTION('',(0.923954992749867,-0.382501204406721,0.));
#11129=DIRECTION('',(-0.923954992749867,0.382501204406721,0.));
#11130=DIRECTION('',(0.,0.,-1.));
#11131=DIRECTION('',(-0.923954992749867,0.382501204406721,0.));
#11132=DIRECTION('',(-0.321516250937369,-0.946904060812488,0.));
#11133=DIRECTION('',(0.946904060812487,-0.321516250937369,0.));
#11134=DIRECTION('',(-0.946904060812487,0.321516250937369,0.));
#11135=DIRECTION('',(0.,0.,-1.));
#11136=DIRECTION('',(-0.946904060812487,0.321516250937369,0.));
#11137=DIRECTION('',(-0.330737099465921,-0.943722931286969,0.));
#11138=DIRECTION('',(0.943722931286969,-0.330737099465921,0.));
#11139=DIRECTION('',(-0.943722931286969,0.330737099465921,0.));
#11140=DIRECTION('',(0.,0.,-1.));
#11141=DIRECTION('',(-0.943722931286969,0.330737099465921,0.));
#11142=DIRECTION('',(-0.268108622760181,-0.963388689160112,0.));
#11143=DIRECTION('',(0.963388689160112,-0.268108622760181,0.));
#11144=DIRECTION('',(-0.963388689160112,0.268108622760181,0.));
#11145=DIRECTION('',(0.,0.,-1.));
#11146=DIRECTION('',(-0.963388689160112,0.268108622760181,0.));
#11147=DIRECTION('',(0.00512318593141675,-0.999986876396842,0.));
#11148=DIRECTION('',(0.999986876396842,0.00512318593141675,0.));
#11149=DIRECTION('',(-0.999986876396842,-0.00512318593141676,0.));
#11150=DIRECTION('',(0.,0.,-1.));
#11151=DIRECTION('',(-0.999986876396842,-0.00512318593141676,0.));
#11152=DIRECTION('',(0.234481302537175,-0.972120629737107,0.));
#11153=DIRECTION('',(0.972120629737107,0.234481302537175,0.));
#11154=DIRECTION('',(-0.972120629737107,-0.234481302537175,0.));
#11155=DIRECTION('',(0.,0.,-1.));
#11156=DIRECTION('',(-0.972120629737107,-0.234481302537175,0.));
#11157=DIRECTION('',(0.441434175112976,-0.89729363590874,0.));
#11158=DIRECTION('',(0.89729363590874,0.441434175112976,0.));
#11159=DIRECTION('',(-0.89729363590874,-0.441434175112976,0.));
#11160=DIRECTION('',(0.,0.,-1.));
#11161=DIRECTION('',(-0.89729363590874,-0.441434175112976,0.));
#11162=DIRECTION('',(-0.708442201180495,-0.705768834383139,0.));
#11163=DIRECTION('',(0.705768834383139,-0.708442201180495,0.));
#11164=DIRECTION('',(-0.705768834383139,0.708442201180495,0.));
#11165=DIRECTION('',(0.,0.,-1.));
#11166=DIRECTION('',(-0.705768834383139,0.708442201180495,0.));
#11167=DIRECTION('',(0.596318682022803,-0.802747799418091,0.));
#11168=DIRECTION('',(0.802747799418091,0.596318682022803,0.));
#11169=DIRECTION('',(-0.802747799418091,-0.596318682022803,0.));
#11170=DIRECTION('',(0.,0.,-1.));
#11171=DIRECTION('',(-0.802747799418091,-0.596318682022803,0.));
#11172=DIRECTION('',(0.568508972051738,-0.822677062216199,0.));
#11173=DIRECTION('',(0.822677062216199,0.568508972051738,0.));
#11174=DIRECTION('',(-0.822677062216199,-0.568508972051738,0.));
#11175=DIRECTION('',(0.,0.,-1.));
#11176=DIRECTION('',(-0.822677062216199,-0.568508972051738,0.));
#11177=DIRECTION('',(0.604615377654479,-0.79651757363145,0.));
#11178=DIRECTION('',(0.79651757363145,0.604615377654479,0.));
#11179=DIRECTION('',(-0.79651757363145,-0.604615377654479,0.));
#11180=DIRECTION('',(0.,0.,-1.));
#11181=DIRECTION('',(-0.79651757363145,-0.604615377654479,0.));
#11182=DIRECTION('',(-0.460772732838909,-0.88751816244636,0.));
#11183=DIRECTION('',(0.88751816244636,-0.460772732838909,0.));
#11184=DIRECTION('',(-0.88751816244636,0.460772732838909,0.));
#11185=DIRECTION('',(0.,0.,-1.));
#11186=DIRECTION('',(-0.88751816244636,0.460772732838909,0.));
#11187=DIRECTION('',(-0.159867497221028,-0.987138482347986,0.));
#11188=DIRECTION('',(0.987138482347986,-0.159867497221028,0.));
#11189=DIRECTION('',(-0.987138482347986,0.159867497221028,0.));
#11190=DIRECTION('',(0.,0.,-1.));
#11191=DIRECTION('',(-0.987138482347986,0.159867497221028,0.));
#11192=DIRECTION('',(0.100298908161704,-0.994957350353054,0.));
#11193=DIRECTION('',(0.994957350353054,0.100298908161704,0.));
#11194=DIRECTION('',(-0.994957350353054,-0.100298908161704,0.));
#11195=DIRECTION('',(0.,0.,-1.));
#11196=DIRECTION('',(-0.994957350353054,-0.100298908161704,0.));
#11197=DIRECTION('',(0.296467073993617,-0.955043074440972,0.));
#11198=DIRECTION('',(0.955043074440972,0.296467073993617,0.));
#11199=DIRECTION('',(-0.955043074440972,-0.296467073993617,0.));
#11200=DIRECTION('',(0.,0.,-1.));
#11201=DIRECTION('',(-0.955043074440972,-0.296467073993617,0.));
#11202=DIRECTION('',(0.559056279528336,-0.82912971019011,0.));
#11203=DIRECTION('',(0.82912971019011,0.559056279528336,0.));
#11204=DIRECTION('',(-0.82912971019011,-0.559056279528336,0.));
#11205=DIRECTION('',(0.,0.,-1.));
#11206=DIRECTION('',(-0.82912971019011,-0.559056279528336,0.));
#11207=DIRECTION('',(0.82918283646292,-0.55897748050821,0.));
#11208=DIRECTION('',(0.55897748050821,0.82918283646292,0.));
#11209=DIRECTION('',(-0.55897748050821,-0.82918283646292,0.));
#11210=DIRECTION('',(0.,0.,-1.));
#11211=DIRECTION('',(-0.55897748050821,-0.82918283646292,0.));
#11212=DIRECTION('',(0.95505870670395,-0.296416711318675,0.));
#11213=DIRECTION('',(0.296416711318675,0.95505870670395,0.));
#11214=DIRECTION('',(-0.296416711318675,-0.95505870670395,0.));
#11215=DIRECTION('',(0.,0.,-1.));
#11216=DIRECTION('',(-0.296416711318675,-0.95505870670395,0.));
#11217=DIRECTION('',(0.994959021280691,-0.100282331306018,0.));
#11218=DIRECTION('',(0.100282331306018,0.994959021280691,0.));
#11219=DIRECTION('',(-0.100282331306018,-0.994959021280691,0.));
#11220=DIRECTION('',(0.,0.,-1.));
#11221=DIRECTION('',(-0.100282331306018,-0.994959021280691,0.));
#11222=DIRECTION('',(0.995126393392403,0.0986076121495133,0.));
#11223=DIRECTION('',(-0.0986076121495133,0.995126393392403,0.));
#11224=DIRECTION('',(0.0986076121495134,-0.995126393392403,0.));
#11225=DIRECTION('',(0.,0.,-1.));
#11226=DIRECTION('',(0.0986076121495134,-0.995126393392403,0.));
#11227=DIRECTION('',(0.956536095927153,0.291613952321286,0.));
#11228=DIRECTION('',(-0.291613952321286,0.956536095927152,0.));
#11229=DIRECTION('',(0.291613952321286,-0.956536095927152,0.));
#11230=DIRECTION('',(0.,0.,-1.));
#11231=DIRECTION('',(0.291613952321286,-0.956536095927152,0.));
#11232=DIRECTION('',(0.834537141253741,0.550951685602316,0.));
#11233=DIRECTION('',(-0.550951685602316,0.834537141253741,0.));
#11234=DIRECTION('',(0.550951685602316,-0.834537141253741,0.));
#11235=DIRECTION('',(0.,0.,-1.));
#11236=DIRECTION('',(0.550951685602316,-0.834537141253741,0.));
#11237=DIRECTION('',(0.571953655782081,0.820285935291782,0.));
#11238=DIRECTION('',(-0.820285935291782,0.571953655782081,0.));
#11239=DIRECTION('',(0.820285935291782,-0.571953655782081,0.));
#11240=DIRECTION('',(0.,0.,-1.));
#11241=DIRECTION('',(0.820285935291782,-0.571953655782081,0.));
#11242=DIRECTION('',(0.315898033454225,0.948793145242815,0.));
#11243=DIRECTION('',(-0.948793145242815,0.315898033454225,0.));
#11244=DIRECTION('',(0.948793145242815,-0.315898033454225,0.));
#11245=DIRECTION('',(0.,0.,-1.));
#11246=DIRECTION('',(0.948793145242815,-0.315898033454225,0.));
#11247=DIRECTION('',(0.123921297704092,0.992292049739054,0.));
#11248=DIRECTION('',(-0.992292049739054,0.123921297704092,0.));
#11249=DIRECTION('',(0.992292049739054,-0.123921297704092,0.));
#11250=DIRECTION('',(0.,0.,-1.));
#11251=DIRECTION('',(0.992292049739054,-0.123921297704092,0.));
#11252=DIRECTION('',(0.0127980833594164,0.999918101177454,0.));
#11253=DIRECTION('',(-0.999918101177454,0.0127980833594164,0.));
#11254=DIRECTION('',(0.999918101177454,-0.0127980833594165,0.));
#11255=DIRECTION('',(0.,0.,-1.));
#11256=DIRECTION('',(0.999918101177454,-0.0127980833594165,0.));
#11257=DIRECTION('',(-0.098651332332332,0.995122060166016,0.));
#11258=DIRECTION('',(-0.995122060166016,-0.098651332332332,0.));
#11259=DIRECTION('',(0.995122060166016,0.098651332332332,0.));
#11260=DIRECTION('',(0.,0.,-1.));
#11261=DIRECTION('',(0.995122060166016,0.098651332332332,0.));
#11262=DIRECTION('',(-0.29182499061668,0.956471732385006,0.));
#11263=DIRECTION('',(-0.956471732385006,-0.29182499061668,0.));
#11264=DIRECTION('',(0.956471732385006,0.29182499061668,0.));
#11265=DIRECTION('',(0.,0.,-1.));
#11266=DIRECTION('',(0.956471732385006,0.29182499061668,0.));
#11267=DIRECTION('',(-0.55128085074193,0.834319737034462,0.));
#11268=DIRECTION('',(-0.834319737034462,-0.55128085074193,0.));
#11269=DIRECTION('',(0.834319737034462,0.55128085074193,0.));
#11270=DIRECTION('',(0.,0.,-1.));
#11271=DIRECTION('',(0.834319737034462,0.55128085074193,0.));
#11272=DIRECTION('',(0.890904140503798,0.454191383045946,0.));
#11273=DIRECTION('',(-0.454191383045946,0.890904140503798,0.));
#11274=DIRECTION('',(0.454191383045946,-0.890904140503798,0.));
#11275=DIRECTION('',(0.,0.,-1.));
#11276=DIRECTION('',(0.454191383045946,-0.890904140503798,0.));
#11277=DIRECTION('',(0.819470238132609,0.573121739960093,0.));
#11278=DIRECTION('',(-0.573121739960093,0.81947023813261,0.));
#11279=DIRECTION('',(0.573121739960093,-0.81947023813261,0.));
#11280=DIRECTION('',(0.,0.,-1.));
#11281=DIRECTION('',(0.573121739960093,-0.81947023813261,0.));
#11282=DIRECTION('',(0.75606322884582,0.65449858211247,0.));
#11283=DIRECTION('',(-0.65449858211247,0.75606322884582,0.));
#11284=DIRECTION('',(0.65449858211247,-0.75606322884582,0.));
#11285=DIRECTION('',(0.,0.,-1.));
#11286=DIRECTION('',(0.65449858211247,-0.75606322884582,0.));
#11287=DIRECTION('',(0.722565049488417,0.691302935953408,0.));
#11288=DIRECTION('',(-0.691302935953408,0.722565049488417,0.));
#11289=DIRECTION('',(0.691302935953408,-0.722565049488417,0.));
#11290=DIRECTION('',(0.,0.,-1.));
#11291=DIRECTION('',(0.691302935953408,-0.722565049488417,0.));
#11292=DIRECTION('',(0.695671871863481,0.718359691726895,0.));
#11293=DIRECTION('',(-0.718359691726895,0.695671871863481,0.));
#11294=DIRECTION('',(0.718359691726895,-0.695671871863481,0.));
#11295=DIRECTION('',(0.,0.,-1.));
#11296=DIRECTION('',(0.718359691726895,-0.695671871863481,0.));
#11297=DIRECTION('',(0.55528281241221,0.831661588772492,0.));
#11298=DIRECTION('',(-0.831661588772492,0.55528281241221,0.));
#11299=DIRECTION('',(0.831661588772492,-0.55528281241221,0.));
#11300=DIRECTION('',(0.,0.,-1.));
#11301=DIRECTION('',(0.831661588772492,-0.55528281241221,0.));
#11302=DIRECTION('',(0.333030760746733,0.942915962531366,0.));
#11303=DIRECTION('',(-0.942915962531366,0.333030760746733,0.));
#11304=DIRECTION('',(0.942915962531366,-0.333030760746733,0.));
#11305=DIRECTION('',(0.,0.,-1.));
#11306=DIRECTION('',(0.942915962531366,-0.333030760746733,0.));
#11307=DIRECTION('',(0.894765220634705,-0.446536896507475,0.));
#11308=DIRECTION('',(0.446536896507475,0.894765220634705,0.));
#11309=DIRECTION('',(-0.446536896507475,-0.894765220634705,0.));
#11310=DIRECTION('',(0.,0.,-1.));
#11311=DIRECTION('',(-0.446536896507475,-0.894765220634705,0.));
#11312=DIRECTION('',(0.158682990493437,0.987329584550195,0.));
#11313=DIRECTION('',(-0.987329584550195,0.158682990493437,0.));
#11314=DIRECTION('',(0.987329584550195,-0.158682990493437,0.));
#11315=DIRECTION('',(0.,0.,-1.));
#11316=DIRECTION('',(0.987329584550195,-0.158682990493437,0.));
#11317=DIRECTION('',(-0.0688598031543631,0.997626346639634,0.));
#11318=DIRECTION('',(-0.997626346639634,-0.0688598031543631,0.));
#11319=DIRECTION('',(0.997626346639634,0.0688598031543631,0.));
#11320=DIRECTION('',(0.,0.,-1.));
#11321=DIRECTION('',(0.997626346639634,0.0688598031543631,0.));
#11322=DIRECTION('',(-0.352878046848731,0.935669324094909,0.));
#11323=DIRECTION('',(-0.935669324094909,-0.352878046848731,0.));
#11324=DIRECTION('',(0.935669324094909,0.352878046848731,0.));
#11325=DIRECTION('',(0.,0.,-1.));
#11326=DIRECTION('',(0.935669324094909,0.352878046848731,0.));
#11327=DIRECTION('',(-0.559061788151972,0.829125995870543,0.));
#11328=DIRECTION('',(-0.829125995870543,-0.559061788151972,0.));
#11329=DIRECTION('',(0.829125995870543,0.559061788151972,0.));
#11330=DIRECTION('',(0.,0.,-1.));
#11331=DIRECTION('',(0.829125995870543,0.559061788151972,0.));
#11332=DIRECTION('',(0.898949337243952,0.438052609932482,0.));
#11333=DIRECTION('',(-0.438052609932482,0.898949337243952,0.));
#11334=DIRECTION('',(0.438052609932482,-0.898949337243952,0.));
#11335=DIRECTION('',(0.,0.,-1.));
#11336=DIRECTION('',(0.438052609932482,-0.898949337243952,0.));
#11337=DIRECTION('',(0.719358642700006,0.694638858093041,0.));
#11338=DIRECTION('',(-0.694638858093041,0.719358642700006,0.));
#11339=DIRECTION('',(0.694638858093041,-0.719358642700006,0.));
#11340=DIRECTION('',(0.,0.,-1.));
#11341=DIRECTION('',(0.694638858093041,-0.719358642700006,0.));
#11342=DIRECTION('',(0.46903801984018,0.883177975237383,0.));
#11343=DIRECTION('',(-0.883177975237383,0.46903801984018,0.));
#11344=DIRECTION('',(0.883177975237383,-0.46903801984018,0.));
#11345=DIRECTION('',(0.,0.,-1.));
#11346=DIRECTION('',(0.883177975237383,-0.46903801984018,0.));
#11347=DIRECTION('',(0.162830426461845,0.986654069174325,0.));
#11348=DIRECTION('',(-0.986654069174325,0.162830426461845,0.));
#11349=DIRECTION('',(0.986654069174325,-0.162830426461845,0.));
#11350=DIRECTION('',(0.,0.,-1.));
#11351=DIRECTION('',(0.986654069174325,-0.162830426461845,0.));
#11352=DIRECTION('',(-0.0989717347634076,0.99509024501194,0.));
#11353=DIRECTION('',(-0.99509024501194,-0.0989717347634076,0.));
#11354=DIRECTION('',(0.99509024501194,0.0989717347634076,0.));
#11355=DIRECTION('',(0.,0.,-1.));
#11356=DIRECTION('',(0.99509024501194,0.0989717347634076,0.));
#11357=DIRECTION('',(-0.292723346420319,0.956197177605377,0.));
#11358=DIRECTION('',(-0.956197177605377,-0.292723346420319,0.));
#11359=DIRECTION('',(0.956197177605377,0.292723346420319,0.));
#11360=DIRECTION('',(0.,0.,-1.));
#11361=DIRECTION('',(0.956197177605377,0.292723346420319,0.));
#11362=DIRECTION('',(-0.552582647708652,0.833458107796245,0.));
#11363=DIRECTION('',(-0.833458107796245,-0.552582647708652,0.));
#11364=DIRECTION('',(0.833458107796244,0.552582647708652,0.));
#11365=DIRECTION('',(0.,0.,-1.));
#11366=DIRECTION('',(0.833458107796244,0.552582647708652,0.));
#11367=DIRECTION('',(1.,0.,0.));
#11368=DIRECTION('',(0.,0.,-1.));
#11369=DIRECTION('',(0.,-1.,0.));
#11370=DIRECTION('',(0.,0.,-1.));
#11371=DIRECTION('',(0.,-1.,0.));
#11372=DIRECTION('',(0.980223273025519,0.197894757432175,0.));
#11373=DIRECTION('',(-0.197894757432175,0.980223273025519,0.));
#11374=DIRECTION('',(0.197894757432174,-0.980223273025519,0.));
#11375=DIRECTION('',(0.,0.,-1.));
#11376=DIRECTION('',(0.197894757432174,-0.980223273025519,0.));
#11377=DIRECTION('',(0.829151676620824,0.559023699995695,0.));
#11378=DIRECTION('',(-0.559023699995695,0.829151676620824,0.));
#11379=DIRECTION('',(0.559023699995695,-0.829151676620824,0.));
#11380=DIRECTION('',(0.,0.,-1.));
#11381=DIRECTION('',(0.559023699995695,-0.829151676620824,0.));
#11382=DIRECTION('',(0.559029784826705,0.829147574124539,0.));
#11383=DIRECTION('',(-0.829147574124539,0.559029784826705,0.));
#11384=DIRECTION('',(0.829147574124539,-0.559029784826705,0.));
#11385=DIRECTION('',(0.,0.,-1.));
#11386=DIRECTION('',(0.829147574124539,-0.559029784826705,0.));
#11387=DIRECTION('',(0.197904404482455,0.980221325357924,0.));
#11388=DIRECTION('',(-0.980221325357924,0.197904404482455,0.));
#11389=DIRECTION('',(0.980221325357924,-0.197904404482455,0.));
#11390=DIRECTION('',(0.,0.,-1.));
#11391=DIRECTION('',(0.980221325357924,-0.197904404482455,0.));
#11392=DIRECTION('',(0.,1.,0.));
#11393=DIRECTION('',(0.,0.,1.));
#11394=DIRECTION('',(1.,0.,0.));
#11395=DIRECTION('',(0.,0.,-1.));
#11396=DIRECTION('',(1.,0.,0.));
#11397=DIRECTION('',(-0.197894160404197,0.980223393557774,0.));
#11398=DIRECTION('',(-0.980223393557774,-0.197894160404197,0.));
#11399=DIRECTION('',(0.980223393557774,0.197894160404197,0.));
#11400=DIRECTION('',(0.,0.,-1.));
#11401=DIRECTION('',(0.980223393557774,0.197894160404197,0.));
#11402=DIRECTION('',(-0.55902910703419,0.829148031106965,0.));
#11403=DIRECTION('',(-0.829148031106965,-0.55902910703419,0.));
#11404=DIRECTION('',(0.829148031106965,0.55902910703419,0.));
#11405=DIRECTION('',(0.,0.,-1.));
#11406=DIRECTION('',(0.829148031106965,0.55902910703419,0.));
#11407=DIRECTION('',(-0.829153366010774,0.559021194261008,0.));
#11408=DIRECTION('',(-0.559021194261008,-0.829153366010774,0.));
#11409=DIRECTION('',(0.559021194261008,0.829153366010774,0.));
#11410=DIRECTION('',(0.,0.,-1.));
#11411=DIRECTION('',(0.559021194261008,0.829153366010774,0.));
#11412=DIRECTION('',(-0.980223571218895,0.197893280398491,0.));
#11413=DIRECTION('',(-0.197893280398491,-0.980223571218895,0.));
#11414=DIRECTION('',(0.197893280398491,0.980223571218895,0.));
#11415=DIRECTION('',(0.197893280398491,0.980223571218895,0.));
#11416=DIRECTION('',(0.,0.,1.));
#11417=DIRECTION('',(1.,0.,0.));
#11418=DIRECTION('',(0.,0.,1.));
#11419=DIRECTION('',(1.,0.,0.));
#11420=DIRECTION('',(0.,0.,1.));
#11421=DIRECTION('',(1.,0.,0.));
#11422=DIRECTION('',(0.,-1.,0.));
#11423=DIRECTION('',(-1.,0.,0.));
#11424=DIRECTION('',(0.,1.,0.));
#11425=DIRECTION('',(1.,0.,0.));
#11426=DIRECTION('',(0.109352971099616,-0.994002981741849,0.));
#11427=DIRECTION('',(0.725660781613108,0.688052636088732,0.));
#11428=DIRECTION('',(0.836442657397982,0.548054450657051,0.));
#11429=DIRECTION('',(0.939519861189282,0.342494423941284,0.));
#11430=DIRECTION('',(0.993958676196242,0.109754954394844,0.));
#11431=DIRECTION('',(0.991277389266998,-0.131792023764734,0.));
#11432=DIRECTION('',(0.91555085440905,-0.402202228973011,0.));
#11433=DIRECTION('',(0.766315197790497,-0.642464798751894,0.));
#11434=DIRECTION('',(0.577551678372684,-0.816354125860154,0.));
#11435=DIRECTION('',(0.341687735032784,-0.9398135409368,0.));
#11436=DIRECTION('',(0.103587273333256,-0.994620368182444,0.));
#11437=DIRECTION('',(-0.110029761561573,-0.993928292972236,0.));
#11438=DIRECTION('',(-0.355017435714504,-0.934859679491365,0.));
#11439=DIRECTION('',(-0.597425388253365,-0.801924501103636,0.));
#11440=DIRECTION('',(-0.788886730153316,-0.614538629370042,0.));
#11441=DIRECTION('',(-0.922255666634438,-0.386580503078813,0.));
#11442=DIRECTION('',(-0.992218041787308,-0.124512479502094,0.));
#11443=DIRECTION('',(-0.979281329460335,0.20250451296304,0.));
#11444=DIRECTION('',(-0.847445957011983,0.530881672262327,0.));
#11445=DIRECTION('',(-0.942338028891988,0.334662575296317,0.));
#11446=DIRECTION('',(-0.815481612402091,0.57878298163827,0.));
#11447=DIRECTION('',(-0.631268312524009,0.775564515435751,0.));
#11448=DIRECTION('',(-0.41093678085644,0.911663842728967,0.));
#11449=DIRECTION('',(-0.177457345620139,0.984128492873494,0.));
#11450=DIRECTION('',(0.0394077226858357,0.999223213998112,0.));
#11451=DIRECTION('',(0.294814384902471,0.955554539759284,0.));
#11452=DIRECTION('',(0.522742242466563,0.852490790531504,0.));
#11453=DIRECTION('',(0.727282267527206,0.686338475783258,0.));
#11454=DIRECTION('',(0.888023232320162,0.459798585099662,0.));
#11455=DIRECTION('',(0.980091805857391,0.19854483647579,0.));
#11456=DIRECTION('',(0.990356451265035,-0.138542771149295,0.));
#11457=DIRECTION('',(0.86429429089266,-0.502986459788286,0.));
#11458=DIRECTION('',(-0.0745567965752646,0.997216768854412,0.));
#11459=DIRECTION('',(0.997220634333273,0.0745050767394051,0.));
#11460=DIRECTION('',(0.0745053473420775,-0.997220614115771,0.));
#11461=DIRECTION('',(-0.997212441145593,-0.0746146582411681,0.));
#11462=DIRECTION('',(-0.170739016404261,0.985316288446155,0.));
#11463=DIRECTION('',(-0.662516819661658,-0.749047037017971,0.));
#11464=DIRECTION('',(-0.785023988531848,-0.619465364188789,0.));
#11465=DIRECTION('',(-0.907581182512847,-0.419876645157339,0.));
#11466=DIRECTION('',(-0.982195378736433,-0.187862284636364,0.));
#11467=DIRECTION('',(-0.998232389749269,0.0594314399578479,0.));
#11468=DIRECTION('',(-0.105484225803526,-0.994420976300596,0.));
#11469=DIRECTION('',(-0.245740919783995,-0.969335545796045,0.));
#11470=DIRECTION('',(-0.969341175781232,0.2457187109991,0.));
#11471=DIRECTION('',(0.245767004659346,0.969328932520211,0.));
#11472=DIRECTION('',(0.126836546922672,0.991923631316813,0.));
#11473=DIRECTION('',(-0.213747116969535,0.976889026444259,0.));
#11474=DIRECTION('',(-0.685799178219431,0.727790826510993,0.));
#11475=DIRECTION('',(-0.924063962813373,0.38223787440499,0.));
#11476=DIRECTION('',(-0.999736775069785,0.0229429852692785,0.));
#11477=DIRECTION('',(-0.949412058732775,-0.314033028092258,0.));
#11478=DIRECTION('',(-0.892543168244968,-0.450961963827588,0.));
#11479=DIRECTION('',(-0.245767101014805,-0.969328908089911,0.));
#11480=DIRECTION('',(-0.969335560196605,0.245740862980364,0.));
#11481=DIRECTION('',(0.245715030707108,0.969342108692594,0.));
#11482=DIRECTION('',(0.969306313795399,-0.245856197880743,0.));
#11483=DIRECTION('',(-0.201114988563262,-0.979567640020432,0.));
#11484=DIRECTION('',(0.89474617207875,0.446575063735564,0.));
#11485=DIRECTION('',(0.95762979144803,0.288002052998241,0.));
#11486=DIRECTION('',(0.997288730301185,-0.0735879637865436,0.));
#11487=DIRECTION('',(0.91783195917104,-0.396969135732553,0.));
#11488=DIRECTION('',(0.662434508060829,-0.749119831889536,0.));
#11489=DIRECTION('',(0.258234513321206,-0.966082261574945,0.));
#11490=DIRECTION('',(0.,1.,0.));
#11491=DIRECTION('',(1.,0.,0.));
#11492=DIRECTION('',(0.,-1.,0.));
#11493=DIRECTION('',(-1.,0.,0.));
#11494=DIRECTION('',(-0.0968709965614529,0.995296945652498,0.));
#11495=DIRECTION('',(-0.716412314371482,-0.697677142965783,0.));
#11496=DIRECTION('',(-0.828878440655799,-0.559428753833776,0.));
#11497=DIRECTION('',(-0.936352392035931,-0.351061530117714,0.));
#11498=DIRECTION('',(-0.993459524978785,-0.114184816104977,0.));
#11499=DIRECTION('',(-0.991034542302648,0.13360589793486,0.));
#11500=DIRECTION('',(-0.91479917345318,0.403908990057636,0.));
#11501=DIRECTION('',(-0.770063487054289,0.637967260841643,0.));
#11502=DIRECTION('',(-0.57168123888243,0.820475813848191,0.));
#11503=DIRECTION('',(-0.341744066202234,0.939793058718547,0.));
#11504=DIRECTION('',(-0.103527688977555,0.994626571942941,0.));
#11505=DIRECTION('',(0.113568400026431,0.993530179972122,0.));
#11506=DIRECTION('',(0.365187692329422,0.930933912461626,0.));
#11507=DIRECTION('',(0.584791810044032,0.811183418781119,0.));
#11508=DIRECTION('',(0.776395117482788,0.63024647682386,0.));
#11509=DIRECTION('',(0.919798550649817,0.392390909964153,0.));
#11510=DIRECTION('',(0.992147735679189,0.12507146191941,0.));
#11511=DIRECTION('',(0.977263031282238,-0.212030581966498,0.));
#11512=DIRECTION('',(0.824387677989893,-0.566025579261602,0.));
#11513=DIRECTION('',(-0.121052520302005,0.992646103769381,0.));
#11514=DIRECTION('',(-0.523317008563378,-0.852138080681927,0.));
#11515=DIRECTION('',(-0.648211706968038,-0.761460165044491,0.));
#11516=DIRECTION('',(-0.845963089229302,-0.533241457185782,0.));
#11517=DIRECTION('',(-0.963342416669929,-0.268274837143816,0.));
#11518=DIRECTION('',(-0.988732024978656,-0.149696301830091,0.));
#11519=DIRECTION('',(-0.159555117564891,0.987189021646237,0.));
#11520=DIRECTION('',(0.984915487223516,0.173036074352324,0.));
#11521=DIRECTION('',(0.973243019019046,0.229778210304401,0.));
#11522=DIRECTION('',(0.850763465278111,0.525548785697371,0.));
#11523=DIRECTION('',(0.640781112702612,0.767723625794858,0.));
#11524=DIRECTION('',(0.575563630835936,0.817756997438087,0.));
#11525=DIRECTION('',(-0.0896652297622881,0.995971960735681,0.));
#11526=DIRECTION('',(-0.99597743911527,-0.0896043568884217,0.));
#11527=DIRECTION('',(-0.0896376588099799,0.99597444250496,0.));
#11528=DIRECTION('',(0.995977439115271,0.0896043568884212,0.));
#11529=DIRECTION('',(-0.707106781188406,0.707106781184689,0.));
#11530=DIRECTION('',(0.995964004447132,0.0897535617434409,0.));
#11531=DIRECTION('',(0.707106781190265,-0.70710678118283,0.));
#11532=DIRECTION('',(0.995958280063565,0.0898170605888731,0.));
#11533=DIRECTION('',(0.0896588154223715,-0.99597253818419,0.));
#11534=DIRECTION('',(-0.995958280063565,-0.0898170605888733,0.));
#11535=DIRECTION('',(0.0897014582333369,-0.995968698499513,0.));
#11536=DIRECTION('',(0.995963309729865,0.0897612704451858,0.));
#11537=DIRECTION('',(0.0896202323490371,-0.995976010732038,0.));
#11538=DIRECTION('',(0.995971393280845,0.0896715326411452,0.));
#11539=DIRECTION('',(-0.994622519014481,0.103566619474074,0.));
#11540=DIRECTION('',(0.103572089723938,0.994621949400985,0.));
#11541=DIRECTION('',(-0.00978835624634771,0.999952092893452,0.));
#11542=DIRECTION('',(-0.370355958846915,0.928889909379245,0.));
#11543=DIRECTION('',(-0.803531009320025,0.595262897433682,0.));
#11544=DIRECTION('',(-0.964337728273021,0.264674792583708,0.));
#11545=DIRECTION('',(-0.985920541048516,0.16721449320738,0.));
#11546=DIRECTION('',(0.170449635286758,0.98536638963921,0.));
#11547=DIRECTION('',(0.986821374351594,-0.161813395993135,0.));
#11548=DIRECTION('',(0.952602592356522,-0.304217522565078,0.));
#11549=DIRECTION('',(0.761597535651843,-0.648050301820037,0.));
#11550=DIRECTION('',(0.477301957335379,-0.8787393478864,0.));
#11551=DIRECTION('',(0.163134726863933,-0.986603801376738,0.));
#11552=DIRECTION('',(-0.0329005115644883,-0.999458631629541,0.));
#11553=DIRECTION('',(-0.103560510965806,-0.994623155053461,0.));
#11554=DIRECTION('',(0.994622212713158,-0.103569561057198,0.));
#11555=DIRECTION('',(-0.103521016921383,-0.994627266394584,0.));
#11556=DIRECTION('',(0.197758279430107,-0.980250816330618,0.));
#11557=DIRECTION('',(-0.19788678090181,-0.980224883352958,0.));
#11558=DIRECTION('',(-0.559034027821868,-0.829144713386788,0.));
#11559=DIRECTION('',(-0.829162756077583,-0.559007266440988,0.));
#11560=DIRECTION('',(-0.980224666389759,-0.197887855617989,0.));
#11561=DIRECTION('',(-0.980233369735969,0.197844739268113,0.));
#11562=DIRECTION('',(-0.829154403108462,0.559019656010278,0.));
#11563=DIRECTION('',(-0.558946382685658,0.829203799606959,0.));
#11564=DIRECTION('',(-0.197818128039823,0.980238740419302,0.));
#11565=DIRECTION('',(0.197689667520756,0.980264655771865,0.));
#11566=DIRECTION('',(0.558244705788842,0.82967635163281,0.));
#11567=DIRECTION('',(0.828451939468384,0.56006016104618,0.));
#11568=DIRECTION('',(0.980104628082071,0.198481530657404,0.));
#11569=DIRECTION('',(0.980095869770986,-0.198524774418344,0.));
#11570=DIRECTION('',(0.828460316458686,-0.56004776943862,0.));
#11571=DIRECTION('',(0.558332340721252,-0.829617380064285,0.));
#11572=DIRECTION('',(-0.98936692029844,-0.145441043104002,0.));
#11573=DIRECTION('',(-0.937949729203225,0.346771258162493,0.));
#11574=DIRECTION('',(-0.890447627610079,0.455085730916255,0.));
#11575=DIRECTION('',(-0.655623848496611,0.755087656687946,0.));
#11576=DIRECTION('',(-0.390299736771711,0.920687849097583,0.));
#11577=DIRECTION('',(-0.46527949540586,0.885163821648212,0.));
#11578=DIRECTION('',(-0.813498511111769,-0.581566997360523,0.));
#11579=DIRECTION('',(-0.815134756273128,-0.579271377780352,0.));
#11580=DIRECTION('',(-0.958134903364795,-0.286317144010162,0.));
#11581=DIRECTION('',(-0.995203914584026,0.0978221263141933,0.));
#11582=DIRECTION('',(-0.93233286929307,0.361601190312961,0.));
#11583=DIRECTION('',(0.0130794006178149,0.999914460981277,0.));
#11584=DIRECTION('',(0.954479383680766,0.298276895062934,0.));
#11585=DIRECTION('',(0.999891898211887,0.0147034652456213,0.));
#11586=DIRECTION('',(0.833630866370712,0.552321988186254,0.));
#11587=DIRECTION('',(0.541685671317947,0.84058112843962,0.));
#11588=DIRECTION('',(0.566549646043448,0.824027607891898,0.));
#11589=DIRECTION('',(0.999512229609843,-0.0312298392624863,0.));
#11590=DIRECTION('',(0.909167849255583,-0.416429852292048,0.));
#11591=DIRECTION('',(0.102151706623045,-0.994768831856929,0.));
#11592=DIRECTION('',(-0.0287053161134525,-0.999587917507423,0.));
#11593=DIRECTION('',(0.325760931537307,-0.945452175143696,0.));
#11594=DIRECTION('',(0.655453306610873,-0.755235700197543,0.));
#11595=DIRECTION('',(0.882514093207945,-0.470285950554935,0.));
#11596=DIRECTION('',(0.441445283503551,-0.897288170919727,0.));
#11597=DIRECTION('',(-0.305139769040316,-0.952307577072672,0.));
#11598=DIRECTION('',(0.197342796466261,-0.980334545286901,0.));
#11599=DIRECTION('',(-0.197818128039834,-0.9802387404193,0.));
#11600=DIRECTION('',(-0.558946382685656,-0.82920379960696,0.));
#11601=DIRECTION('',(-0.829155045664272,-0.559018702951412,0.));
#11602=DIRECTION('',(-0.98023329205269,-0.197845124154084,0.));
#11603=DIRECTION('',(-0.98023329205269,0.197845124154089,0.));
#11604=DIRECTION('',(-0.829155045664268,0.559018702951418,0.));
#11605=DIRECTION('',(-0.558946382685656,0.82920379960696,0.));
#11606=DIRECTION('',(-0.197816220974311,0.980239125274768,0.));
#11607=DIRECTION('',(0.197340893611276,0.980334928332508,0.));
#11608=DIRECTION('',(0.55834078445472,0.829611697370817,0.));
#11609=DIRECTION('',(0.828931071116091,0.559350765922717,0.));
#11610=DIRECTION('',(0.98022058893604,0.197908051948075,0.));
#11611=DIRECTION('',(0.980220588936041,-0.197908051948071,0.));
#11612=DIRECTION('',(0.828931071116095,-0.559350765922711,0.));
#11613=DIRECTION('',(0.55834078445472,-0.829611697370817,0.));
#11614=DIRECTION('',(0.,0.,1.));
#11615=DIRECTION('',(1.,0.,0.));
#11616=DIRECTION('',(0.,0.,1.));
#11617=DIRECTION('',(1.,0.,0.));
#11618=DIRECTION('',(0.,0.,1.));
#11619=DIRECTION('',(1.,0.,0.));
#11620=DIRECTION('',(1.,0.,0.));
#11621=DIRECTION('',(0.994622212713159,-0.103569561057198,0.));
#11622=DIRECTION('',(-0.122705749808521,0.992443096083563,0.));
#11623=DIRECTION('',(-0.992443096083563,-0.122705749808521,0.));
#11624=DIRECTION('',(0.,0.,-1.));
#11625=DIRECTION('',(0.992443096083563,0.122705749808521,0.));
#11626=DIRECTION('',(0.,0.,-1.));
#11627=DIRECTION('',(0.992443096083563,0.122705749808521,0.));
#11628=DIRECTION('',(0.157217087336344,0.98756406751637,0.));
#11629=DIRECTION('',(-0.987564067516369,0.157217087336343,0.));
#11630=DIRECTION('',(0.98756406751637,-0.157217087336344,0.));
#11631=DIRECTION('',(0.,0.,-1.));
#11632=DIRECTION('',(0.98756406751637,-0.157217087336344,0.));
#11633=DIRECTION('',(0.447109901680096,0.894479030396809,0.));
#11634=DIRECTION('',(-0.894479030396809,0.447109901680096,0.));
#11635=DIRECTION('',(0.894479030396809,-0.447109901680096,0.));
#11636=DIRECTION('',(0.,0.,-1.));
#11637=DIRECTION('',(0.894479030396809,-0.447109901680096,0.));
#11638=DIRECTION('',(0.624383418078115,0.781118011077129,0.));
#11639=DIRECTION('',(-0.781118011077129,0.624383418078115,0.));
#11640=DIRECTION('',(0.781118011077129,-0.624383418078115,0.));
#11641=DIRECTION('',(0.,0.,-1.));
#11642=DIRECTION('',(0.781118011077129,-0.624383418078115,0.));
#11643=DIRECTION('',(1.,0.,0.));
#11644=DIRECTION('',(0.,0.,-1.));
#11645=DIRECTION('',(0.,-1.,0.));
#11646=DIRECTION('',(0.,0.,-1.));
#11647=DIRECTION('',(0.,-1.,0.));
#11648=DIRECTION('',(0.672125209374949,-0.740437507776774,0.));
#11649=DIRECTION('',(0.740437507776774,0.672125209374949,0.));
#11650=DIRECTION('',(-0.740437507776774,-0.672125209374949,0.));
#11651=DIRECTION('',(0.,0.,-1.));
#11652=DIRECTION('',(-0.740437507776774,-0.672125209374949,0.));
#11653=DIRECTION('',(0.509949933459402,-0.860204083555032,0.));
#11654=DIRECTION('',(0.860204083555032,0.509949933459402,0.));
#11655=DIRECTION('',(-0.860204083555032,-0.509949933459402,0.));
#11656=DIRECTION('',(0.,0.,-1.));
#11657=DIRECTION('',(-0.860204083555032,-0.509949933459402,0.));
#11658=DIRECTION('',(0.180408475051888,-0.983591776159933,0.));
#11659=DIRECTION('',(0.983591776159933,0.180408475051888,0.));
#11660=DIRECTION('',(-0.983591776159933,-0.180408475051888,0.));
#11661=DIRECTION('',(0.,0.,-1.));
#11662=DIRECTION('',(-0.983591776159933,-0.180408475051888,0.));
#11663=DIRECTION('',(-0.134679441956197,-0.990889220808445,0.));
#11664=DIRECTION('',(0.990889220808445,-0.134679441956197,0.));
#11665=DIRECTION('',(-0.990889220808445,0.134679441956197,0.));
#11666=DIRECTION('',(0.,0.,-1.));
#11667=DIRECTION('',(-0.990889220808445,0.134679441956197,0.));
#11668=DIRECTION('',(-0.401023559549028,-0.916067740228105,0.));
#11669=DIRECTION('',(0.916067740228105,-0.401023559549028,0.));
#11670=DIRECTION('',(-0.916067740228105,0.401023559549028,0.));
#11671=DIRECTION('',(0.,0.,-1.));
#11672=DIRECTION('',(-0.916067740228105,0.401023559549028,0.));
#11673=DIRECTION('',(-0.643321126079582,-0.765596452930458,0.));
#11674=DIRECTION('',(0.765596452930458,-0.643321126079582,0.));
#11675=DIRECTION('',(-0.765596452930458,0.643321126079582,0.));
#11676=DIRECTION('',(0.,0.,-1.));
#11677=DIRECTION('',(-0.765596452930458,0.643321126079582,0.));
#11678=DIRECTION('',(-0.817491293971969,-0.575940955550164,0.));
#11679=DIRECTION('',(0.575940955550164,-0.817491293971969,0.));
#11680=DIRECTION('',(-0.575940955550164,0.817491293971969,0.));
#11681=DIRECTION('',(0.,0.,-1.));
#11682=DIRECTION('',(-0.575940955550164,0.817491293971969,0.));
#11683=DIRECTION('',(-0.945797659453727,-0.3247565047414,0.));
#11684=DIRECTION('',(0.3247565047414,-0.945797659453727,0.));
#11685=DIRECTION('',(-0.3247565047414,0.945797659453727,0.));
#11686=DIRECTION('',(0.,0.,-1.));
#11687=DIRECTION('',(-0.3247565047414,0.945797659453727,0.));
#11688=DIRECTION('',(-0.995243371318323,-0.0974198739833915,0.));
#11689=DIRECTION('',(0.0974198739833915,-0.995243371318322,0.));
#11690=DIRECTION('',(-0.0974198739833915,0.995243371318322,0.));
#11691=DIRECTION('',(0.,0.,-1.));
#11692=DIRECTION('',(-0.0974198739833915,0.995243371318322,0.));
#11693=DIRECTION('',(-0.994826926788596,0.101584377422698,0.));
#11694=DIRECTION('',(-0.101584377422698,-0.994826926788596,0.));
#11695=DIRECTION('',(0.101584377422698,0.994826926788596,0.));
#11696=DIRECTION('',(0.,0.,-1.));
#11697=DIRECTION('',(0.101584377422698,0.994826926788596,0.));
#11698=DIRECTION('',(-0.945779488698845,0.324809419131513,0.));
#11699=DIRECTION('',(-0.324809419131513,-0.945779488698845,0.));
#11700=DIRECTION('',(0.324809419131513,0.945779488698845,0.));
#11701=DIRECTION('',(0.,0.,-1.));
#11702=DIRECTION('',(0.324809419131513,0.945779488698845,0.));
#11703=DIRECTION('',(-0.831123939356862,0.556087221061527,0.));
#11704=DIRECTION('',(-0.556087221061527,-0.831123939356862,0.));
#11705=DIRECTION('',(0.556087221061527,0.831123939356862,0.));
#11706=DIRECTION('',(0.,0.,-1.));
#11707=DIRECTION('',(0.556087221061527,0.831123939356862,0.));
#11708=DIRECTION('',(-0.637254274497809,0.770653611964722,0.));
#11709=DIRECTION('',(-0.770653611964722,-0.637254274497809,0.));
#11710=DIRECTION('',(0.770653611964722,0.637254274497809,0.));
#11711=DIRECTION('',(0.,0.,-1.));
#11712=DIRECTION('',(0.770653611964722,0.637254274497809,0.));
#11713=DIRECTION('',(-0.109754954394844,0.993958676196242,0.));
#11714=DIRECTION('',(-0.993958676196242,-0.109754954394844,0.));
#11715=DIRECTION('',(0.,0.,-1.));
#11716=DIRECTION('',(0.993958676196242,0.109754954394844,0.));
#11717=DIRECTION('',(0.,0.,-1.));
#11718=DIRECTION('',(-0.342494423941284,0.939519861189282,0.));
#11719=DIRECTION('',(-0.939519861189282,-0.342494423941284,0.));
#11720=DIRECTION('',(0.939519861189282,0.342494423941284,0.));
#11721=DIRECTION('',(0.548054450657051,-0.836442657397982,0.));
#11722=DIRECTION('',(0.836442657397982,0.548054450657051,0.));
#11723=DIRECTION('',(-0.836442657397982,-0.548054450657051,0.));
#11724=DIRECTION('',(0.688052636088732,-0.725660781613108,0.));
#11725=DIRECTION('',(0.725660781613108,0.688052636088732,0.));
#11726=DIRECTION('',(0.,0.,-1.));
#11727=DIRECTION('',(-0.725660781613108,-0.688052636088732,0.));
#11728=DIRECTION('',(0.994002981741849,0.109352971099616,0.));
#11729=DIRECTION('',(-0.109352971099616,0.994002981741849,0.));
#11730=DIRECTION('',(0.,0.,-1.));
#11731=DIRECTION('',(0.109352971099616,-0.994002981741849,0.));
#11732=DIRECTION('',(0.,1.,0.));
#11733=DIRECTION('',(0.,0.,1.));
#11734=DIRECTION('',(0.,0.,-1.));
#11735=DIRECTION('',(1.,0.,0.));
#11736=DIRECTION('',(-1.,0.,0.));
#11737=DIRECTION('',(0.,0.,1.));
#11738=DIRECTION('',(0.,0.,-1.));
#11739=DIRECTION('',(0.,1.,0.));
#11740=DIRECTION('',(0.,-1.,0.));
#11741=DIRECTION('',(0.,0.,-1.));
#11742=DIRECTION('',(0.,0.,-1.));
#11743=DIRECTION('',(-1.,0.,0.));
#11744=DIRECTION('',(1.,0.,0.));
#11745=DIRECTION('',(0.,0.,-1.));
#11746=DIRECTION('',(0.,0.,-1.));
#11747=DIRECTION('',(0.,-1.,0.));
#11748=DIRECTION('',(-0.530881672262327,-0.847445957011983,0.));
#11749=DIRECTION('',(0.847445957011983,-0.530881672262327,0.));
#11750=DIRECTION('',(0.,0.,-1.));
#11751=DIRECTION('',(-0.847445957011983,0.530881672262327,0.));
#11752=DIRECTION('',(-0.20250451296304,-0.979281329460335,0.));
#11753=DIRECTION('',(0.979281329460335,-0.20250451296304,0.));
#11754=DIRECTION('',(0.,0.,-1.));
#11755=DIRECTION('',(-0.979281329460335,0.20250451296304,0.));
#11756=DIRECTION('',(0.124512479502094,-0.992218041787308,0.));
#11757=DIRECTION('',(0.992218041787308,0.124512479502094,0.));
#11758=DIRECTION('',(0.,0.,-1.));
#11759=DIRECTION('',(-0.992218041787308,-0.124512479502094,0.));
#11760=DIRECTION('',(0.386580503078813,-0.922255666634438,0.));
#11761=DIRECTION('',(0.922255666634438,0.386580503078813,0.));
#11762=DIRECTION('',(0.,0.,-1.));
#11763=DIRECTION('',(-0.922255666634438,-0.386580503078813,0.));
#11764=DIRECTION('',(0.614538629370042,-0.788886730153316,0.));
#11765=DIRECTION('',(0.788886730153316,0.614538629370042,0.));
#11766=DIRECTION('',(0.,0.,-1.));
#11767=DIRECTION('',(-0.788886730153316,-0.614538629370042,0.));
#11768=DIRECTION('',(0.801924501103636,-0.597425388253365,0.));
#11769=DIRECTION('',(0.597425388253365,0.801924501103636,0.));
#11770=DIRECTION('',(0.,0.,-1.));
#11771=DIRECTION('',(-0.597425388253365,-0.801924501103636,0.));
#11772=DIRECTION('',(0.934859679491365,-0.355017435714504,0.));
#11773=DIRECTION('',(0.355017435714504,0.934859679491365,0.));
#11774=DIRECTION('',(0.,0.,-1.));
#11775=DIRECTION('',(-0.355017435714504,-0.934859679491365,0.));
#11776=DIRECTION('',(0.993928292972236,-0.110029761561573,0.));
#11777=DIRECTION('',(0.110029761561573,0.993928292972236,0.));
#11778=DIRECTION('',(0.,0.,-1.));
#11779=DIRECTION('',(-0.110029761561573,-0.993928292972236,0.));
#11780=DIRECTION('',(0.994620368182445,0.103587273333256,0.));
#11781=DIRECTION('',(-0.103587273333256,0.994620368182444,0.));
#11782=DIRECTION('',(0.,0.,-1.));
#11783=DIRECTION('',(0.103587273333256,-0.994620368182444,0.));
#11784=DIRECTION('',(0.9398135409368,0.341687735032784,0.));
#11785=DIRECTION('',(-0.341687735032784,0.9398135409368,0.));
#11786=DIRECTION('',(0.,0.,-1.));
#11787=DIRECTION('',(0.341687735032784,-0.9398135409368,0.));
#11788=DIRECTION('',(0.816354125860154,0.577551678372684,0.));
#11789=DIRECTION('',(-0.577551678372684,0.816354125860154,0.));
#11790=DIRECTION('',(0.,0.,-1.));
#11791=DIRECTION('',(0.577551678372684,-0.816354125860154,0.));
#11792=DIRECTION('',(0.642464798751894,0.766315197790497,0.));
#11793=DIRECTION('',(-0.766315197790497,0.642464798751894,0.));
#11794=DIRECTION('',(0.,0.,-1.));
#11795=DIRECTION('',(0.766315197790497,-0.642464798751894,0.));
#11796=DIRECTION('',(0.402202228973011,0.91555085440905,0.));
#11797=DIRECTION('',(-0.91555085440905,0.402202228973011,0.));
#11798=DIRECTION('',(0.,0.,-1.));
#11799=DIRECTION('',(0.91555085440905,-0.402202228973011,0.));
#11800=DIRECTION('',(0.131792023764734,0.991277389266998,0.));
#11801=DIRECTION('',(-0.991277389266998,0.131792023764734,0.));
#11802=DIRECTION('',(0.991277389266998,-0.131792023764734,0.));
#11803=DIRECTION('',(-0.400121464573591,0.916462117922768,0.));
#11804=DIRECTION('',(-0.916462117922767,-0.400121464573591,0.));
#11805=DIRECTION('',(0.916462117922767,0.400121464573591,0.));
#11806=DIRECTION('',(0.916462117922767,0.400121464573591,0.));
#11807=DIRECTION('',(0.,0.,1.));
#11808=DIRECTION('',(1.,0.,0.));
#11809=DIRECTION('',(0.697677142965783,-0.716412314371482,0.));
#11810=DIRECTION('',(0.716412314371482,0.697677142965783,0.));
#11811=DIRECTION('',(0.,0.,-1.));
#11812=DIRECTION('',(0.,0.,-1.));
#11813=DIRECTION('',(-0.716412314371482,-0.697677142965783,0.));
#11814=DIRECTION('',(0.,1.,0.));
#11815=DIRECTION('',(0.,0.,1.));
#11816=DIRECTION('',(0.,0.,-1.));
#11817=DIRECTION('',(1.,0.,0.));
#11818=DIRECTION('',(0.,0.,-1.));
#11819=DIRECTION('',(-1.,0.,0.));
#11820=DIRECTION('',(0.,0.,1.));
#11821=DIRECTION('',(0.,0.,-1.));
#11822=DIRECTION('',(0.,1.,0.));
#11823=DIRECTION('',(0.566025579261602,0.824387677989893,0.));
#11824=DIRECTION('',(-0.824387677989893,0.566025579261602,0.));
#11825=DIRECTION('',(0.,0.,-1.));
#11826=DIRECTION('',(0.824387677989893,-0.566025579261602,0.));
#11827=DIRECTION('',(0.212030581966498,0.977263031282238,0.));
#11828=DIRECTION('',(-0.977263031282238,0.212030581966498,0.));
#11829=DIRECTION('',(0.,0.,-1.));
#11830=DIRECTION('',(0.977263031282238,-0.212030581966498,0.));
#11831=DIRECTION('',(-0.12507146191941,0.992147735679189,0.));
#11832=DIRECTION('',(-0.992147735679189,-0.12507146191941,0.));
#11833=DIRECTION('',(0.,0.,-1.));
#11834=DIRECTION('',(0.992147735679189,0.12507146191941,0.));
#11835=DIRECTION('',(-0.392390909964153,0.919798550649817,0.));
#11836=DIRECTION('',(-0.919798550649817,-0.392390909964153,0.));
#11837=DIRECTION('',(0.,0.,-1.));
#11838=DIRECTION('',(0.919798550649817,0.392390909964153,0.));
#11839=DIRECTION('',(-0.63024647682386,0.776395117482788,0.));
#11840=DIRECTION('',(-0.776395117482788,-0.63024647682386,0.));
#11841=DIRECTION('',(0.,0.,-1.));
#11842=DIRECTION('',(0.776395117482788,0.63024647682386,0.));
#11843=DIRECTION('',(-0.811183418781119,0.584791810044032,0.));
#11844=DIRECTION('',(-0.584791810044032,-0.811183418781119,0.));
#11845=DIRECTION('',(0.,0.,-1.));
#11846=DIRECTION('',(0.584791810044032,0.811183418781119,0.));
#11847=DIRECTION('',(-0.930933912461626,0.365187692329422,0.));
#11848=DIRECTION('',(-0.365187692329422,-0.930933912461626,0.));
#11849=DIRECTION('',(0.,0.,-1.));
#11850=DIRECTION('',(0.365187692329422,0.930933912461626,0.));
#11851=DIRECTION('',(-0.993530179972122,0.113568400026431,0.));
#11852=DIRECTION('',(-0.113568400026431,-0.993530179972122,0.));
#11853=DIRECTION('',(0.,0.,-1.));
#11854=DIRECTION('',(0.113568400026431,0.993530179972122,0.));
#11855=DIRECTION('',(-0.994626571942941,-0.103527688977555,0.));
#11856=DIRECTION('',(0.103527688977555,-0.994626571942941,0.));
#11857=DIRECTION('',(0.,0.,-1.));
#11858=DIRECTION('',(-0.103527688977555,0.994626571942941,0.));
#11859=DIRECTION('',(-0.939793058718547,-0.341744066202234,0.));
#11860=DIRECTION('',(0.341744066202234,-0.939793058718547,0.));
#11861=DIRECTION('',(0.,0.,-1.));
#11862=DIRECTION('',(-0.341744066202234,0.939793058718547,0.));
#11863=DIRECTION('',(-0.82047581384819,-0.57168123888243,0.));
#11864=DIRECTION('',(0.57168123888243,-0.82047581384819,0.));
#11865=DIRECTION('',(0.,0.,-1.));
#11866=DIRECTION('',(-0.57168123888243,0.820475813848191,0.));
#11867=DIRECTION('',(-0.637967260841643,-0.770063487054289,0.));
#11868=DIRECTION('',(0.770063487054289,-0.637967260841643,0.));
#11869=DIRECTION('',(0.,0.,-1.));
#11870=DIRECTION('',(-0.770063487054289,0.637967260841643,0.));
#11871=DIRECTION('',(-0.403908990057636,-0.91479917345318,0.));
#11872=DIRECTION('',(0.91479917345318,-0.403908990057636,0.));
#11873=DIRECTION('',(0.,0.,-1.));
#11874=DIRECTION('',(-0.91479917345318,0.403908990057636,0.));
#11875=DIRECTION('',(-0.13360589793486,-0.991034542302649,0.));
#11876=DIRECTION('',(0.991034542302648,-0.13360589793486,0.));
#11877=DIRECTION('',(0.,0.,-1.));
#11878=DIRECTION('',(-0.991034542302648,0.13360589793486,0.));
#11879=DIRECTION('',(0.114184816104977,-0.993459524978785,0.));
#11880=DIRECTION('',(0.993459524978785,0.114184816104977,0.));
#11881=DIRECTION('',(0.,0.,-1.));
#11882=DIRECTION('',(-0.993459524978785,-0.114184816104977,0.));
#11883=DIRECTION('',(0.351061530117714,-0.936352392035931,0.));
#11884=DIRECTION('',(0.936352392035931,0.351061530117714,0.));
#11885=DIRECTION('',(0.,0.,-1.));
#11886=DIRECTION('',(-0.936352392035931,-0.351061530117714,0.));
#11887=DIRECTION('',(0.559428753833776,-0.828878440655799,0.));
#11888=DIRECTION('',(0.828878440655799,0.559428753833776,0.));
#11889=DIRECTION('',(-0.828878440655799,-0.559428753833776,0.));
#11890=DIRECTION('',(-0.995296945652498,-0.0968709965614529,0.));
#11891=DIRECTION('',(0.0968709965614529,-0.995296945652498,0.));
#11892=DIRECTION('',(0.,0.,-1.));
#11893=DIRECTION('',(-0.0968709965614529,0.995296945652498,0.));
#11894=DIRECTION('',(0.,-1.,0.));
#11895=DIRECTION('',(0.,0.,-1.));
#11896=DIRECTION('',(0.,0.,-1.));
#11897=DIRECTION('',(-1.,0.,0.));
#11898=DIRECTION('',(0.638881987170115,0.769304755262545,0.));
#11899=DIRECTION('',(-0.769304755262545,0.638881987170115,0.));
#11900=DIRECTION('',(0.,0.,-1.));
#11901=DIRECTION('',(0.769304755262545,-0.638881987170115,0.));
#11902=DIRECTION('',(0.,0.,-1.));
#11903=DIRECTION('',(0.769304755262545,-0.638881987170115,0.));
#11904=DIRECTION('',(0.830122151417862,0.557581575848216,0.));
#11905=DIRECTION('',(-0.557581575848216,0.830122151417862,0.));
#11906=DIRECTION('',(0.557581575848216,-0.830122151417862,0.));
#11907=DIRECTION('',(0.557581575848216,-0.830122151417862,0.));
#11908=DIRECTION('',(0.994711782941907,-0.102705739257998,0.));
#11909=DIRECTION('',(0.102705739257998,0.994711782941907,0.));
#11910=DIRECTION('',(-0.102705739257998,-0.994711782941907,0.));
#11911=DIRECTION('',(0.,0.,-1.));
#11912=DIRECTION('',(-0.102705739257998,-0.994711782941907,0.));
#11913=DIRECTION('',(0.94699282176352,-0.321254720632033,0.));
#11914=DIRECTION('',(0.321254720632033,0.94699282176352,0.));
#11915=DIRECTION('',(-0.321254720632033,-0.94699282176352,0.));
#11916=DIRECTION('',(0.,0.,-1.));
#11917=DIRECTION('',(-0.321254720632033,-0.94699282176352,0.));
#11918=DIRECTION('',(0.832898841471894,-0.553425261326927,0.));
#11919=DIRECTION('',(0.553425261326927,0.832898841471894,0.));
#11920=DIRECTION('',(-0.553425261326927,-0.832898841471894,0.));
#11921=DIRECTION('',(0.,0.,-1.));
#11922=DIRECTION('',(-0.553425261326927,-0.832898841471894,0.));
#11923=DIRECTION('',(0.647769946986877,-0.761836003205821,0.));
#11924=DIRECTION('',(0.761836003205821,0.647769946986876,0.));
#11925=DIRECTION('',(-0.761836003205821,-0.647769946986876,0.));
#11926=DIRECTION('',(0.,0.,-1.));
#11927=DIRECTION('',(-0.761836003205821,-0.647769946986876,0.));
#11928=DIRECTION('',(0.387575418628159,-0.921837998172785,0.));
#11929=DIRECTION('',(0.921837998172785,0.387575418628159,0.));
#11930=DIRECTION('',(-0.921837998172785,-0.387575418628159,0.));
#11931=DIRECTION('',(0.,0.,-1.));
#11932=DIRECTION('',(-0.921837998172785,-0.387575418628159,0.));
#11933=DIRECTION('',(0.114492724099368,-0.993424086746595,0.));
#11934=DIRECTION('',(0.993424086746595,0.114492724099368,0.));
#11935=DIRECTION('',(-0.993424086746595,-0.114492724099368,0.));
#11936=DIRECTION('',(0.,0.,-1.));
#11937=DIRECTION('',(-0.993424086746595,-0.114492724099368,0.));
#11938=DIRECTION('',(-0.157162962199519,-0.987572682546795,0.));
#11939=DIRECTION('',(0.987572682546795,-0.157162962199519,0.));
#11940=DIRECTION('',(-0.987572682546795,0.157162962199519,0.));
#11941=DIRECTION('',(0.,0.,-1.));
#11942=DIRECTION('',(-0.987572682546795,0.157162962199519,0.));
#11943=DIRECTION('',(-0.447305923790582,-0.894381020897612,0.));
#11944=DIRECTION('',(0.894381020897612,-0.447305923790582,0.));
#11945=DIRECTION('',(-0.894381020897612,0.447305923790582,0.));
#11946=DIRECTION('',(0.,0.,-1.));
#11947=DIRECTION('',(-0.894381020897612,0.447305923790582,0.));
#11948=DIRECTION('',(-0.640817584900067,-0.767693182777368,0.));
#11949=DIRECTION('',(0.767693182777368,-0.640817584900067,0.));
#11950=DIRECTION('',(-0.767693182777368,0.640817584900067,0.));
#11951=DIRECTION('',(0.,0.,-1.));
#11952=DIRECTION('',(-0.767693182777368,0.640817584900067,0.));
#11953=DIRECTION('',(-1.,0.,0.));
#11954=DIRECTION('',(0.,0.,1.));
#11955=DIRECTION('',(0.,1.,0.));
#11956=DIRECTION('',(0.,0.,-1.));
#11957=DIRECTION('',(0.,1.,0.));
#11958=DIRECTION('',(-0.66791784197342,0.744235014208261,0.));
#11959=DIRECTION('',(-0.744235014208261,-0.66791784197342,0.));
#11960=DIRECTION('',(0.744235014208261,0.66791784197342,0.));
#11961=DIRECTION('',(0.,0.,-1.));
#11962=DIRECTION('',(0.744235014208261,0.66791784197342,0.));
#11963=DIRECTION('',(-0.509765433003577,0.860313433182741,0.));
#11964=DIRECTION('',(-0.860313433182741,-0.509765433003577,0.));
#11965=DIRECTION('',(0.860313433182741,0.509765433003577,0.));
#11966=DIRECTION('',(0.,0.,-1.));
#11967=DIRECTION('',(0.860313433182741,0.509765433003577,0.));
#11968=DIRECTION('',(-0.18072374183277,0.983533898316658,0.));
#11969=DIRECTION('',(-0.983533898316658,-0.18072374183277,0.));
#11970=DIRECTION('',(0.983533898316658,0.18072374183277,0.));
#11971=DIRECTION('',(0.,0.,-1.));
#11972=DIRECTION('',(0.983533898316658,0.18072374183277,0.));
#11973=DIRECTION('',(0.139540156667965,0.990216413051753,0.));
#11974=DIRECTION('',(-0.990216413051753,0.139540156667965,0.));
#11975=DIRECTION('',(0.990216413051753,-0.139540156667965,0.));
#11976=DIRECTION('',(0.,0.,-1.));
#11977=DIRECTION('',(0.990216413051753,-0.139540156667965,0.));
#11978=DIRECTION('',(0.422841540407951,0.90620363699636,0.));
#11979=DIRECTION('',(-0.90620363699636,0.422841540407951,0.));
#11980=DIRECTION('',(0.90620363699636,-0.422841540407951,0.));
#11981=DIRECTION('',(0.90620363699636,-0.422841540407951,0.));
#11982=DIRECTION('',(1.,0.,0.));
#11983=DIRECTION('',(0.,0.,-1.));
#11984=DIRECTION('',(0.,-1.,0.));
#11985=DIRECTION('',(0.,0.,1.));
#11986=DIRECTION('',(1.,0.,0.));
#11987=DIRECTION('',(0.,0.,1.));
#11988=DIRECTION('',(1.,0.,0.));
#11989=DIRECTION('',(-0.197818128039834,-0.9802387404193,0.));
#11990=DIRECTION('',(0.197342796466261,-0.980334545286901,0.));
#11991=DIRECTION('',(0.55834078445472,-0.829611697370817,0.));
#11992=DIRECTION('',(0.828931071116095,-0.559350765922711,0.));
#11993=DIRECTION('',(0.980220588936041,-0.197908051948071,0.));
#11994=DIRECTION('',(0.98022058893604,0.197908051948075,0.));
#11995=DIRECTION('',(0.828931071116091,0.559350765922717,0.));
#11996=DIRECTION('',(0.55834078445472,0.829611697370817,0.));
#11997=DIRECTION('',(0.197340893611276,0.980334928332508,0.));
#11998=DIRECTION('',(-0.197816220974311,0.980239125274768,0.));
#11999=DIRECTION('',(-0.558946382685656,0.82920379960696,0.));
#12000=DIRECTION('',(-0.829155045664268,0.559018702951418,0.));
#12001=DIRECTION('',(-0.98023329205269,0.197845124154089,0.));
#12002=DIRECTION('',(-0.98023329205269,-0.197845124154084,0.));
#12003=DIRECTION('',(-0.829155045664272,-0.559018702951412,0.));
#12004=DIRECTION('',(-0.558946382685656,-0.82920379960696,0.));
#12005=DIRECTION('',(0.82920379960696,-0.558946382685656,0.));
#12006=DIRECTION('',(0.558946382685656,0.82920379960696,0.));
#12007=DIRECTION('',(0.,0.,-1.));
#12008=DIRECTION('',(0.,0.,-1.));
#12009=DIRECTION('',(0.559018702951412,-0.829155045664272,0.));
#12010=DIRECTION('',(0.829155045664272,0.559018702951412,0.));
#12011=DIRECTION('',(0.,0.,-1.));
#12012=DIRECTION('',(0.197845124154084,-0.98023329205269,0.));
#12013=DIRECTION('',(0.98023329205269,0.197845124154084,0.));
#12014=DIRECTION('',(0.,0.,-1.));
#12015=DIRECTION('',(-0.197845124154089,-0.980233292052689,0.));
#12016=DIRECTION('',(0.980233292052689,-0.197845124154089,0.));
#12017=DIRECTION('',(0.,0.,-1.));
#12018=DIRECTION('',(-0.559018702951418,-0.829155045664268,0.));
#12019=DIRECTION('',(0.829155045664268,-0.559018702951418,0.));
#12020=DIRECTION('',(0.,0.,-1.));
#12021=DIRECTION('',(-0.82920379960696,-0.558946382685656,0.));
#12022=DIRECTION('',(0.558946382685656,-0.82920379960696,0.));
#12023=DIRECTION('',(0.,0.,-1.));
#12024=DIRECTION('',(-0.980239125274768,-0.197816220974311,0.));
#12025=DIRECTION('',(0.197816220974311,-0.980239125274768,0.));
#12026=DIRECTION('',(0.,0.,-1.));
#12027=DIRECTION('',(-0.980334928332508,0.197340893611276,0.));
#12028=DIRECTION('',(-0.197340893611276,-0.980334928332508,0.));
#12029=DIRECTION('',(0.,0.,-1.));
#12030=DIRECTION('',(-0.829611697370817,0.55834078445472,0.));
#12031=DIRECTION('',(-0.55834078445472,-0.829611697370817,0.));
#12032=DIRECTION('',(0.,0.,-1.));
#12033=DIRECTION('',(-0.559350765922717,0.828931071116091,0.));
#12034=DIRECTION('',(-0.828931071116091,-0.559350765922717,0.));
#12035=DIRECTION('',(0.,0.,-1.));
#12036=DIRECTION('',(-0.197908051948075,0.980220588936041,0.));
#12037=DIRECTION('',(-0.98022058893604,-0.197908051948075,0.));
#12038=DIRECTION('',(0.,0.,-1.));
#12039=DIRECTION('',(0.197908051948071,0.980220588936041,0.));
#12040=DIRECTION('',(-0.980220588936041,0.197908051948071,0.));
#12041=DIRECTION('',(0.,0.,-1.));
#12042=DIRECTION('',(0.559350765922711,0.828931071116095,0.));
#12043=DIRECTION('',(-0.828931071116095,0.559350765922711,0.));
#12044=DIRECTION('',(0.,0.,-1.));
#12045=DIRECTION('',(0.829611697370817,0.55834078445472,0.));
#12046=DIRECTION('',(-0.55834078445472,0.829611697370817,0.));
#12047=DIRECTION('',(0.,0.,-1.));
#12048=DIRECTION('',(0.980334545286901,0.197342796466261,0.));
#12049=DIRECTION('',(-0.197342796466261,0.980334545286901,0.));
#12050=DIRECTION('',(0.,0.,-1.));
#12051=DIRECTION('',(0.9802387404193,-0.197818128039834,0.));
#12052=DIRECTION('',(0.197818128039834,0.9802387404193,0.));
#12053=DIRECTION('',(0.,0.,1.));
#12054=DIRECTION('',(1.,0.,0.));
#12055=DIRECTION('',(-0.937949729203225,0.346771258162493,0.));
#12056=DIRECTION('',(-0.98936692029844,-0.145441043104002,0.));
#12057=DIRECTION('',(-0.305139769040316,-0.952307577072672,0.));
#12058=DIRECTION('',(0.441445283503551,-0.897288170919727,0.));
#12059=DIRECTION('',(0.882514093207945,-0.470285950554935,0.));
#12060=DIRECTION('',(0.655453306610873,-0.755235700197543,0.));
#12061=DIRECTION('',(0.325760931537307,-0.945452175143696,0.));
#12062=DIRECTION('',(-0.0287053161134525,-0.999587917507423,0.));
#12063=DIRECTION('',(0.102151706623045,-0.994768831856929,0.));
#12064=DIRECTION('',(0.909167849255583,-0.416429852292048,0.));
#12065=DIRECTION('',(0.999512229609843,-0.0312298392624863,0.));
#12066=DIRECTION('',(0.566549646043448,0.824027607891898,0.));
#12067=DIRECTION('',(0.541685671317947,0.84058112843962,0.));
#12068=DIRECTION('',(0.833630866370712,0.552321988186254,0.));
#12069=DIRECTION('',(0.999891898211887,0.0147034652456213,0.));
#12070=DIRECTION('',(0.954479383680766,0.298276895062934,0.));
#12071=DIRECTION('',(0.0130794006178149,0.999914460981277,0.));
#12072=DIRECTION('',(-0.93233286929307,0.361601190312961,0.));
#12073=DIRECTION('',(-0.995203914584026,0.0978221263141933,0.));
#12074=DIRECTION('',(-0.958134903364795,-0.286317144010162,0.));
#12075=DIRECTION('',(-0.815134756273128,-0.579271377780352,0.));
#12076=DIRECTION('',(-0.813498511111769,-0.581566997360523,0.));
#12077=DIRECTION('',(-0.46527949540586,0.885163821648212,0.));
#12078=DIRECTION('',(-0.390299736771711,0.920687849097583,0.));
#12079=DIRECTION('',(-0.655623848496611,0.755087656687946,0.));
#12080=DIRECTION('',(-0.890447627610079,0.455085730916255,0.));
#12081=DIRECTION('',(-0.455085730916255,-0.890447627610079,0.));
#12082=DIRECTION('',(0.890447627610079,-0.455085730916255,0.));
#12083=DIRECTION('',(0.,0.,-1.));
#12084=DIRECTION('',(0.,0.,-1.));
#12085=DIRECTION('',(-0.755087656687946,-0.655623848496611,0.));
#12086=DIRECTION('',(0.655623848496611,-0.755087656687946,0.));
#12087=DIRECTION('',(0.,0.,-1.));
#12088=DIRECTION('',(-0.920687849097583,-0.390299736771711,0.));
#12089=DIRECTION('',(0.390299736771711,-0.920687849097583,0.));
#12090=DIRECTION('',(0.,0.,-1.));
#12091=DIRECTION('',(0.579271377780352,-0.815134756273128,0.));
#12092=DIRECTION('',(0.815134756273128,0.579271377780352,0.));
#12093=DIRECTION('',(0.,0.,-1.));
#12094=DIRECTION('',(0.,0.,-1.));
#12095=DIRECTION('',(0.286317144010162,-0.958134903364795,0.));
#12096=DIRECTION('',(0.958134903364795,0.286317144010162,0.));
#12097=DIRECTION('',(0.,0.,-1.));
#12098=DIRECTION('',(-0.0978221263141933,-0.995203914584026,0.));
#12099=DIRECTION('',(0.995203914584026,-0.0978221263141933,0.));
#12100=DIRECTION('',(0.,0.,-1.));
#12101=DIRECTION('',(-0.361601190312961,-0.932332869293071,0.));
#12102=DIRECTION('',(0.932332869293071,-0.361601190312961,0.));
#12103=DIRECTION('',(0.,0.,-1.));
#12104=DIRECTION('',(-0.999914460981278,0.0130794006178149,0.));
#12105=DIRECTION('',(-0.0130794006178149,-0.999914460981278,0.));
#12106=DIRECTION('',(0.,0.,-1.));
#12107=DIRECTION('',(-0.298276895062934,0.954479383680766,0.));
#12108=DIRECTION('',(-0.954479383680766,-0.298276895062934,0.));
#12109=DIRECTION('',(0.,0.,-1.));
#12110=DIRECTION('',(-0.0147034652456213,0.999891898211887,0.));
#12111=DIRECTION('',(-0.999891898211887,-0.0147034652456213,0.));
#12112=DIRECTION('',(0.,0.,-1.));
#12113=DIRECTION('',(-0.824027607891898,0.566549646043448,0.));
#12114=DIRECTION('',(-0.566549646043448,-0.824027607891898,0.));
#12115=DIRECTION('',(0.,0.,-1.));
#12116=DIRECTION('',(0.,0.,-1.));
#12117=DIRECTION('',(0.0312298392624863,0.999512229609843,0.));
#12118=DIRECTION('',(-0.999512229609843,0.0312298392624863,0.));
#12119=DIRECTION('',(0.,0.,-1.));
#12120=DIRECTION('',(0.416429852292048,0.909167849255583,0.));
#12121=DIRECTION('',(-0.909167849255583,0.416429852292048,0.));
#12122=DIRECTION('',(0.,0.,-1.));
#12123=DIRECTION('',(0.994768831856929,0.102151706623045,0.));
#12124=DIRECTION('',(-0.102151706623045,0.994768831856929,0.));
#12125=DIRECTION('',(0.,0.,-1.));
#12126=DIRECTION('',(0.470285950554935,0.882514093207945,0.));
#12127=DIRECTION('',(-0.882514093207945,0.470285950554935,0.));
#12128=DIRECTION('',(0.,0.,-1.));
#12129=DIRECTION('',(0.,0.,-1.));
#12130=DIRECTION('',(0.897288170919727,0.441445283503551,0.));
#12131=DIRECTION('',(-0.441445283503551,0.897288170919727,0.));
#12132=DIRECTION('',(0.,0.,-1.));
#12133=DIRECTION('',(0.952307577072672,-0.305139769040316,0.));
#12134=DIRECTION('',(0.305139769040316,0.952307577072672,0.));
#12135=DIRECTION('',(0.,0.,-1.));
#12136=DIRECTION('',(0.145441043104002,-0.98936692029844,0.));
#12137=DIRECTION('',(0.98936692029844,0.145441043104002,0.));
#12138=DIRECTION('',(0.,0.,-1.));
#12139=DIRECTION('',(-0.346771258162493,-0.937949729203225,0.));
#12140=DIRECTION('',(0.937949729203225,-0.346771258162493,0.));
#12141=DIRECTION('',(0.755235700197544,0.655453306610873,0.));
#12142=DIRECTION('',(-0.655453306610873,0.755235700197543,0.));
#12143=DIRECTION('',(0.,0.,-1.));
#12144=DIRECTION('',(0.945452175143696,0.325760931537307,0.));
#12145=DIRECTION('',(-0.325760931537307,0.945452175143696,0.));
#12146=DIRECTION('',(0.,0.,-1.));
#12147=DIRECTION('',(0.999587917507423,-0.0287053161134525,0.));
#12148=DIRECTION('',(0.0287053161134525,0.999587917507423,0.));
#12149=DIRECTION('',(-0.840581128439621,0.541685671317947,0.));
#12150=DIRECTION('',(-0.541685671317947,-0.84058112843962,0.));
#12151=DIRECTION('',(0.,0.,-1.));
#12152=DIRECTION('',(-0.552321988186254,0.833630866370712,0.));
#12153=DIRECTION('',(-0.833630866370712,-0.552321988186254,0.));
#12154=DIRECTION('',(0.581566997360523,-0.813498511111769,0.));
#12155=DIRECTION('',(0.813498511111769,0.581566997360523,0.));
#12156=DIRECTION('',(0.,0.,-1.));
#12157=DIRECTION('',(-0.885163821648212,-0.46527949540586,0.));
#12158=DIRECTION('',(0.46527949540586,-0.885163821648212,0.));
#12159=DIRECTION('',(0.,0.,1.));
#12160=DIRECTION('',(1.,0.,0.));
#12161=DIRECTION('',(-0.19788678090181,-0.980224883352958,0.));
#12162=DIRECTION('',(0.197758279430107,-0.980250816330618,0.));
#12163=DIRECTION('',(0.558332340721252,-0.829617380064285,0.));
#12164=DIRECTION('',(0.828460316458686,-0.56004776943862,0.));
#12165=DIRECTION('',(0.980095869770986,-0.198524774418344,0.));
#12166=DIRECTION('',(0.980104628082071,0.198481530657404,0.));
#12167=DIRECTION('',(0.828451939468384,0.56006016104618,0.));
#12168=DIRECTION('',(0.558244705788842,0.82967635163281,0.));
#12169=DIRECTION('',(0.197689667520756,0.980264655771865,0.));
#12170=DIRECTION('',(-0.197818128039823,0.980238740419302,0.));
#12171=DIRECTION('',(-0.558946382685658,0.829203799606959,0.));
#12172=DIRECTION('',(-0.829154403108462,0.559019656010278,0.));
#12173=DIRECTION('',(-0.980233369735969,0.197844739268113,0.));
#12174=DIRECTION('',(-0.980224666389759,-0.197887855617989,0.));
#12175=DIRECTION('',(-0.829162756077583,-0.559007266440988,0.));
#12176=DIRECTION('',(-0.559034027821868,-0.829144713386788,0.));
#12177=DIRECTION('',(0.829144713386788,-0.559034027821868,0.));
#12178=DIRECTION('',(0.559034027821868,0.829144713386788,0.));
#12179=DIRECTION('',(0.,0.,-1.));
#12180=DIRECTION('',(0.,0.,-1.));
#12181=DIRECTION('',(0.559007266440988,-0.829162756077583,0.));
#12182=DIRECTION('',(0.829162756077583,0.559007266440988,0.));
#12183=DIRECTION('',(0.,0.,-1.));
#12184=DIRECTION('',(0.197887855617989,-0.980224666389759,0.));
#12185=DIRECTION('',(0.980224666389759,0.197887855617989,0.));
#12186=DIRECTION('',(0.,0.,-1.));
#12187=DIRECTION('',(-0.197844739268113,-0.980233369735969,0.));
#12188=DIRECTION('',(0.980233369735969,-0.197844739268113,0.));
#12189=DIRECTION('',(0.,0.,-1.));
#12190=DIRECTION('',(-0.559019656010278,-0.829154403108462,0.));
#12191=DIRECTION('',(0.829154403108462,-0.559019656010278,0.));
#12192=DIRECTION('',(0.,0.,-1.));
#12193=DIRECTION('',(-0.829203799606959,-0.558946382685658,0.));
#12194=DIRECTION('',(0.558946382685658,-0.829203799606959,0.));
#12195=DIRECTION('',(0.,0.,-1.));
#12196=DIRECTION('',(-0.980238740419302,-0.197818128039823,0.));
#12197=DIRECTION('',(0.197818128039823,-0.980238740419302,0.));
#12198=DIRECTION('',(0.,0.,-1.));
#12199=DIRECTION('',(-0.980264655771865,0.197689667520756,0.));
#12200=DIRECTION('',(-0.197689667520756,-0.980264655771865,0.));
#12201=DIRECTION('',(0.,0.,-1.));
#12202=DIRECTION('',(-0.82967635163281,0.558244705788842,0.));
#12203=DIRECTION('',(-0.558244705788842,-0.82967635163281,0.));
#12204=DIRECTION('',(0.,0.,-1.));
#12205=DIRECTION('',(-0.56006016104618,0.828451939468384,0.));
#12206=DIRECTION('',(-0.828451939468384,-0.56006016104618,0.));
#12207=DIRECTION('',(0.,0.,-1.));
#12208=DIRECTION('',(-0.198481530657404,0.980104628082071,0.));
#12209=DIRECTION('',(-0.980104628082071,-0.198481530657404,0.));
#12210=DIRECTION('',(0.,0.,-1.));
#12211=DIRECTION('',(0.198524774418344,0.980095869770986,0.));
#12212=DIRECTION('',(-0.980095869770986,0.198524774418344,0.));
#12213=DIRECTION('',(0.,0.,-1.));
#12214=DIRECTION('',(0.56004776943862,0.828460316458686,0.));
#12215=DIRECTION('',(-0.828460316458686,0.56004776943862,0.));
#12216=DIRECTION('',(0.,0.,-1.));
#12217=DIRECTION('',(0.829617380064285,0.558332340721252,0.));
#12218=DIRECTION('',(-0.558332340721252,0.829617380064285,0.));
#12219=DIRECTION('',(0.,0.,-1.));
#12220=DIRECTION('',(0.980250816330618,0.197758279430107,0.));
#12221=DIRECTION('',(-0.197758279430107,0.980250816330618,0.));
#12222=DIRECTION('',(0.,0.,-1.));
#12223=DIRECTION('',(0.980224883352958,-0.19788678090181,0.));
#12224=DIRECTION('',(0.19788678090181,0.980224883352958,0.));
#12225=DIRECTION('',(0.,0.,1.));
#12226=DIRECTION('',(1.,0.,0.));
#12227=DIRECTION('',(-0.523317008563378,-0.852138080681927,0.));
#12228=DIRECTION('',(-0.121052520302005,0.992646103769381,0.));
#12229=DIRECTION('',(-0.995971393280845,-0.0896715326411453,0.));
#12230=DIRECTION('',(0.0896202323490371,-0.995976010732038,0.));
#12231=DIRECTION('',(0.995963309729865,0.0897612704451858,0.));
#12232=DIRECTION('',(0.0897014582333369,-0.995968698499513,0.));
#12233=DIRECTION('',(-0.995958280063565,-0.0898170605888733,0.));
#12234=DIRECTION('',(0.0896588154223715,-0.99597253818419,0.));
#12235=DIRECTION('',(0.995958280063565,0.0898170605888731,0.));
#12236=DIRECTION('',(0.707106781190265,-0.70710678118283,0.));
#12237=DIRECTION('',(0.995964004447132,0.0897535617434409,0.));
#12238=DIRECTION('',(-0.707106781188406,0.707106781184689,0.));
#12239=DIRECTION('',(0.995977439115271,0.0896043568884212,0.));
#12240=DIRECTION('',(-0.0896376588099799,0.99597444250496,0.));
#12241=DIRECTION('',(-0.99597743911527,-0.0896043568884217,0.));
#12242=DIRECTION('',(-0.0896652297622881,0.995971960735681,0.));
#12243=DIRECTION('',(0.575563630835936,0.817756997438087,0.));
#12244=DIRECTION('',(0.640781112702612,0.767723625794858,0.));
#12245=DIRECTION('',(0.850763465278111,0.525548785697371,0.));
#12246=DIRECTION('',(0.973243019019046,0.229778210304401,0.));
#12247=DIRECTION('',(0.984915487223516,0.173036074352324,0.));
#12248=DIRECTION('',(-0.159555117564891,0.987189021646237,0.));
#12249=DIRECTION('',(-0.988732024978656,-0.149696301830091,0.));
#12250=DIRECTION('',(-0.963342416669929,-0.268274837143816,0.));
#12251=DIRECTION('',(-0.845963089229302,-0.533241457185782,0.));
#12252=DIRECTION('',(-0.648211706968038,-0.761460165044491,0.));
#12253=DIRECTION('',(0.761460165044491,-0.648211706968038,0.));
#12254=DIRECTION('',(0.648211706968038,0.761460165044491,0.));
#12255=DIRECTION('',(0.,0.,-1.));
#12256=DIRECTION('',(0.,0.,-1.));
#12257=DIRECTION('',(0.533241457185782,-0.845963089229302,0.));
#12258=DIRECTION('',(0.845963089229302,0.533241457185782,0.));
#12259=DIRECTION('',(0.,0.,-1.));
#12260=DIRECTION('',(0.268274837143816,-0.963342416669929,0.));
#12261=DIRECTION('',(0.963342416669929,0.268274837143816,0.));
#12262=DIRECTION('',(0.,0.,-1.));
#12263=DIRECTION('',(0.149696301830091,-0.988732024978657,0.));
#12264=DIRECTION('',(0.988732024978656,0.149696301830091,0.));
#12265=DIRECTION('',(0.,0.,-1.));
#12266=DIRECTION('',(-0.987189021646237,-0.159555117564891,0.));
#12267=DIRECTION('',(0.159555117564891,-0.987189021646237,0.));
#12268=DIRECTION('',(0.,0.,-1.));
#12269=DIRECTION('',(-0.173036074352324,0.984915487223517,0.));
#12270=DIRECTION('',(-0.984915487223517,-0.173036074352324,0.));
#12271=DIRECTION('',(0.,0.,-1.));
#12272=DIRECTION('',(0.0896043568884217,-0.995977439115271,0.));
#12273=DIRECTION('',(0.99597743911527,0.0896043568884217,0.));
#12274=DIRECTION('',(0.,0.,-1.));
#12275=DIRECTION('',(0.,0.,-1.));
#12276=DIRECTION('',(-0.99597444250496,-0.0896376588099799,0.));
#12277=DIRECTION('',(0.0896376588099799,-0.99597444250496,0.));
#12278=DIRECTION('',(0.,0.,-1.));
#12279=DIRECTION('',(-0.0896043568884212,0.995977439115271,0.));
#12280=DIRECTION('',(-0.99597743911527,-0.0896043568884211,0.));
#12281=DIRECTION('',(0.,0.,-1.));
#12282=DIRECTION('',(-0.707106781184689,-0.707106781188406,0.));
#12283=DIRECTION('',(0.707106781188406,-0.707106781184689,0.));
#12284=DIRECTION('',(0.,0.,-1.));
#12285=DIRECTION('',(-0.0897535617434409,0.995964004447132,0.));
#12286=DIRECTION('',(-0.995964004447132,-0.0897535617434409,0.));
#12287=DIRECTION('',(0.,0.,-1.));
#12288=DIRECTION('',(0.707106781182831,0.707106781190265,0.));
#12289=DIRECTION('',(-0.707106781190265,0.70710678118283,0.));
#12290=DIRECTION('',(0.,0.,-1.));
#12291=DIRECTION('',(-0.0898170605888731,0.995958280063565,0.));
#12292=DIRECTION('',(-0.995958280063565,-0.0898170605888731,0.));
#12293=DIRECTION('',(0.,0.,-1.));
#12294=DIRECTION('',(0.99597253818419,0.0896588154223715,0.));
#12295=DIRECTION('',(-0.0896588154223715,0.99597253818419,0.));
#12296=DIRECTION('',(0.,0.,-1.));
#12297=DIRECTION('',(0.0898170605888733,-0.995958280063565,0.));
#12298=DIRECTION('',(0.995958280063565,0.0898170605888733,0.));
#12299=DIRECTION('',(0.,0.,-1.));
#12300=DIRECTION('',(-0.0897612704451858,0.995963309729865,0.));
#12301=DIRECTION('',(-0.995963309729865,-0.0897612704451858,0.));
#12302=DIRECTION('',(0.,0.,-1.));
#12303=DIRECTION('',(0.,0.,-1.));
#12304=DIRECTION('',(0.995976010732038,0.089620232349037,0.));
#12305=DIRECTION('',(-0.089620232349037,0.995976010732038,0.));
#12306=DIRECTION('',(0.,0.,-1.));
#12307=DIRECTION('',(0.0896715326411453,-0.995971393280845,0.));
#12308=DIRECTION('',(0.995971393280845,0.0896715326411452,0.));
#12309=DIRECTION('',(0.,0.,-1.));
#12310=DIRECTION('',(-0.992646103769381,-0.121052520302005,0.));
#12311=DIRECTION('',(0.121052520302005,-0.992646103769381,0.));
#12312=DIRECTION('',(0.,0.,-1.));
#12313=DIRECTION('',(0.995968698499513,0.0897014582333369,0.));
#12314=DIRECTION('',(-0.0897014582333369,0.995968698499513,0.));
#12315=DIRECTION('',(-0.995971960735681,-0.0896652297622881,0.));
#12316=DIRECTION('',(0.0896652297622881,-0.995971960735681,0.));
#12317=DIRECTION('',(0.,0.,-1.));
#12318=DIRECTION('',(-0.817756997438087,0.575563630835936,0.));
#12319=DIRECTION('',(-0.575563630835936,-0.817756997438087,0.));
#12320=DIRECTION('',(0.,0.,-1.));
#12321=DIRECTION('',(-0.767723625794858,0.640781112702612,0.));
#12322=DIRECTION('',(-0.640781112702612,-0.767723625794858,0.));
#12323=DIRECTION('',(0.,0.,-1.));
#12324=DIRECTION('',(-0.525548785697371,0.850763465278111,0.));
#12325=DIRECTION('',(-0.850763465278111,-0.525548785697371,0.));
#12326=DIRECTION('',(0.,0.,-1.));
#12327=DIRECTION('',(-0.229778210304401,0.973243019019046,0.));
#12328=DIRECTION('',(-0.973243019019046,-0.229778210304401,0.));
#12329=DIRECTION('',(0.852138080681927,-0.523317008563378,0.));
#12330=DIRECTION('',(0.523317008563378,0.852138080681927,0.));
#12331=DIRECTION('',(0.,0.,1.));
#12332=DIRECTION('',(1.,0.,0.));
#12333=DIRECTION('',(-0.245740919783995,-0.969335545796045,0.));
#12334=DIRECTION('',(-0.105484225803526,-0.994420976300596,0.));
#12335=DIRECTION('',(0.258234513321206,-0.966082261574945,0.));
#12336=DIRECTION('',(0.662434508060829,-0.749119831889536,0.));
#12337=DIRECTION('',(0.91783195917104,-0.396969135732553,0.));
#12338=DIRECTION('',(0.997288730301185,-0.0735879637865436,0.));
#12339=DIRECTION('',(0.95762979144803,0.288002052998241,0.));
#12340=DIRECTION('',(0.89474617207875,0.446575063735564,0.));
#12341=DIRECTION('',(-0.201114988563262,-0.979567640020432,0.));
#12342=DIRECTION('',(0.969306313795399,-0.245856197880743,0.));
#12343=DIRECTION('',(0.245715030707108,0.969342108692594,0.));
#12344=DIRECTION('',(-0.969335560196605,0.245740862980364,0.));
#12345=DIRECTION('',(-0.245767101014805,-0.969328908089911,0.));
#12346=DIRECTION('',(-0.892543168244968,-0.450961963827588,0.));
#12347=DIRECTION('',(-0.949412058732775,-0.314033028092258,0.));
#12348=DIRECTION('',(-0.999736775069785,0.0229429852692785,0.));
#12349=DIRECTION('',(-0.924063962813373,0.38223787440499,0.));
#12350=DIRECTION('',(-0.685799178219431,0.727790826510993,0.));
#12351=DIRECTION('',(-0.213747116969535,0.976889026444259,0.));
#12352=DIRECTION('',(0.126836546922672,0.991923631316813,0.));
#12353=DIRECTION('',(0.245767004659346,0.969328932520211,0.));
#12354=DIRECTION('',(-0.969341175781232,0.2457187109991,0.));
#12355=DIRECTION('',(-0.2457187109991,-0.969341175781232,0.));
#12356=DIRECTION('',(0.969341175781232,-0.2457187109991,0.));
#12357=DIRECTION('',(0.,0.,-1.));
#12358=DIRECTION('',(0.,0.,-1.));
#12359=DIRECTION('',(-0.969328932520212,0.245767004659346,0.));
#12360=DIRECTION('',(-0.245767004659346,-0.969328932520212,0.));
#12361=DIRECTION('',(0.,0.,-1.));
#12362=DIRECTION('',(0.969328908089911,-0.245767101014805,0.));
#12363=DIRECTION('',(0.245767101014805,0.969328908089911,0.));
#12364=DIRECTION('',(0.,0.,-1.));
#12365=DIRECTION('',(0.,0.,-1.));
#12366=DIRECTION('',(-0.245740862980364,-0.969335560196605,0.));
#12367=DIRECTION('',(0.969335560196605,-0.245740862980364,0.));
#12368=DIRECTION('',(0.,0.,-1.));
#12369=DIRECTION('',(-0.969342108692594,0.245715030707108,0.));
#12370=DIRECTION('',(-0.245715030707108,-0.969342108692594,0.));
#12371=DIRECTION('',(0.,0.,-1.));
#12372=DIRECTION('',(0.245856197880743,0.969306313795399,0.));
#12373=DIRECTION('',(-0.969306313795399,0.245856197880743,0.));
#12374=DIRECTION('',(0.,0.,-1.));
#12375=DIRECTION('',(0.979567640020432,-0.201114988563262,0.));
#12376=DIRECTION('',(0.201114988563262,0.979567640020432,0.));
#12377=DIRECTION('',(0.,0.,-1.));
#12378=DIRECTION('',(-0.288002052998241,0.95762979144803,0.));
#12379=DIRECTION('',(-0.95762979144803,-0.288002052998241,0.));
#12380=DIRECTION('',(0.,0.,-1.));
#12381=DIRECTION('',(0.,0.,-1.));
#12382=DIRECTION('',(0.0735879637865436,0.997288730301185,0.));
#12383=DIRECTION('',(-0.997288730301185,0.0735879637865436,0.));
#12384=DIRECTION('',(0.,0.,-1.));
#12385=DIRECTION('',(0.396969135732553,0.91783195917104,0.));
#12386=DIRECTION('',(-0.91783195917104,0.396969135732553,0.));
#12387=DIRECTION('',(0.,0.,-1.));
#12388=DIRECTION('',(0.749119831889536,0.662434508060829,0.));
#12389=DIRECTION('',(-0.662434508060829,0.749119831889536,0.));
#12390=DIRECTION('',(0.,0.,-1.));
#12391=DIRECTION('',(0.966082261574945,0.258234513321206,0.));
#12392=DIRECTION('',(-0.258234513321206,0.966082261574945,0.));
#12393=DIRECTION('',(0.,0.,-1.));
#12394=DIRECTION('',(0.994420976300596,-0.105484225803526,0.));
#12395=DIRECTION('',(0.105484225803526,0.994420976300596,0.));
#12396=DIRECTION('',(0.,0.,-1.));
#12397=DIRECTION('',(0.969335545796045,-0.245740919783995,0.));
#12398=DIRECTION('',(0.245740919783995,0.969335545796045,0.));
#12399=DIRECTION('',(-0.446575063735564,0.89474617207875,0.));
#12400=DIRECTION('',(-0.89474617207875,-0.446575063735564,0.));
#12401=DIRECTION('',(0.450961963827588,-0.892543168244968,0.));
#12402=DIRECTION('',(0.892543168244968,0.450961963827588,0.));
#12403=DIRECTION('',(0.,0.,-1.));
#12404=DIRECTION('',(0.314033028092258,-0.949412058732775,0.));
#12405=DIRECTION('',(0.949412058732775,0.314033028092258,0.));
#12406=DIRECTION('',(0.,0.,-1.));
#12407=DIRECTION('',(-0.0229429852692785,-0.999736775069785,0.));
#12408=DIRECTION('',(0.999736775069785,-0.0229429852692785,0.));
#12409=DIRECTION('',(0.,0.,-1.));
#12410=DIRECTION('',(-0.38223787440499,-0.924063962813373,0.));
#12411=DIRECTION('',(0.924063962813373,-0.38223787440499,0.));
#12412=DIRECTION('',(0.,0.,-1.));
#12413=DIRECTION('',(-0.727790826510993,-0.685799178219431,0.));
#12414=DIRECTION('',(0.685799178219431,-0.727790826510993,0.));
#12415=DIRECTION('',(0.,0.,-1.));
#12416=DIRECTION('',(-0.976889026444259,-0.213747116969535,0.));
#12417=DIRECTION('',(0.213747116969535,-0.976889026444259,0.));
#12418=DIRECTION('',(0.,0.,-1.));
#12419=DIRECTION('',(-0.991923631316813,0.126836546922672,0.));
#12420=DIRECTION('',(-0.126836546922672,-0.991923631316813,0.));
#12421=DIRECTION('',(-0.999952092893452,-0.00978835624634771,0.));
#12422=DIRECTION('',(0.00978835624634771,-0.999952092893452,0.));
#12423=DIRECTION('',(0.,0.,-1.));
#12424=DIRECTION('',(0.,0.,-1.));
#12425=DIRECTION('',(-0.00978835624634771,0.999952092893452,0.));
#12426=DIRECTION('',(-0.928889909379245,-0.370355958846915,0.));
#12427=DIRECTION('',(0.370355958846915,-0.928889909379245,0.));
#12428=DIRECTION('',(0.,0.,-1.));
#12429=DIRECTION('',(-0.370355958846915,0.928889909379245,0.));
#12430=DIRECTION('',(-0.595262897433682,-0.803531009320025,0.));
#12431=DIRECTION('',(0.803531009320025,-0.595262897433682,0.));
#12432=DIRECTION('',(0.,0.,-1.));
#12433=DIRECTION('',(-0.803531009320025,0.595262897433682,0.));
#12434=DIRECTION('',(-0.264674792583708,-0.964337728273021,0.));
#12435=DIRECTION('',(0.964337728273021,-0.264674792583708,0.));
#12436=DIRECTION('',(0.,0.,-1.));
#12437=DIRECTION('',(-0.964337728273021,0.264674792583708,0.));
#12438=DIRECTION('',(0.999458631629541,-0.0329005115644883,0.));
#12439=DIRECTION('',(0.0329005115644883,0.999458631629541,0.));
#12440=DIRECTION('',(0.,0.,-1.));
#12441=DIRECTION('',(0.,0.,-1.));
#12442=DIRECTION('',(-0.0329005115644883,-0.999458631629541,0.));
#12443=DIRECTION('',(0.994623155053461,-0.103560510965806,0.));
#12444=DIRECTION('',(0.103560510965806,0.994623155053461,0.));
#12445=DIRECTION('',(0.,0.,-1.));
#12446=DIRECTION('',(-0.103560510965806,-0.994623155053461,0.));
#12447=DIRECTION('',(-0.994621949400985,0.103572089723938,0.));
#12448=DIRECTION('',(-0.103572089723938,-0.994621949400985,0.));
#12449=DIRECTION('',(0.,0.,-1.));
#12450=DIRECTION('',(0.103572089723938,0.994621949400985,0.));
#12451=DIRECTION('',(-0.103566619474074,-0.994622519014481,0.));
#12452=DIRECTION('',(0.994622519014481,-0.103566619474074,0.));
#12453=DIRECTION('',(0.,0.,-1.));
#12454=DIRECTION('',(-0.994622519014481,0.103566619474074,0.));
#12455=DIRECTION('',(0.,1.,0.));
#12456=DIRECTION('',(0.,0.,1.));
#12457=DIRECTION('',(0.,0.,-1.));
#12458=DIRECTION('',(1.,0.,0.));
#12459=DIRECTION('',(0.103569561057198,0.994622212713159,0.));
#12460=DIRECTION('',(-0.994622212713158,0.103569561057198,0.));
#12461=DIRECTION('',(0.,0.,-1.));
#12462=DIRECTION('',(0.994622212713159,-0.103569561057198,0.));
#12463=DIRECTION('',(0.994627266394584,-0.103521016921383,0.));
#12464=DIRECTION('',(0.103521016921383,0.994627266394584,0.));
#12465=DIRECTION('',(0.,0.,-1.));
#12466=DIRECTION('',(-0.103521016921383,-0.994627266394584,0.));
#12467=DIRECTION('',(0.103569561057198,0.994622212713158,0.));
#12468=DIRECTION('',(-0.994622212713158,0.103569561057198,0.));
#12469=DIRECTION('',(0.994622212713158,-0.103569561057198,0.));
#12470=DIRECTION('',(0.986603801376738,0.163134726863933,0.));
#12471=DIRECTION('',(-0.163134726863933,0.986603801376738,0.));
#12472=DIRECTION('',(0.,0.,-1.));
#12473=DIRECTION('',(0.163134726863933,-0.986603801376738,0.));
#12474=DIRECTION('',(0.8787393478864,0.477301957335379,0.));
#12475=DIRECTION('',(-0.477301957335379,0.8787393478864,0.));
#12476=DIRECTION('',(0.,0.,-1.));
#12477=DIRECTION('',(0.477301957335379,-0.8787393478864,0.));
#12478=DIRECTION('',(0.648050301820037,0.761597535651843,0.));
#12479=DIRECTION('',(-0.761597535651843,0.648050301820037,0.));
#12480=DIRECTION('',(0.,0.,-1.));
#12481=DIRECTION('',(0.761597535651843,-0.648050301820037,0.));
#12482=DIRECTION('',(0.304217522565078,0.952602592356522,0.));
#12483=DIRECTION('',(-0.952602592356522,0.304217522565078,0.));
#12484=DIRECTION('',(0.,0.,-1.));
#12485=DIRECTION('',(0.952602592356522,-0.304217522565078,0.));
#12486=DIRECTION('',(0.161813395993135,0.986821374351594,0.));
#12487=DIRECTION('',(-0.986821374351594,0.161813395993135,0.));
#12488=DIRECTION('',(0.,0.,-1.));
#12489=DIRECTION('',(0.986821374351594,-0.161813395993135,0.));
#12490=DIRECTION('',(-0.98536638963921,0.170449635286758,0.));
#12491=DIRECTION('',(-0.170449635286758,-0.98536638963921,0.));
#12492=DIRECTION('',(0.,0.,-1.));
#12493=DIRECTION('',(0.170449635286758,0.98536638963921,0.));
#12494=DIRECTION('',(-0.16721449320738,-0.985920541048517,0.));
#12495=DIRECTION('',(0.985920541048516,-0.16721449320738,0.));
#12496=DIRECTION('',(-0.985920541048516,0.16721449320738,0.));
#12497=DIRECTION('',(0.,0.,1.));
#12498=DIRECTION('',(1.,0.,0.));
#12499=DIRECTION('',(0.749047037017971,-0.662516819661658,0.));
#12500=DIRECTION('',(0.662516819661658,0.749047037017971,0.));
#12501=DIRECTION('',(0.,0.,-1.));
#12502=DIRECTION('',(0.,0.,-1.));
#12503=DIRECTION('',(-0.662516819661658,-0.749047037017971,0.));
#12504=DIRECTION('',(-0.57878298163827,-0.815481612402091,0.));
#12505=DIRECTION('',(0.815481612402091,-0.57878298163827,0.));
#12506=DIRECTION('',(0.,0.,-1.));
#12507=DIRECTION('',(-0.815481612402091,0.57878298163827,0.));
#12508=DIRECTION('',(0.,0.,-1.));
#12509=DIRECTION('',(-0.334662575296317,-0.942338028891988,0.));
#12510=DIRECTION('',(0.942338028891988,-0.334662575296317,0.));
#12511=DIRECTION('',(0.,0.,-1.));
#12512=DIRECTION('',(-0.942338028891988,0.334662575296317,0.));
#12513=DIRECTION('',(-0.0594314399578479,-0.998232389749269,0.));
#12514=DIRECTION('',(0.998232389749269,-0.0594314399578479,0.));
#12515=DIRECTION('',(0.,0.,-1.));
#12516=DIRECTION('',(-0.998232389749269,0.0594314399578479,0.));
#12517=DIRECTION('',(0.187862284636364,-0.982195378736433,0.));
#12518=DIRECTION('',(0.982195378736433,0.187862284636364,0.));
#12519=DIRECTION('',(0.,0.,-1.));
#12520=DIRECTION('',(-0.982195378736433,-0.187862284636364,0.));
#12521=DIRECTION('',(0.419876645157339,-0.907581182512847,0.));
#12522=DIRECTION('',(0.907581182512847,0.419876645157339,0.));
#12523=DIRECTION('',(0.,0.,-1.));
#12524=DIRECTION('',(-0.907581182512847,-0.419876645157339,0.));
#12525=DIRECTION('',(0.619465364188789,-0.785023988531848,0.));
#12526=DIRECTION('',(0.785023988531848,0.619465364188789,0.));
#12527=DIRECTION('',(-0.785023988531848,-0.619465364188789,0.));
#12528=DIRECTION('',(-0.985316288446155,-0.170739016404261,0.));
#12529=DIRECTION('',(0.170739016404261,-0.985316288446155,0.));
#12530=DIRECTION('',(0.,0.,-1.));
#12531=DIRECTION('',(-0.170739016404261,0.985316288446155,0.));
#12532=DIRECTION('',(0.0746146582411681,-0.997212441145594,0.));
#12533=DIRECTION('',(0.997212441145593,0.0746146582411681,0.));
#12534=DIRECTION('',(0.,0.,-1.));
#12535=DIRECTION('',(-0.997212441145593,-0.0746146582411681,0.));
#12536=DIRECTION('',(0.997220614115771,0.0745053473420775,0.));
#12537=DIRECTION('',(-0.0745053473420775,0.997220614115771,0.));
#12538=DIRECTION('',(0.,0.,-1.));
#12539=DIRECTION('',(0.0745053473420775,-0.997220614115771,0.));
#12540=DIRECTION('',(-0.0745050767394051,0.997220634333273,0.));
#12541=DIRECTION('',(-0.997220634333273,-0.0745050767394051,0.));
#12542=DIRECTION('',(0.,0.,-1.));
#12543=DIRECTION('',(0.997220634333273,0.0745050767394051,0.));
#12544=DIRECTION('',(-0.997216768854413,-0.0745567965752647,0.));
#12545=DIRECTION('',(0.0745567965752646,-0.997216768854412,0.));
#12546=DIRECTION('',(0.,0.,-1.));
#12547=DIRECTION('',(-0.0745567965752646,0.997216768854412,0.));
#12548=DIRECTION('',(0.502986459788286,0.86429429089266,0.));
#12549=DIRECTION('',(-0.86429429089266,0.502986459788286,0.));
#12550=DIRECTION('',(0.,0.,-1.));
#12551=DIRECTION('',(0.86429429089266,-0.502986459788286,0.));
#12552=DIRECTION('',(0.138542771149295,0.990356451265035,0.));
#12553=DIRECTION('',(-0.990356451265035,0.138542771149295,0.));
#12554=DIRECTION('',(0.,0.,-1.));
#12555=DIRECTION('',(0.990356451265035,-0.138542771149295,0.));
#12556=DIRECTION('',(-0.19854483647579,0.980091805857391,0.));
#12557=DIRECTION('',(-0.980091805857391,-0.19854483647579,0.));
#12558=DIRECTION('',(0.,0.,-1.));
#12559=DIRECTION('',(0.980091805857391,0.19854483647579,0.));
#12560=DIRECTION('',(-0.459798585099663,0.888023232320162,0.));
#12561=DIRECTION('',(-0.888023232320162,-0.459798585099662,0.));
#12562=DIRECTION('',(0.,0.,-1.));
#12563=DIRECTION('',(0.888023232320162,0.459798585099662,0.));
#12564=DIRECTION('',(-0.686338475783258,0.727282267527206,0.));
#12565=DIRECTION('',(-0.727282267527206,-0.686338475783258,0.));
#12566=DIRECTION('',(0.,0.,-1.));
#12567=DIRECTION('',(0.727282267527206,0.686338475783258,0.));
#12568=DIRECTION('',(-0.852490790531504,0.522742242466564,0.));
#12569=DIRECTION('',(-0.522742242466563,-0.852490790531504,0.));
#12570=DIRECTION('',(0.,0.,-1.));
#12571=DIRECTION('',(0.522742242466563,0.852490790531504,0.));
#12572=DIRECTION('',(-0.955554539759284,0.294814384902471,0.));
#12573=DIRECTION('',(-0.294814384902471,-0.955554539759284,0.));
#12574=DIRECTION('',(0.,0.,-1.));
#12575=DIRECTION('',(0.294814384902471,0.955554539759284,0.));
#12576=DIRECTION('',(-0.999223213998112,0.0394077226858358,0.));
#12577=DIRECTION('',(-0.0394077226858358,-0.999223213998112,0.));
#12578=DIRECTION('',(0.,0.,-1.));
#12579=DIRECTION('',(0.0394077226858357,0.999223213998112,0.));
#12580=DIRECTION('',(-0.984128492873494,-0.177457345620139,0.));
#12581=DIRECTION('',(0.177457345620139,-0.984128492873494,0.));
#12582=DIRECTION('',(0.,0.,-1.));
#12583=DIRECTION('',(-0.177457345620139,0.984128492873494,0.));
#12584=DIRECTION('',(-0.911663842728967,-0.41093678085644,0.));
#12585=DIRECTION('',(0.41093678085644,-0.911663842728967,0.));
#12586=DIRECTION('',(0.,0.,-1.));
#12587=DIRECTION('',(-0.41093678085644,0.911663842728967,0.));
#12588=DIRECTION('',(0.0652217291003397,0.997870796272324,0.));
#12589=DIRECTION('',(-0.997870796272324,0.0652217291003397,0.));
#12590=DIRECTION('',(0.,0.,-1.));
#12591=DIRECTION('',(0.997870796272324,-0.0652217291003397,0.));
#12592=DIRECTION('',(0.,0.,-1.));
#12593=DIRECTION('',(0.997870796272324,-0.0652217291003397,0.));
#12594=DIRECTION('',(0.354050343585136,0.935226365222478,0.));
#12595=DIRECTION('',(-0.935226365222478,0.354050343585136,0.));
#12596=DIRECTION('',(0.935226365222478,-0.354050343585136,0.));
#12597=DIRECTION('',(0.935226365222478,-0.354050343585136,0.));
#12598=DIRECTION('',(0.99959956895566,-0.0282966737207681,0.));
#12599=DIRECTION('',(0.0282966737207681,0.999599568955659,0.));
#12600=DIRECTION('',(-0.0282966737207681,-0.999599568955659,0.));
#12601=DIRECTION('',(0.,0.,-1.));
#12602=DIRECTION('',(-0.0282966737207681,-0.999599568955659,0.));
#12603=DIRECTION('',(0.968281729796308,-0.249860944812648,0.));
#12604=DIRECTION('',(0.249860944812648,0.968281729796308,0.));
#12605=DIRECTION('',(-0.249860944812648,-0.968281729796308,0.));
#12606=DIRECTION('',(0.,0.,-1.));
#12607=DIRECTION('',(-0.249860944812648,-0.968281729796308,0.));
#12608=DIRECTION('',(0.871862334928406,-0.489751027495797,0.));
#12609=DIRECTION('',(0.489751027495797,0.871862334928406,0.));
#12610=DIRECTION('',(-0.489751027495797,-0.871862334928406,0.));
#12611=DIRECTION('',(0.,0.,-1.));
#12612=DIRECTION('',(-0.489751027495797,-0.871862334928406,0.));
#12613=DIRECTION('',(0.702641825501924,-0.711543719707597,0.));
#12614=DIRECTION('',(0.711543719707597,0.702641825501924,0.));
#12615=DIRECTION('',(-0.711543719707597,-0.702641825501924,0.));
#12616=DIRECTION('',(0.,0.,-1.));
#12617=DIRECTION('',(-0.711543719707597,-0.702641825501924,0.));
#12618=DIRECTION('',(0.455225041220959,-0.890376415818263,0.));
#12619=DIRECTION('',(0.890376415818263,0.455225041220959,0.));
#12620=DIRECTION('',(-0.890376415818263,-0.455225041220959,0.));
#12621=DIRECTION('',(0.,0.,-1.));
#12622=DIRECTION('',(-0.890376415818263,-0.455225041220959,0.));
#12623=DIRECTION('',(0.1882369253022,-0.9821236479959,0.));
#12624=DIRECTION('',(0.9821236479959,0.1882369253022,0.));
#12625=DIRECTION('',(-0.9821236479959,-0.188236925302201,0.));
#12626=DIRECTION('',(0.,0.,-1.));
#12627=DIRECTION('',(-0.9821236479959,-0.188236925302201,0.));
#12628=DIRECTION('',(-0.0832427879104344,-0.996529296238148,0.));
#12629=DIRECTION('',(0.996529296238148,-0.0832427879104344,0.));
#12630=DIRECTION('',(-0.996529296238148,0.0832427879104344,0.));
#12631=DIRECTION('',(0.,0.,-1.));
#12632=DIRECTION('',(-0.996529296238148,0.0832427879104344,0.));
#12633=DIRECTION('',(-0.379364636432409,-0.92524724945525,0.));
#12634=DIRECTION('',(0.92524724945525,-0.379364636432409,0.));
#12635=DIRECTION('',(-0.92524724945525,0.379364636432409,0.));
#12636=DIRECTION('',(0.,0.,-1.));
#12637=DIRECTION('',(-0.92524724945525,0.379364636432409,0.));
#12638=DIRECTION('',(-0.582334526942339,-0.812949259628695,0.));
#12639=DIRECTION('',(0.812949259628695,-0.582334526942339,0.));
#12640=DIRECTION('',(-0.812949259628695,0.582334526942339,0.));
#12641=DIRECTION('',(0.,0.,-1.));
#12642=DIRECTION('',(-0.812949259628695,0.582334526942339,0.));
#12643=DIRECTION('',(-0.997216102822629,-0.0745657043904741,0.));
#12644=DIRECTION('',(0.0745657043904741,-0.997216102822629,0.));
#12645=DIRECTION('',(-0.0745657043904741,0.997216102822629,0.));
#12646=DIRECTION('',(0.,0.,-1.));
#12647=DIRECTION('',(-0.0745657043904741,0.997216102822629,0.));
#12648=DIRECTION('',(-0.721542058945687,0.692370606808535,0.));
#12649=DIRECTION('',(-0.692370606808535,-0.721542058945687,0.));
#12650=DIRECTION('',(0.692370606808535,0.721542058945687,0.));
#12651=DIRECTION('',(0.,0.,-1.));
#12652=DIRECTION('',(0.692370606808535,0.721542058945687,0.));
#12653=DIRECTION('',(-0.572459752370467,0.819932821587198,0.));
#12654=DIRECTION('',(-0.819932821587198,-0.572459752370467,0.));
#12655=DIRECTION('',(0.819932821587198,0.572459752370467,0.));
#12656=DIRECTION('',(0.,0.,-1.));
#12657=DIRECTION('',(0.819932821587198,0.572459752370467,0.));
#12658=DIRECTION('',(-0.253325579814271,0.967381078278753,0.));
#12659=DIRECTION('',(-0.967381078278753,-0.253325579814271,0.));
#12660=DIRECTION('',(0.967381078278753,0.253325579814271,0.));
#12661=DIRECTION('',(0.967381078278753,0.253325579814271,0.));
#12662=DIRECTION('',(-0.775564515435751,-0.631268312524009,0.));
#12663=DIRECTION('',(0.631268312524009,-0.775564515435751,0.));
#12664=DIRECTION('',(-0.631268312524009,0.775564515435751,0.));
#12665=DIRECTION('',(0.,0.,1.));
#12666=DIRECTION('',(1.,0.,0.));
#12667=DIRECTION('',(0.,0.,1.));
#12668=DIRECTION('',(1.,0.,0.));
#12669=DIRECTION('',(0.,0.,1.));
#12670=DIRECTION('',(1.,0.,0.));
#12671=DIRECTION('',(0.,0.,1.));
#12672=DIRECTION('',(1.,0.,0.));
#12673=DIRECTION('',(0.,0.,1.));
#12674=DIRECTION('',(1.,0.,0.));
#12675=DIRECTION('',(0.,0.,1.));
#12676=DIRECTION('',(1.,0.,0.));
#12677=CARTESIAN_POINT('',(0.,0.,0.));
#12678=CARTESIAN_POINT('',(-0.0279651839651469,0.00408043343445427,0.0015));
#12679=CARTESIAN_POINT('',(-0.0281080851745858,0.00446625196240489,0.0015));
#12680=CARTESIAN_POINT('',(-0.0281080851745858,0.00446625196240489,0.001));
#12681=CARTESIAN_POINT('',(-0.0281080851745858,0.00446625196240489,0.0005));
#12682=CARTESIAN_POINT('',(-0.0281080851745858,0.00446625196240489,2.16840434497101E-19));
#12683=CARTESIAN_POINT('',(-0.0281080851745859,0.00446625196240489,0.0015));
#12684=CARTESIAN_POINT('',(-0.0281080851745859,0.0044662519624049,0.));
#12685=CARTESIAN_POINT('',(-0.0279651839651469,0.00408043343445427,-8.67361737988404E-19));
#12686=CARTESIAN_POINT('',(-0.0278222834245858,0.00369461108740488,-4.33680868994202E-19));
#12687=CARTESIAN_POINT('',(-0.0278222834245858,0.00369461671240487,0.0015));
#12688=CARTESIAN_POINT('',(-0.0278222834245858,0.00369461671240487,0.001));
#12689=CARTESIAN_POINT('',(-0.0278222834245858,0.00369461671240487,0.0005));
#12690=CARTESIAN_POINT('',(-0.0278222834245858,0.00369461671240487,2.16840434497101E-19));
#12691=CARTESIAN_POINT('',(-0.0278222834245858,0.00369461671240488,0.0015));
#12692=CARTESIAN_POINT('',(-0.0279651839651469,0.00408043343445427,0.0015));
#12693=CARTESIAN_POINT('',(-0.0277746396745858,0.00324211639990489,0.0015));
#12694=CARTESIAN_POINT('',(-0.0277746396745858,0.00324211639990489,-8.67361737988404E-19));
#12695=CARTESIAN_POINT('',(-0.0277269959245858,0.00278961608740489,-4.33680868994202E-19));
#12696=CARTESIAN_POINT('',(-0.0277269959245858,0.00278961608740489,0.0015));
#12697=CARTESIAN_POINT('',(-0.0277269959245858,0.00278961608740489,0.0015));
#12698=CARTESIAN_POINT('',(-0.0277746396745858,0.00324211639990489,0.0015));
#12699=CARTESIAN_POINT('',(0.00593098188791418,0.00544710852490489,0.0015));
#12700=CARTESIAN_POINT('',(0.00563338170041418,0.00565892971240489,0.0015));
#12701=CARTESIAN_POINT('',(0.00563338170041418,0.00565892971240489,0.0015));
#12702=CARTESIAN_POINT('',(0.00563338170041418,0.00565892971240489,-4.33680868994202E-19));
#12703=CARTESIAN_POINT('',(0.00593098188791418,0.00544710852490489,-8.67361737988404E-19));
#12704=CARTESIAN_POINT('',(0.00622858207541417,0.00523528564990489,-4.33680868994202E-19));
#12705=CARTESIAN_POINT('',(0.00622858207541418,0.00523528733740489,0.0015));
#12706=CARTESIAN_POINT('',(0.00622858207541418,0.00523528733740489,0.001));
#12707=CARTESIAN_POINT('',(0.00622858207541418,0.00523528733740489,0.0005));
#12708=CARTESIAN_POINT('',(0.00622858207541418,0.00523528733740489,-6.50521303491303E-19));
#12709=CARTESIAN_POINT('',(0.00622858207541417,0.00523528733740489,0.0015));
#12710=CARTESIAN_POINT('',(0.00593098188791418,0.00544710852490489,0.0015));
#12711=CARTESIAN_POINT('',(0.00646601838791418,0.00493304202490489,0.0015));
#12712=CARTESIAN_POINT('',(0.00646601838791418,0.00493304202490489,0.));
#12713=CARTESIAN_POINT('',(0.00670345470041418,0.00463078152490489,0.));
#12714=CARTESIAN_POINT('',(0.00670345470041418,0.00463079671240489,0.0015));
#12715=CARTESIAN_POINT('',(0.00670345470041418,0.00463079671240489,0.0015));
#12716=CARTESIAN_POINT('',(0.00646601838791418,0.00493304202490489,0.0015));
#12717=CARTESIAN_POINT('',(0.00687464370041417,0.00425671002490489,0.0015));
#12718=CARTESIAN_POINT('',(0.00687464370041417,0.00425671002490489,0.));
#12719=CARTESIAN_POINT('',(0.00704583270041418,0.0038826160249049,4.33680868994202E-19));
#12720=CARTESIAN_POINT('',(0.00704583270041417,0.00388262333740489,0.0015));
#12721=CARTESIAN_POINT('',(0.00704583270041417,0.00388262333740489,0.001));
#12722=CARTESIAN_POINT('',(0.00704583270041417,0.00388262333740489,0.0005));
#12723=CARTESIAN_POINT('',(0.00704583270041417,0.00388262333740489,-4.33680868994202E-19));
#12724=CARTESIAN_POINT('',(0.00704583270041417,0.00388262333740489,0.0015));
#12725=CARTESIAN_POINT('',(0.00687464370041417,0.00425671002490489,0.0015));
#12726=CARTESIAN_POINT('',(0.00712705601291418,0.00343495658740489,0.0015));
#12727=CARTESIAN_POINT('',(0.00712705601291418,0.00343495658740489,-8.67361737988404E-19));
#12728=CARTESIAN_POINT('',(0.00720827932541418,0.00298728983740489,-4.33680868994202E-19));
#12729=CARTESIAN_POINT('',(0.00720827932541418,0.00298728983740489,0.0015));
#12730=CARTESIAN_POINT('',(0.00720827932541418,0.00298728983740489,0.0015));
#12731=CARTESIAN_POINT('',(0.00712705601291418,0.00343495658740489,0.0015));
#12732=CARTESIAN_POINT('',(0.0108757464094229,0.00972203652490489,0.));
#12733=CARTESIAN_POINT('',(0.0126093441184315,0.00954152296240489,0.0015));
#12734=CARTESIAN_POINT('',(0.0126093441184315,0.00954152296240489,0.));
#12735=CARTESIAN_POINT('',(0.0126093441184315,0.00954152296240489,-0.0025));
#12736=CARTESIAN_POINT('',(0.0108757464094229,0.00972203652490489,0.));
#12737=CARTESIAN_POINT('',(0.00914214870041418,0.00990255008740489,0.));
#12738=CARTESIAN_POINT('',(0.00914214870041418,0.00990255008740489,0.));
#12739=CARTESIAN_POINT('',(0.00914214870041418,0.00990255008740489,-0.0025));
#12740=CARTESIAN_POINT('',(0.0108757464094229,0.00972203652490489,-0.0025));
#12741=CARTESIAN_POINT('',(0.0214576609504142,0.00912148621240489,0.));
#12742=CARTESIAN_POINT('',(0.0214576609504142,0.00912148621240489,-0.0025));
#12743=CARTESIAN_POINT('',(0.0214576609504142,0.00834042233740489,-0.0025));
#12744=CARTESIAN_POINT('',(0.0214576609504142,0.00990255008740489,-0.0025));
#12745=CARTESIAN_POINT('',(0.0214576609504142,0.00834042233740489,0.));
#12746=CARTESIAN_POINT('',(0.0214576609504142,0.00834042233740489,0.));
#12747=CARTESIAN_POINT('',(0.0214576609504142,0.00912148621240489,0.));
#12748=CARTESIAN_POINT('',(0.0214576609504142,0.00990255008740489,0.));
#12749=CARTESIAN_POINT('',(0.0214576609504142,0.00990255008740489,0.));
#12750=CARTESIAN_POINT('',(0.0205411600129142,0.00819934452490489,0.));
#12751=CARTESIAN_POINT('',(0.0205411600129142,0.00819934452490489,-0.0025));
#12752=CARTESIAN_POINT('',(0.0196246590754142,0.00805826671240489,-0.0025));
#12753=CARTESIAN_POINT('',(0.0196246590754142,0.00805826671240489,0.));
#12754=CARTESIAN_POINT('',(0.0196246590754142,0.00805826671240489,0.));
#12755=CARTESIAN_POINT('',(0.0205411600129142,0.00819934452490489,0.));
#12756=CARTESIAN_POINT('',(0.0187656428254142,0.00768892414990489,0.));
#12757=CARTESIAN_POINT('',(0.0187656428254142,0.00768892414990489,-0.0025));
#12758=CARTESIAN_POINT('',(0.0179066265754142,0.00731958158740489,-0.0025));
#12759=CARTESIAN_POINT('',(0.0179066265754142,0.00731958158740489,0.));
#12760=CARTESIAN_POINT('',(0.0179066265754142,0.00731958158740489,0.));
#12761=CARTESIAN_POINT('',(0.0187656428254142,0.00768892414990489,0.));
#12762=CARTESIAN_POINT('',(0.0174168336379142,0.00697511952490489,0.));
#12763=CARTESIAN_POINT('',(0.0174168336379142,0.00697511952490489,-0.0025));
#12764=CARTESIAN_POINT('',(0.0169270407004142,0.00663065746240489,-0.0025));
#12765=CARTESIAN_POINT('',(0.0169270407004142,0.00663065746240489,0.));
#12766=CARTESIAN_POINT('',(0.0169270407004142,0.00663065746240489,0.));
#12767=CARTESIAN_POINT('',(0.0174168336379142,0.00697511952490489,0.));
#12768=CARTESIAN_POINT('',(0.0170538422629142,0.00784802502490489,0.));
#12769=CARTESIAN_POINT('',(0.0170538422629142,0.00784802502490489,-0.0025));
#12770=CARTESIAN_POINT('',(0.0171806438254142,0.00906539258740489,-0.0025));
#12771=CARTESIAN_POINT('',(0.0171806438254142,0.00906539258740489,0.));
#12772=CARTESIAN_POINT('',(0.0171806438254142,0.00906539258740489,0.));
#12773=CARTESIAN_POINT('',(0.0170538422629142,0.00784802502490489,0.));
#12774=CARTESIAN_POINT('',(0.0171269537629142,0.00964364033740489,0.));
#12775=CARTESIAN_POINT('',(0.0171269537629142,0.00964364033740489,-0.0025));
#12776=CARTESIAN_POINT('',(0.0170732637004142,0.0102218880874049,-0.0025));
#12777=CARTESIAN_POINT('',(0.0170732637004142,0.0102218880874049,0.));
#12778=CARTESIAN_POINT('',(0.0170732637004142,0.0102218880874049,0.));
#12779=CARTESIAN_POINT('',(0.0171269537629142,0.00964364033740489,0.));
#12780=CARTESIAN_POINT('',(0.0168023597629142,0.0107355760249049,0.));
#12781=CARTESIAN_POINT('',(0.0168023597629142,0.0107355760249049,-0.0025));
#12782=CARTESIAN_POINT('',(0.0165314558254142,0.0112492639624049,-0.0025));
#12783=CARTESIAN_POINT('',(0.0165314558254142,0.0112492639624049,0.));
#12784=CARTESIAN_POINT('',(0.0165314558254142,0.0112492639624049,0.));
#12785=CARTESIAN_POINT('',(0.0168023597629142,0.0107355760249049,0.));
#12786=CARTESIAN_POINT('',(0.0160846930129142,0.0116201398999049,0.));
#12787=CARTESIAN_POINT('',(0.0160846930129142,0.0116201398999049,-0.0025));
#12788=CARTESIAN_POINT('',(0.0156379302004142,0.0119910158374049,-0.0025));
#12789=CARTESIAN_POINT('',(0.0156379302004142,0.0119910158374049,0.));
#12790=CARTESIAN_POINT('',(0.0156379302004142,0.0119910158374049,0.));
#12791=CARTESIAN_POINT('',(0.0160846930129142,0.0116201398999049,0.));
#12792=CARTESIAN_POINT('',(0.0150832298254142,0.0121626936499049,0.));
#12793=CARTESIAN_POINT('',(0.0150832298254142,0.0121626936499049,-0.0025));
#12794=CARTESIAN_POINT('',(0.0145285294504142,0.0123343714624049,-0.0025));
#12795=CARTESIAN_POINT('',(0.0145285294504142,0.0123343714624049,0.));
#12796=CARTESIAN_POINT('',(0.0145285294504142,0.0123343714624049,0.));
#12797=CARTESIAN_POINT('',(0.0150832298254142,0.0121626936499049,0.));
#12798=CARTESIAN_POINT('',(0.0137232218254142,0.0124182328999049,0.));
#12799=CARTESIAN_POINT('',(0.0137232218254142,0.0124182328999049,-0.0025));
#12800=CARTESIAN_POINT('',(0.0129179142004142,0.0125020943374049,-0.0025));
#12801=CARTESIAN_POINT('',(0.0129179142004142,0.0125020943374049,0.));
#12802=CARTESIAN_POINT('',(0.0129179142004142,0.0125020943374049,0.));
#12803=CARTESIAN_POINT('',(0.0137232218254142,0.0124182328999049,0.));
#12804=CARTESIAN_POINT('',(0.0129170209504142,0.0125020943374049,0.));
#12805=CARTESIAN_POINT('',(0.0129170209504142,0.0125020943374049,-0.0025));
#12806=CARTESIAN_POINT('',(0.0129161277004142,0.0125020943374049,-0.0025));
#12807=CARTESIAN_POINT('',(0.0129161277004142,0.0125020943374049,0.));
#12808=CARTESIAN_POINT('',(0.0129161277004142,0.0125020943374049,0.));
#12809=CARTESIAN_POINT('',(0.0129170209504142,0.0125020943374049,0.));
#12810=CARTESIAN_POINT('',(0.0111831754504142,0.0126826062124049,0.));
#12811=CARTESIAN_POINT('',(0.0111831754504142,0.0126826062124049,-0.0025));
#12812=CARTESIAN_POINT('',(0.00945022320041418,0.0128631180874049,-0.0025));
#12813=CARTESIAN_POINT('',(0.00945022320041418,0.0128631180874049,0.));
#12814=CARTESIAN_POINT('',(0.00945022320041418,0.0128631180874049,0.));
#12815=CARTESIAN_POINT('',(0.0111831754504142,0.0126826062124049,0.));
#12816=CARTESIAN_POINT('',(0.00887934926291418,0.0128119587124049,0.));
#12817=CARTESIAN_POINT('',(0.00887934926291418,0.0128119587124049,-0.0025));
#12818=CARTESIAN_POINT('',(0.00830847532541417,0.0127607993374049,-0.0025));
#12819=CARTESIAN_POINT('',(0.00830847532541417,0.0127607993374049,0.));
#12820=CARTESIAN_POINT('',(0.00830847532541417,0.0127607993374049,0.));
#12821=CARTESIAN_POINT('',(0.00887934926291418,0.0128119587124049,0.));
#12822=CARTESIAN_POINT('',(0.00781558301291418,0.0125095193374049,0.));
#12823=CARTESIAN_POINT('',(0.00781558301291418,0.0125095193374049,-0.0025));
#12824=CARTESIAN_POINT('',(0.00732269070041418,0.0122582393374049,-0.0025));
#12825=CARTESIAN_POINT('',(0.00732269070041418,0.0122582393374049,0.));
#12826=CARTESIAN_POINT('',(0.00732269070041418,0.0122582393374049,0.));
#12827=CARTESIAN_POINT('',(0.00781558301291418,0.0125095193374049,0.));
#12828=CARTESIAN_POINT('',(0.00695556663791417,0.0118456258999049,0.));
#12829=CARTESIAN_POINT('',(0.00695556663791417,0.0118456258999049,-0.0025));
#12830=CARTESIAN_POINT('',(0.00658844257541418,0.0114330124624049,-0.0025));
#12831=CARTESIAN_POINT('',(0.00658844257541418,0.0114330124624049,0.));
#12832=CARTESIAN_POINT('',(0.00658844257541418,0.0114330124624049,0.));
#12833=CARTESIAN_POINT('',(0.00695556663791417,0.0118456258999049,0.));
#12834=CARTESIAN_POINT('',(0.00639487563791418,0.0108978527749049,0.));
#12835=CARTESIAN_POINT('',(0.00639487563791418,0.0108978527749049,-0.0025));
#12836=CARTESIAN_POINT('',(0.00620130870041418,0.0103626930874049,-0.0025));
#12837=CARTESIAN_POINT('',(0.00620130870041418,0.0103626930874049,0.));
#12838=CARTESIAN_POINT('',(0.00620130870041418,0.0103626930874049,0.));
#12839=CARTESIAN_POINT('',(0.00639487563791418,0.0108978527749049,0.));
#12840=CARTESIAN_POINT('',(0.00619148632541418,0.0102868219624049,0.));
#12841=CARTESIAN_POINT('',(0.00619148632541418,0.0102868219624049,-0.0025));
#12842=CARTESIAN_POINT('',(0.00618166395041417,0.0102109508374049,-0.0025));
#12843=CARTESIAN_POINT('',(0.00618166395041417,0.0102109508374049,0.));
#12844=CARTESIAN_POINT('',(0.00618166395041417,0.0102109508374049,0.));
#12845=CARTESIAN_POINT('',(0.00619148632541418,0.0102868219624049,0.));
#12846=CARTESIAN_POINT('',(0.00618151488791418,0.0102103703374049,0.));
#12847=CARTESIAN_POINT('',(0.00618151488791418,0.0102103703374049,-0.0025));
#12848=CARTESIAN_POINT('',(0.00618136582541418,0.0102097898374049,-0.0025));
#12849=CARTESIAN_POINT('',(0.00618136582541418,0.0102097898374049,0.));
#12850=CARTESIAN_POINT('',(0.00618136582541418,0.0102097898374049,0.));
#12851=CARTESIAN_POINT('',(0.00618151488791418,0.0102103703374049,0.));
#12852=CARTESIAN_POINT('',(0.00529420263791418,0.0102596475874049,0.));
#12853=CARTESIAN_POINT('',(0.00529420263791418,0.0102596475874049,-0.0025));
#12854=CARTESIAN_POINT('',(0.00440703945041417,0.0103095053374049,-0.0025));
#12855=CARTESIAN_POINT('',(0.00440703945041417,0.0103095053374049,0.));
#12856=CARTESIAN_POINT('',(0.00440703945041417,0.0103095053374049,0.));
#12857=CARTESIAN_POINT('',(0.00529420263791418,0.0102596475874049,0.));
#12858=CARTESIAN_POINT('',(0.00381427638791418,0.0102150773374049,0.));
#12859=CARTESIAN_POINT('',(0.00381427638791418,0.0102150773374049,-0.0025));
#12860=CARTESIAN_POINT('',(0.00322151332541418,0.0101206493374049,-0.0025));
#12861=CARTESIAN_POINT('',(0.00322151332541418,0.0101206493374049,0.));
#12862=CARTESIAN_POINT('',(0.00322151332541418,0.0101206493374049,0.));
#12863=CARTESIAN_POINT('',(0.00381427638791418,0.0102150773374049,0.));
#12864=CARTESIAN_POINT('',(0.00265565070041418,0.00992627633740489,0.));
#12865=CARTESIAN_POINT('',(0.00265565070041418,0.00992627633740489,-0.0025));
#12866=CARTESIAN_POINT('',(0.00208978807541418,0.00973190333740489,-0.0025));
#12867=CARTESIAN_POINT('',(0.00208978807541418,0.00973190333740489,0.));
#12868=CARTESIAN_POINT('',(0.00208978807541418,0.00973190333740489,0.));
#12869=CARTESIAN_POINT('',(0.00265565070041418,0.00992627633740489,0.));
#12870=CARTESIAN_POINT('',(0.00157841538791419,0.00980820758740489,0.));
#12871=CARTESIAN_POINT('',(0.00157841538791419,0.00980820758740489,-0.0025));
#12872=CARTESIAN_POINT('',(0.00106704270041418,0.00988451183740489,-0.0025));
#12873=CARTESIAN_POINT('',(0.00106704270041418,0.00988451183740489,0.));
#12874=CARTESIAN_POINT('',(0.00106704270041418,0.00988451183740489,0.));
#12875=CARTESIAN_POINT('',(0.00157841538791419,0.00980820758740489,0.));
#12876=CARTESIAN_POINT('',(0.000995754262914172,0.00988088033740489,0.));
#12877=CARTESIAN_POINT('',(0.000995754262914172,0.00988088033740489,-0.0025));
#12878=CARTESIAN_POINT('',(0.000924465825414172,0.00987724883740489,-0.0025));
#12879=CARTESIAN_POINT('',(0.000924465825414172,0.00987724883740489,0.));
#12880=CARTESIAN_POINT('',(0.000924465825414172,0.00987724883740489,0.));
#12881=CARTESIAN_POINT('',(0.000995754262914172,0.00988088033740489,0.));
#12882=CARTESIAN_POINT('',(0.00023107657541417,0.00982551627490489,0.));
#12883=CARTESIAN_POINT('',(0.00023107657541417,0.00982551627490489,-0.0025));
#12884=CARTESIAN_POINT('',(-0.000462312674585831,0.00977378371240489,-0.0025));
#12885=CARTESIAN_POINT('',(-0.000462312674585831,0.00977378371240489,0.));
#12886=CARTESIAN_POINT('',(-0.000462312674585831,0.00977378371240489,0.));
#12887=CARTESIAN_POINT('',(0.00023107657541417,0.00982551627490489,0.));
#12888=CARTESIAN_POINT('',(-0.000685703362085819,0.00973977664990489,0.));
#12889=CARTESIAN_POINT('',(-0.000685703362085819,0.00973977664990489,-0.0025));
#12890=CARTESIAN_POINT('',(-0.000909094049585833,0.00970576958740489,-0.0025));
#12891=CARTESIAN_POINT('',(-0.000909094049585833,0.00970576958740489,0.));
#12892=CARTESIAN_POINT('',(-0.000909094049585833,0.00970576958740489,0.));
#12893=CARTESIAN_POINT('',(-0.000685703362085819,0.00973977664990489,0.));
#12894=CARTESIAN_POINT('',(-0.00145776723708582,0.0100654753999049,0.));
#12895=CARTESIAN_POINT('',(-0.00145776723708582,0.0100654753999049,-0.0025));
#12896=CARTESIAN_POINT('',(-0.00200644042458581,0.0104251812124049,-0.0025));
#12897=CARTESIAN_POINT('',(-0.00200644042458581,0.0104251812124049,0.));
#12898=CARTESIAN_POINT('',(-0.00200644042458581,0.0104251812124049,0.));
#12899=CARTESIAN_POINT('',(-0.00145776723708582,0.0100654753999049,0.));
#12900=CARTESIAN_POINT('',(-0.00267488223708582,0.0105119518999049,0.));
#12901=CARTESIAN_POINT('',(-0.00267488223708582,0.0105119518999049,-0.0025));
#12902=CARTESIAN_POINT('',(-0.00334332404958581,0.0105987225874049,-0.0025));
#12903=CARTESIAN_POINT('',(-0.00334332404958581,0.0105987225874049,0.));
#12904=CARTESIAN_POINT('',(-0.00334332404958581,0.0105987225874049,0.));
#12905=CARTESIAN_POINT('',(-0.00267488223708582,0.0105119518999049,0.));
#12906=CARTESIAN_POINT('',(-0.00341878004958582,0.0105892765249049,0.));
#12907=CARTESIAN_POINT('',(-0.00341878004958582,0.0105892765249049,-0.0025));
#12908=CARTESIAN_POINT('',(-0.00349423604958582,0.0105798304624049,-0.0025));
#12909=CARTESIAN_POINT('',(-0.00349423604958582,0.0105798304624049,0.));
#12910=CARTESIAN_POINT('',(-0.00349423604958582,0.0105798304624049,0.));
#12911=CARTESIAN_POINT('',(-0.00341878004958582,0.0105892765249049,0.));
#12912=CARTESIAN_POINT('',(-0.00442828023708582,0.0104382683374049,0.));
#12913=CARTESIAN_POINT('',(-0.00442828023708582,0.0104382683374049,-0.0025));
#12914=CARTESIAN_POINT('',(-0.00536232442458581,0.0102967062124049,-0.0025));
#12915=CARTESIAN_POINT('',(-0.00536232442458581,0.0102967062124049,0.));
#12916=CARTESIAN_POINT('',(-0.00536232442458581,0.0102967062124049,0.));
#12917=CARTESIAN_POINT('',(-0.00442828023708582,0.0104382683374049,0.));
#12918=CARTESIAN_POINT('',(-0.00538613673708582,0.0102929256499049,0.));
#12919=CARTESIAN_POINT('',(-0.00538613673708582,0.0102929256499049,-0.0025));
#12920=CARTESIAN_POINT('',(-0.00540994904958584,0.0102891450874049,-0.0025));
#12921=CARTESIAN_POINT('',(-0.00540994904958584,0.0102891450874049,0.));
#12922=CARTESIAN_POINT('',(-0.00540994904958584,0.0102891450874049,0.));
#12923=CARTESIAN_POINT('',(-0.00538613673708582,0.0102929256499049,0.));
#12924=CARTESIAN_POINT('',(-0.00613920611208583,0.0100891650874049,0.));
#12925=CARTESIAN_POINT('',(-0.00613920611208583,0.0100891650874049,-0.0025));
#12926=CARTESIAN_POINT('',(-0.00686846317458582,0.00988918508740489,-0.0025));
#12927=CARTESIAN_POINT('',(-0.00686846317458582,0.00988918508740489,0.));
#12928=CARTESIAN_POINT('',(-0.00686846317458582,0.00988918508740489,0.));
#12929=CARTESIAN_POINT('',(-0.00613920611208583,0.0100891650874049,0.));
#12930=CARTESIAN_POINT('',(-0.00714766398708583,0.00976521121240489,0.));
#12931=CARTESIAN_POINT('',(-0.00714766398708583,0.00976521121240489,-0.0025));
#12932=CARTESIAN_POINT('',(-0.00742686479958583,0.00964123733740489,-0.0025));
#12933=CARTESIAN_POINT('',(-0.00742686479958583,0.00964123733740489,0.));
#12934=CARTESIAN_POINT('',(-0.00742686479958583,0.00964123733740489,0.));
#12935=CARTESIAN_POINT('',(-0.00714766398708583,0.00976521121240489,0.));
#12936=CARTESIAN_POINT('',(-0.00779769404958583,0.00978574189990489,0.));
#12937=CARTESIAN_POINT('',(-0.00779769404958583,0.00978574189990489,-0.0025));
#12938=CARTESIAN_POINT('',(-0.00816852329958582,0.00993024646240489,-0.0025));
#12939=CARTESIAN_POINT('',(-0.00816852329958582,0.00993024646240489,0.));
#12940=CARTESIAN_POINT('',(-0.00816852329958582,0.00993024646240489,0.));
#12941=CARTESIAN_POINT('',(-0.00779769404958583,0.00978574189990489,0.));
#12942=CARTESIAN_POINT('',(-0.00857610911208583,0.00997031839990489,0.));
#12943=CARTESIAN_POINT('',(-0.00857610911208583,0.00997031839990489,-0.0025));
#12944=CARTESIAN_POINT('',(-0.00898369492458583,0.0100103903374049,-0.0025));
#12945=CARTESIAN_POINT('',(-0.00898369492458583,0.0100103903374049,0.));
#12946=CARTESIAN_POINT('',(-0.00898369492458583,0.0100103903374049,0.));
#12947=CARTESIAN_POINT('',(-0.00857610911208583,0.00997031839990489,0.));
#12948=CARTESIAN_POINT('',(-0.00905854061208582,0.0100055983999049,0.));
#12949=CARTESIAN_POINT('',(-0.00905854061208582,0.0100055983999049,-0.0025));
#12950=CARTESIAN_POINT('',(-0.0091333862995858,0.0100008064624049,-0.0025));
#12951=CARTESIAN_POINT('',(-0.0091333862995858,0.0100008064624049,0.));
#12952=CARTESIAN_POINT('',(-0.0091333862995858,0.0100008064624049,0.));
#12953=CARTESIAN_POINT('',(-0.00905854061208582,0.0100055983999049,0.));
#12954=CARTESIAN_POINT('',(-0.00927450461208583,0.00998800733740489,0.));
#12955=CARTESIAN_POINT('',(-0.00927450461208583,0.00998800733740489,-0.0025));
#12956=CARTESIAN_POINT('',(-0.00941562292458582,0.00997520821240489,-0.0025));
#12957=CARTESIAN_POINT('',(-0.00941562292458582,0.00997520821240489,0.));
#12958=CARTESIAN_POINT('',(-0.00941562292458582,0.00997520821240489,0.));
#12959=CARTESIAN_POINT('',(-0.00927450461208583,0.00998800733740489,0.));
#12960=CARTESIAN_POINT('',(-0.00941679854958582,0.00997520821240489,0.));
#12961=CARTESIAN_POINT('',(-0.00941679854958582,0.00997520821240489,-0.0025));
#12962=CARTESIAN_POINT('',(-0.00941797417458582,0.00997520821240489,-0.0025));
#12963=CARTESIAN_POINT('',(-0.00941797417458582,0.00997520821240489,0.));
#12964=CARTESIAN_POINT('',(-0.00941797417458582,0.00997520821240489,0.));
#12965=CARTESIAN_POINT('',(-0.00941679854958582,0.00997520821240489,0.));
#12966=CARTESIAN_POINT('',(-0.0109642371745858,0.00983583083740489,0.));
#12967=CARTESIAN_POINT('',(-0.0109642371745858,0.00983583083740489,-0.0025));
#12968=CARTESIAN_POINT('',(-0.0125105001745858,0.00969645346240489,-0.0025));
#12969=CARTESIAN_POINT('',(-0.0125105001745858,0.00969645346240489,0.));
#12970=CARTESIAN_POINT('',(-0.0125105001745858,0.00969645346240489,0.));
#12971=CARTESIAN_POINT('',(-0.0109642371745858,0.00983583083740489,0.));
#12972=CARTESIAN_POINT('',(-0.0130675371745858,0.00953256571240489,0.));
#12973=CARTESIAN_POINT('',(-0.0130675371745858,0.00953256571240489,-0.0025));
#12974=CARTESIAN_POINT('',(-0.0136245741745858,0.00936867796240489,-0.0025));
#12975=CARTESIAN_POINT('',(-0.0136245741745858,0.00936867796240489,0.));
#12976=CARTESIAN_POINT('',(-0.0136245741745858,0.00936867796240489,0.));
#12977=CARTESIAN_POINT('',(-0.0130675371745858,0.00953256571240489,0.));
#12978=CARTESIAN_POINT('',(-0.0140764866745858,0.00900410708740489,0.));
#12979=CARTESIAN_POINT('',(-0.0140764866745858,0.00900410708740489,-0.0025));
#12980=CARTESIAN_POINT('',(-0.0145283991745858,0.00863953621240489,-0.0025));
#12981=CARTESIAN_POINT('',(-0.0145283991745858,0.00863953621240489,0.));
#12982=CARTESIAN_POINT('',(-0.0145283991745858,0.00863953621240489,0.));
#12983=CARTESIAN_POINT('',(-0.0140764866745858,0.00900410708740489,0.));
#12984=CARTESIAN_POINT('',(-0.0147001911745858,0.00838374552490489,0.));
#12985=CARTESIAN_POINT('',(-0.0147001911745858,0.00838374552490489,-0.0025));
#12986=CARTESIAN_POINT('',(-0.0148719831745858,0.00812795483740489,-0.0025));
#12987=CARTESIAN_POINT('',(-0.0148719831745858,0.00812795483740489,0.));
#12988=CARTESIAN_POINT('',(-0.0148719831745858,0.00812795483740489,0.));
#12989=CARTESIAN_POINT('',(-0.0147001911745858,0.00838374552490489,0.));
#12990=CARTESIAN_POINT('',(-0.0150434776120858,0.00817141302490489,0.));
#12991=CARTESIAN_POINT('',(-0.0150434776120858,0.00817141302490489,-0.0025));
#12992=CARTESIAN_POINT('',(-0.0152149720495858,0.00821487121240489,-0.0025));
#12993=CARTESIAN_POINT('',(-0.0152149720495858,0.00821487121240489,0.));
#12994=CARTESIAN_POINT('',(-0.0152149720495858,0.00821487121240489,0.));
#12995=CARTESIAN_POINT('',(-0.0150434776120858,0.00817141302490489,0.));
#12996=CARTESIAN_POINT('',(-0.0157948392370858,0.00824499196240489,0.));
#12997=CARTESIAN_POINT('',(-0.0157948392370858,0.00824499196240489,-0.0025));
#12998=CARTESIAN_POINT('',(-0.0163747064245858,0.0082751127124049,-0.0025));
#12999=CARTESIAN_POINT('',(-0.0163747064245858,0.0082751127124049,0.));
#13000=CARTESIAN_POINT('',(-0.0163747064245858,0.0082751127124049,0.));
#13001=CARTESIAN_POINT('',(-0.0157948392370858,0.00824499196240489,0.));
#13002=CARTESIAN_POINT('',(-0.0169219576120858,0.00808104289990489,0.));
#13003=CARTESIAN_POINT('',(-0.0169219576120858,0.00808104289990489,-0.0025));
#13004=CARTESIAN_POINT('',(-0.0174692087995858,0.00788697308740489,-0.0025));
#13005=CARTESIAN_POINT('',(-0.0174692087995858,0.00788697308740489,0.));
#13006=CARTESIAN_POINT('',(-0.0174692087995858,0.00788697308740489,0.));
#13007=CARTESIAN_POINT('',(-0.0169219576120858,0.00808104289990489,0.));
#13008=CARTESIAN_POINT('',(-0.0176738474245858,0.00774003514990489,0.));
#13009=CARTESIAN_POINT('',(-0.0176738474245858,0.00774003514990489,-0.0025));
#13010=CARTESIAN_POINT('',(-0.0178784860495858,0.00759309721240489,-0.0025));
#13011=CARTESIAN_POINT('',(-0.0178784860495858,0.00759309721240489,0.));
#13012=CARTESIAN_POINT('',(-0.0178784860495858,0.00759309721240489,0.));
#13013=CARTESIAN_POINT('',(-0.0176738474245858,0.00774003514990489,0.));
#13014=CARTESIAN_POINT('',(-0.0179880677995858,0.00781968796240489,0.));
#13015=CARTESIAN_POINT('',(-0.0179880677995858,0.00781968796240489,-0.0025));
#13016=CARTESIAN_POINT('',(-0.0180976495495858,0.00804627871240489,-0.0025));
#13017=CARTESIAN_POINT('',(-0.0180976495495858,0.00804627871240489,0.));
#13018=CARTESIAN_POINT('',(-0.0180976495495858,0.00804627871240489,0.));
#13019=CARTESIAN_POINT('',(-0.0179880677995858,0.00781968796240489,0.));
#13020=CARTESIAN_POINT('',(-0.0184864163620858,0.00847768246240489,0.));
#13021=CARTESIAN_POINT('',(-0.0184864163620858,0.00847768246240489,-0.0025));
#13022=CARTESIAN_POINT('',(-0.0188751831745858,0.00890908621240489,-0.0025));
#13023=CARTESIAN_POINT('',(-0.0188751831745858,0.00890908621240489,0.));
#13024=CARTESIAN_POINT('',(-0.0188751831745858,0.00890908621240489,0.));
#13025=CARTESIAN_POINT('',(-0.0184864163620858,0.00847768246240489,0.));
#13026=CARTESIAN_POINT('',(-0.0193994461120858,0.00915888289990489,0.));
#13027=CARTESIAN_POINT('',(-0.0193994461120858,0.00915888289990489,-0.0025));
#13028=CARTESIAN_POINT('',(-0.0199237090495858,0.00940867958740489,-0.0025));
#13029=CARTESIAN_POINT('',(-0.0199237090495858,0.00940867958740489,0.));
#13030=CARTESIAN_POINT('',(-0.0199237090495858,0.00940867958740489,0.));
#13031=CARTESIAN_POINT('',(-0.0193994461120858,0.00915888289990489,0.));
#13032=CARTESIAN_POINT('',(-0.0207176912995858,0.00960996908740489,0.));
#13033=CARTESIAN_POINT('',(-0.0207176912995858,0.00960996908740489,-0.0025));
#13034=CARTESIAN_POINT('',(-0.0215116735495858,0.00981125858740489,-0.0025));
#13035=CARTESIAN_POINT('',(-0.0215116735495858,0.00981125858740489,0.));
#13036=CARTESIAN_POINT('',(-0.0215116735495858,0.00981125858740489,0.));
#13037=CARTESIAN_POINT('',(-0.0207176912995858,0.00960996908740489,0.));
#13038=CARTESIAN_POINT('',(-0.0220485269245858,0.00984743183740489,0.));
#13039=CARTESIAN_POINT('',(-0.0220485269245858,0.00984743183740489,-0.0025));
#13040=CARTESIAN_POINT('',(-0.0225853802995859,0.00988360508740489,-0.0025));
#13041=CARTESIAN_POINT('',(-0.0225853802995859,0.00988360508740489,0.));
#13042=CARTESIAN_POINT('',(-0.0225853802995859,0.00988360508740489,0.));
#13043=CARTESIAN_POINT('',(-0.0220485269245858,0.00984743183740489,0.));
#13044=CARTESIAN_POINT('',(-0.0230827844245859,0.00973451052490489,0.));
#13045=CARTESIAN_POINT('',(-0.0230827844245859,0.00973451052490489,-0.0025));
#13046=CARTESIAN_POINT('',(-0.0235801885495859,0.0095854159624049,-0.0025));
#13047=CARTESIAN_POINT('',(-0.0235801885495859,0.0095854159624049,0.));
#13048=CARTESIAN_POINT('',(-0.0235801885495859,0.0095854159624049,0.));
#13049=CARTESIAN_POINT('',(-0.0230827844245859,0.00973451052490489,0.));
#13050=CARTESIAN_POINT('',(-0.0239947026745859,0.00927691902490489,0.));
#13051=CARTESIAN_POINT('',(-0.0239947026745859,0.00927691902490489,-0.0025));
#13052=CARTESIAN_POINT('',(-0.0244092167995858,0.00896842208740489,-0.0025));
#13053=CARTESIAN_POINT('',(-0.0244092167995858,0.00896842208740489,0.));
#13054=CARTESIAN_POINT('',(-0.0244092167995858,0.00896842208740489,0.));
#13055=CARTESIAN_POINT('',(-0.0239947026745859,0.00927691902490489,0.));
#13056=CARTESIAN_POINT('',(-0.0246974012995858,0.00852638539990489,0.));
#13057=CARTESIAN_POINT('',(-0.0246974012995858,0.00852638539990489,-0.0025));
#13058=CARTESIAN_POINT('',(-0.0249855857995858,0.00808434871240489,-0.0025));
#13059=CARTESIAN_POINT('',(-0.0249855857995858,0.00808434871240489,0.));
#13060=CARTESIAN_POINT('',(-0.0249855857995858,0.00808434871240489,0.));
#13061=CARTESIAN_POINT('',(-0.0246974012995858,0.00852638539990489,0.));
#13062=CARTESIAN_POINT('',(-0.0257176699870858,0.00869433496240489,0.));
#13063=CARTESIAN_POINT('',(-0.0257176699870858,0.00869433496240489,-0.0025));
#13064=CARTESIAN_POINT('',(-0.0264497541745858,0.00930432121240489,-0.0025));
#13065=CARTESIAN_POINT('',(-0.0264497541745858,0.00930432121240489,0.));
#13066=CARTESIAN_POINT('',(-0.0264497541745858,0.00930432121240489,0.));
#13067=CARTESIAN_POINT('',(-0.0257176699870858,0.00869433496240489,0.));
#13068=CARTESIAN_POINT('',(-0.0272969967370858,0.00967749439990489,0.));
#13069=CARTESIAN_POINT('',(-0.0272969967370858,0.00967749439990489,-0.0025));
#13070=CARTESIAN_POINT('',(-0.0281442392995859,0.0100506675874049,-0.0025));
#13071=CARTESIAN_POINT('',(-0.0281442392995859,0.0100506675874049,0.));
#13072=CARTESIAN_POINT('',(-0.0281442392995859,0.0100506675874049,0.));
#13073=CARTESIAN_POINT('',(-0.0272969967370858,0.00967749439990489,0.));
#13074=CARTESIAN_POINT('',(-0.0290595364870858,0.0101754278374049,0.));
#13075=CARTESIAN_POINT('',(-0.0290595364870858,0.0101754278374049,-0.0025));
#13076=CARTESIAN_POINT('',(-0.0299748336745858,0.0103001880874049,-0.0025));
#13077=CARTESIAN_POINT('',(-0.0299748336745858,0.0103001880874049,0.));
#13078=CARTESIAN_POINT('',(-0.0299748336745858,0.0103001880874049,0.));
#13079=CARTESIAN_POINT('',(-0.0290595364870858,0.0101754278374049,0.));
#13080=CARTESIAN_POINT('',(-0.0305730361120858,0.0102502380874049,0.));
#13081=CARTESIAN_POINT('',(-0.0305730361120858,0.0102502380874049,-0.0025));
#13082=CARTESIAN_POINT('',(-0.0311712385495858,0.0102002880874049,-0.0025));
#13083=CARTESIAN_POINT('',(-0.0311712385495858,0.0102002880874049,0.));
#13084=CARTESIAN_POINT('',(-0.0311712385495858,0.0102002880874049,0.));
#13085=CARTESIAN_POINT('',(-0.0305730361120858,0.0102502380874049,0.));
#13086=CARTESIAN_POINT('',(-0.0317501309245858,0.0100486510249049,0.));
#13087=CARTESIAN_POINT('',(-0.0317501309245858,0.0100486510249049,-0.0025));
#13088=CARTESIAN_POINT('',(-0.0323290232995859,0.00989701396240489,-0.0025));
#13089=CARTESIAN_POINT('',(-0.0323290232995859,0.00989701396240489,0.));
#13090=CARTESIAN_POINT('',(-0.0323290232995859,0.00989701396240489,0.));
#13091=CARTESIAN_POINT('',(-0.0317501309245858,0.0100486510249049,0.));
#13092=CARTESIAN_POINT('',(-0.0329045710495858,0.0100128613999049,0.));
#13093=CARTESIAN_POINT('',(-0.0329045710495858,0.0100128613999049,-0.0025));
#13094=CARTESIAN_POINT('',(-0.0334801187995859,0.0101287088374049,-0.0025));
#13095=CARTESIAN_POINT('',(-0.0334801187995859,0.0101287088374049,0.));
#13096=CARTESIAN_POINT('',(-0.0334801187995859,0.0101287088374049,0.));
#13097=CARTESIAN_POINT('',(-0.0329045710495858,0.0100128613999049,0.));
#13098=CARTESIAN_POINT('',(-0.0341754278620858,0.0101287088374049,0.));
#13099=CARTESIAN_POINT('',(-0.0337432395035965,0.0101287088374049,-0.0025));
#13100=CARTESIAN_POINT('',(-0.0337432395035965,0.0101287088374049,0.));
#13101=CARTESIAN_POINT('',(-0.0337432395035965,0.0101287088374049,-0.0025));
#13102=CARTESIAN_POINT('',(-0.0341754278620858,0.0101287088374049,0.));
#13103=CARTESIAN_POINT('',(-0.0341754278620858,0.0101287088374049,-0.0025));
#13104=CARTESIAN_POINT('',(-0.0378472956745858,0.000532357587404892,0.));
#13105=CARTESIAN_POINT('',(-0.0378472956745858,0.00714648730959453,-0.0025));
#13106=CARTESIAN_POINT('',(-0.0378472956745858,0.00714648730959453,-0.0025));
#13107=CARTESIAN_POINT('',(-0.0378472956745858,0.00714648730959453,0.));
#13108=CARTESIAN_POINT('',(-0.0378472956745858,0.000532357587404892,-0.0025));
#13109=CARTESIAN_POINT('',(-0.0378472956745858,-0.00608743491259511,-0.0025));
#13110=CARTESIAN_POINT('',(-0.0378472956745858,-0.00608743491259511,0.));
#13111=CARTESIAN_POINT('',(-0.0378472956745858,-0.00608743491259511,0.));
#13112=CARTESIAN_POINT('',(-0.0378472956745858,0.000532357587404892,0.));
#13113=CARTESIAN_POINT('',(-0.0377303395495859,-0.00666674353759511,0.));
#13114=CARTESIAN_POINT('',(-0.0377303395495859,-0.00666674353759511,-0.0025));
#13115=CARTESIAN_POINT('',(-0.0376133834245858,-0.00724605216259511,-0.0025));
#13116=CARTESIAN_POINT('',(-0.0376133834245858,-0.00724605216259511,0.));
#13117=CARTESIAN_POINT('',(-0.0376133834245858,-0.00724605216259511,0.));
#13118=CARTESIAN_POINT('',(-0.0377303395495859,-0.00666674353759511,0.));
#13119=CARTESIAN_POINT('',(-0.0372944329870858,-0.00771911860009511,0.));
#13120=CARTESIAN_POINT('',(-0.0372944329870858,-0.00771911860009511,-0.0025));
#13121=CARTESIAN_POINT('',(-0.0369754825495858,-0.00819218503759511,-0.0025));
#13122=CARTESIAN_POINT('',(-0.0369754825495858,-0.00819218503759511,0.));
#13123=CARTESIAN_POINT('',(-0.0369754825495858,-0.00819218503759511,0.));
#13124=CARTESIAN_POINT('',(-0.0372944329870858,-0.00771911860009511,0.));
#13125=CARTESIAN_POINT('',(-0.0365024155495858,-0.00851113378759511,0.));
#13126=CARTESIAN_POINT('',(-0.0365024155495858,-0.00851113378759511,-0.0025));
#13127=CARTESIAN_POINT('',(-0.0360293485495858,-0.00883008253759511,-0.0025));
#13128=CARTESIAN_POINT('',(-0.0360293485495858,-0.00883008253759511,0.));
#13129=CARTESIAN_POINT('',(-0.0360293485495858,-0.00883008253759511,0.));
#13130=CARTESIAN_POINT('',(-0.0365024155495858,-0.00851113378759511,0.));
#13131=CARTESIAN_POINT('',(-0.0354500427370859,-0.00894703810009511,0.));
#13132=CARTESIAN_POINT('',(-0.0354500427370859,-0.00894703810009511,-0.0025));
#13133=CARTESIAN_POINT('',(-0.0348707369245858,-0.00906399366259511,-0.0025));
#13134=CARTESIAN_POINT('',(-0.0348707369245858,-0.00906399366259511,0.));
#13135=CARTESIAN_POINT('',(-0.0348707369245858,-0.00906399366259511,0.));
#13136=CARTESIAN_POINT('',(-0.0354500427370859,-0.00894703810009511,0.));
#13137=CARTESIAN_POINT('',(-0.0340516030495858,-0.00906399366259511,0.));
#13138=CARTESIAN_POINT('',(-0.0340516030495858,-0.00906399366259511,-0.0025));
#13139=CARTESIAN_POINT('',(-0.0332324691745858,-0.00906399366259511,-0.0025));
#13140=CARTESIAN_POINT('',(-0.0332324691745858,-0.00906399366259511,0.));
#13141=CARTESIAN_POINT('',(-0.0332324691745858,-0.00906399366259511,0.));
#13142=CARTESIAN_POINT('',(-0.0340516030495858,-0.00906399366259511,0.));
#13143=CARTESIAN_POINT('',(-0.0326531599870859,-0.00894703810009511,0.));
#13144=CARTESIAN_POINT('',(-0.0326531599870859,-0.00894703810009511,-0.0025));
#13145=CARTESIAN_POINT('',(-0.0320738507995858,-0.00883008253759511,-0.0025));
#13146=CARTESIAN_POINT('',(-0.0320738507995858,-0.00883008253759511,0.));
#13147=CARTESIAN_POINT('',(-0.0320738507995858,-0.00883008253759511,0.));
#13148=CARTESIAN_POINT('',(-0.0326531599870859,-0.00894703810009511,0.));
#13149=CARTESIAN_POINT('',(-0.0316007843620858,-0.00851113378759511,0.));
#13150=CARTESIAN_POINT('',(-0.0316007843620858,-0.00851113378759511,-0.0025));
#13151=CARTESIAN_POINT('',(-0.0311277179245858,-0.00819218503759511,-0.0025));
#13152=CARTESIAN_POINT('',(-0.0311277179245858,-0.00819218503759511,0.));
#13153=CARTESIAN_POINT('',(-0.0311277179245858,-0.00819218503759511,0.));
#13154=CARTESIAN_POINT('',(-0.0316007843620858,-0.00851113378759511,0.));
#13155=CARTESIAN_POINT('',(-0.0308087691745858,-0.00771911860009511,0.));
#13156=CARTESIAN_POINT('',(-0.0308087691745858,-0.00771911860009511,-0.0025));
#13157=CARTESIAN_POINT('',(-0.0304898204245858,-0.00724605216259511,-0.0025));
#13158=CARTESIAN_POINT('',(-0.0304898204245858,-0.00724605216259511,0.));
#13159=CARTESIAN_POINT('',(-0.0304898204245858,-0.00724605216259511,0.));
#13160=CARTESIAN_POINT('',(-0.0308087691745858,-0.00771911860009511,0.));
#13161=CARTESIAN_POINT('',(-0.0303728654245859,-0.00666674353759511,0.));
#13162=CARTESIAN_POINT('',(-0.0303728654245859,-0.00666674353759511,-0.0025));
#13163=CARTESIAN_POINT('',(-0.0302559104245858,-0.00608743491259511,-0.0025));
#13164=CARTESIAN_POINT('',(-0.0302559104245858,-0.00608743491259511,0.));
#13165=CARTESIAN_POINT('',(-0.0302559104245858,-0.00608743491259511,0.));
#13166=CARTESIAN_POINT('',(-0.0303728654245859,-0.00666674353759511,0.));
#13167=CARTESIAN_POINT('',(-0.0302559104245858,-0.00545042110009511,0.));
#13168=CARTESIAN_POINT('',(-0.0302559104245858,-0.00545042110009511,-0.0025));
#13169=CARTESIAN_POINT('',(-0.0302559104245858,-0.00481340728759511,-0.0025));
#13170=CARTESIAN_POINT('',(-0.0302559104245858,-0.00481340728759511,0.));
#13171=CARTESIAN_POINT('',(-0.0302559104245858,-0.00481340728759511,0.));
#13172=CARTESIAN_POINT('',(-0.0302559104245858,-0.00545042110009511,0.));
#13173=CARTESIAN_POINT('',(-0.0293270192995858,-0.00467988272509511,0.));
#13174=CARTESIAN_POINT('',(-0.0293270192995858,-0.00467988272509511,-0.0025));
#13175=CARTESIAN_POINT('',(-0.0283981281745859,-0.00454635816259511,-0.0025));
#13176=CARTESIAN_POINT('',(-0.0283981281745859,-0.00454635816259511,0.));
#13177=CARTESIAN_POINT('',(-0.0283981281745859,-0.00454635816259511,0.));
#13178=CARTESIAN_POINT('',(-0.0293270192995858,-0.00467988272509511,0.));
#13179=CARTESIAN_POINT('',(-0.0275277044245858,-0.00416929922509512,0.));
#13180=CARTESIAN_POINT('',(-0.0275277044245858,-0.00416929922509512,-0.0025));
#13181=CARTESIAN_POINT('',(-0.0266572806745859,-0.00379224028759511,-0.0025));
#13182=CARTESIAN_POINT('',(-0.0266572806745859,-0.00379224028759511,0.));
#13183=CARTESIAN_POINT('',(-0.0266572806745859,-0.00379224028759511,0.));
#13184=CARTESIAN_POINT('',(-0.0275277044245858,-0.00416929922509512,0.));
#13185=CARTESIAN_POINT('',(-0.0266503152370858,-0.00378802828759511,0.));
#13186=CARTESIAN_POINT('',(-0.0266503152370858,-0.00378802828759511,-0.0025));
#13187=CARTESIAN_POINT('',(-0.0266433497995858,-0.00378381628759511,-0.0025));
#13188=CARTESIAN_POINT('',(-0.0266433497995858,-0.00378381628759511,0.));
#13189=CARTESIAN_POINT('',(-0.0266433497995858,-0.00378381628759511,0.));
#13190=CARTESIAN_POINT('',(-0.0266503152370858,-0.00378802828759511,0.));
#13191=CARTESIAN_POINT('',(-0.0262538376745859,-0.00350796347509511,0.));
#13192=CARTESIAN_POINT('',(-0.0262538376745859,-0.00350796347509511,-0.0025));
#13193=CARTESIAN_POINT('',(-0.0258643255495858,-0.00323211066259511,-0.0025));
#13194=CARTESIAN_POINT('',(-0.0258643255495858,-0.00323211066259511,0.));
#13195=CARTESIAN_POINT('',(-0.0258643255495858,-0.00323211066259511,0.));
#13196=CARTESIAN_POINT('',(-0.0262538376745859,-0.00350796347509511,0.));
#13197=CARTESIAN_POINT('',(-0.0255139015495858,-0.00362111147509511,0.));
#13198=CARTESIAN_POINT('',(-0.0255139015495858,-0.00362111147509511,-0.0025));
#13199=CARTESIAN_POINT('',(-0.0251634775495858,-0.00401011228759511,-0.0025));
#13200=CARTESIAN_POINT('',(-0.0251634775495858,-0.00401011228759511,0.));
#13201=CARTESIAN_POINT('',(-0.0251634775495858,-0.00401011228759511,0.));
#13202=CARTESIAN_POINT('',(-0.0255139015495858,-0.00362111147509511,0.));
#13203=CARTESIAN_POINT('',(-0.0247594832995858,-0.00430858716259511,0.));
#13204=CARTESIAN_POINT('',(-0.0247594832995858,-0.00430858716259511,-0.0025));
#13205=CARTESIAN_POINT('',(-0.0243554890495858,-0.00460706203759511,-0.0025));
#13206=CARTESIAN_POINT('',(-0.0243554890495858,-0.00460706203759511,0.));
#13207=CARTESIAN_POINT('',(-0.0243554890495858,-0.00460706203759511,0.));
#13208=CARTESIAN_POINT('',(-0.0247594832995858,-0.00430858716259511,0.));
#13209=CARTESIAN_POINT('',(-0.0234680074870858,-0.00497111541259511,0.));
#13210=CARTESIAN_POINT('',(-0.0234680074870858,-0.00497111541259511,-0.0025));
#13211=CARTESIAN_POINT('',(-0.0225805259245858,-0.00533516878759511,-0.0025));
#13212=CARTESIAN_POINT('',(-0.0225805259245858,-0.00533516878759511,0.));
#13213=CARTESIAN_POINT('',(-0.0225805259245858,-0.00533516878759511,0.));
#13214=CARTESIAN_POINT('',(-0.0234680074870858,-0.00497111541259511,0.));
#13215=CARTESIAN_POINT('',(-0.0219941084245858,-0.00543104185009511,0.));
#13216=CARTESIAN_POINT('',(-0.0219941084245858,-0.00543104185009511,-0.0025));
#13217=CARTESIAN_POINT('',(-0.0214076909245858,-0.00552691491259511,-0.0025));
#13218=CARTESIAN_POINT('',(-0.0214076909245858,-0.00552691491259511,0.));
#13219=CARTESIAN_POINT('',(-0.0214076909245858,-0.00552691491259511,0.));
#13220=CARTESIAN_POINT('',(-0.0219941084245858,-0.00543104185009511,0.));
#13221=CARTESIAN_POINT('',(-0.0208084259245859,-0.00551606710009511,0.));
#13222=CARTESIAN_POINT('',(-0.0208084259245859,-0.00551606710009511,-0.0025));
#13223=CARTESIAN_POINT('',(-0.0202091609245858,-0.00550521928759511,-0.0025));
#13224=CARTESIAN_POINT('',(-0.0202091609245858,-0.00550521928759511,0.));
#13225=CARTESIAN_POINT('',(-0.0202091609245858,-0.00550521928759511,0.));
#13226=CARTESIAN_POINT('',(-0.0208084259245859,-0.00551606710009511,0.));
#13227=CARTESIAN_POINT('',(-0.0201847382995858,-0.00550231735009511,0.));
#13228=CARTESIAN_POINT('',(-0.0201847382995858,-0.00550231735009511,-0.0025));
#13229=CARTESIAN_POINT('',(-0.0201603156745859,-0.00549941541259511,-0.0025));
#13230=CARTESIAN_POINT('',(-0.0201603156745859,-0.00549941541259511,0.));
#13231=CARTESIAN_POINT('',(-0.0201603156745859,-0.00549941541259511,0.));
#13232=CARTESIAN_POINT('',(-0.0201847382995858,-0.00550231735009511,0.));
#13233=CARTESIAN_POINT('',(-0.0200797999870858,-0.00548792578759511,0.));
#13234=CARTESIAN_POINT('',(-0.0200797999870858,-0.00548792578759511,-0.0025));
#13235=CARTESIAN_POINT('',(-0.0199992842995858,-0.00547643616259511,-0.0025));
#13236=CARTESIAN_POINT('',(-0.0199992842995858,-0.00547643616259511,0.));
#13237=CARTESIAN_POINT('',(-0.0199992842995858,-0.00547643616259511,0.));
#13238=CARTESIAN_POINT('',(-0.0200797999870858,-0.00548792578759511,0.));
#13239=CARTESIAN_POINT('',(-0.0197035352995858,-0.00569013610009511,0.));
#13240=CARTESIAN_POINT('',(-0.0197035352995858,-0.00569013610009511,-0.0025));
#13241=CARTESIAN_POINT('',(-0.0194077862995858,-0.00590383603759511,-0.0025));
#13242=CARTESIAN_POINT('',(-0.0194077862995858,-0.00590383603759511,0.));
#13243=CARTESIAN_POINT('',(-0.0194077862995858,-0.00590383603759511,0.));
#13244=CARTESIAN_POINT('',(-0.0197035352995858,-0.00569013610009511,0.));
#13245=CARTESIAN_POINT('',(-0.0190573538620858,-0.00604171210009511,0.));
#13246=CARTESIAN_POINT('',(-0.0190573538620858,-0.00604171210009511,-0.0025));
#13247=CARTESIAN_POINT('',(-0.0187069214245859,-0.00617958816259511,-0.0025));
#13248=CARTESIAN_POINT('',(-0.0187069214245859,-0.00617958816259511,0.));
#13249=CARTESIAN_POINT('',(-0.0187069214245859,-0.00617958816259511,0.));
#13250=CARTESIAN_POINT('',(-0.0190573538620858,-0.00604171210009511,0.));
#13251=CARTESIAN_POINT('',(-0.0179867577370858,-0.00636227466259511,0.));
#13252=CARTESIAN_POINT('',(-0.0179867577370858,-0.00636227466259511,-0.0025));
#13253=CARTESIAN_POINT('',(-0.0172665940495858,-0.00654496116259511,-0.0025));
#13254=CARTESIAN_POINT('',(-0.0172665940495858,-0.00654496116259511,0.));
#13255=CARTESIAN_POINT('',(-0.0172665940495858,-0.00654496116259511,0.));
#13256=CARTESIAN_POINT('',(-0.0179867577370858,-0.00636227466259511,0.));
#13257=CARTESIAN_POINT('',(-0.0166849842370858,-0.00657521297509511,0.));
#13258=CARTESIAN_POINT('',(-0.0166849842370858,-0.00657521297509511,-0.0025));
#13259=CARTESIAN_POINT('',(-0.0161033744245858,-0.00660546478759511,-0.0025));
#13260=CARTESIAN_POINT('',(-0.0161033744245858,-0.00660546478759511,0.));
#13261=CARTESIAN_POINT('',(-0.0161033744245858,-0.00660546478759511,0.));
#13262=CARTESIAN_POINT('',(-0.0166849842370858,-0.00657521297509511,0.));
#13263=CARTESIAN_POINT('',(-0.0155727541120859,-0.00641986622509511,0.));
#13264=CARTESIAN_POINT('',(-0.0155727541120859,-0.00641986622509511,-0.0025));
#13265=CARTESIAN_POINT('',(-0.0150421337995858,-0.00623426766259511,-0.0025));
#13266=CARTESIAN_POINT('',(-0.0150421337995858,-0.00623426766259511,0.));
#13267=CARTESIAN_POINT('',(-0.0150421337995858,-0.00623426766259511,0.));
#13268=CARTESIAN_POINT('',(-0.0155727541120859,-0.00641986622509511,0.));
#13269=CARTESIAN_POINT('',(-0.0146180194870858,-0.00586596853759511,0.));
#13270=CARTESIAN_POINT('',(-0.0146180194870858,-0.00586596853759511,-0.0025));
#13271=CARTESIAN_POINT('',(-0.0141939051745858,-0.00549766941259511,-0.0025));
#13272=CARTESIAN_POINT('',(-0.0141939051745858,-0.00549766941259511,0.));
#13273=CARTESIAN_POINT('',(-0.0141939051745858,-0.00549766941259511,0.));
#13274=CARTESIAN_POINT('',(-0.0146180194870858,-0.00586596853759511,0.));
#13275=CARTESIAN_POINT('',(-0.0139318127995858,-0.00497981728759511,0.));
#13276=CARTESIAN_POINT('',(-0.0139318127995858,-0.00497981728759511,-0.0025));
#13277=CARTESIAN_POINT('',(-0.0136697204245858,-0.00446196516259511,-0.0025));
#13278=CARTESIAN_POINT('',(-0.0136697204245858,-0.00446196516259511,0.));
#13279=CARTESIAN_POINT('',(-0.0136697204245858,-0.00446196516259511,0.));
#13280=CARTESIAN_POINT('',(-0.0139318127995858,-0.00497981728759511,0.));
#13281=CARTESIAN_POINT('',(-0.0131823726745858,-0.00471727941259511,0.));
#13282=CARTESIAN_POINT('',(-0.0131823726745858,-0.00471727941259511,-0.0025));
#13283=CARTESIAN_POINT('',(-0.0126950249245858,-0.00497259366259511,-0.0025));
#13284=CARTESIAN_POINT('',(-0.0126950249245858,-0.00497259366259511,0.));
#13285=CARTESIAN_POINT('',(-0.0126950249245858,-0.00497259366259511,0.));
#13286=CARTESIAN_POINT('',(-0.0131823726745858,-0.00471727941259511,0.));
#13287=CARTESIAN_POINT('',(-0.0121280907370858,-0.00503091928759511,0.));
#13288=CARTESIAN_POINT('',(-0.0121280907370858,-0.00503091928759511,-0.0025));
#13289=CARTESIAN_POINT('',(-0.0115611565495858,-0.00508924491259511,-0.0025));
#13290=CARTESIAN_POINT('',(-0.0115611565495858,-0.00508924491259511,0.));
#13291=CARTESIAN_POINT('',(-0.0115611565495858,-0.00508924491259511,0.));
#13292=CARTESIAN_POINT('',(-0.0121280907370858,-0.00503091928759511,0.));
#13293=CARTESIAN_POINT('',(-0.0104052696745858,-0.00498503560009511,0.));
#13294=CARTESIAN_POINT('',(-0.0104052696745858,-0.00498503560009511,-0.0025));
#13295=CARTESIAN_POINT('',(-0.00924938279958583,-0.00488082628759511,-0.0025));
#13296=CARTESIAN_POINT('',(-0.00924938279958583,-0.00488082628759511,0.));
#13297=CARTESIAN_POINT('',(-0.00924938279958583,-0.00488082628759511,0.));
#13298=CARTESIAN_POINT('',(-0.0104052696745858,-0.00498503560009511,0.));
#13299=CARTESIAN_POINT('',(-0.00924792423708582,-0.00488082628759511,0.));
#13300=CARTESIAN_POINT('',(-0.00924792423708582,-0.00488082628759511,-0.0025));
#13301=CARTESIAN_POINT('',(-0.00924646567458582,-0.00488082628759511,-0.0025));
#13302=CARTESIAN_POINT('',(-0.00924646567458582,-0.00488082628759511,0.));
#13303=CARTESIAN_POINT('',(-0.00924646567458582,-0.00488082628759511,0.));
#13304=CARTESIAN_POINT('',(-0.00924792423708582,-0.00488082628759511,0.));
#13305=CARTESIAN_POINT('',(-0.00702653298708584,-0.00468084628759511,0.));
#13306=CARTESIAN_POINT('',(-0.00702653298708584,-0.00468084628759511,-0.0025));
#13307=CARTESIAN_POINT('',(-0.00480660029958583,-0.00448086628759511,-0.0025));
#13308=CARTESIAN_POINT('',(-0.00480660029958583,-0.00448086628759511,0.));
#13309=CARTESIAN_POINT('',(-0.00480660029958583,-0.00448086628759511,0.));
#13310=CARTESIAN_POINT('',(-0.00702653298708584,-0.00468084628759511,0.));
#13311=CARTESIAN_POINT('',(-0.00424957454958582,-0.00431690991259511,0.));
#13312=CARTESIAN_POINT('',(-0.00424957454958582,-0.00431690991259511,-0.0025));
#13313=CARTESIAN_POINT('',(-0.00369254879958583,-0.00415295353759511,-0.0025));
#13314=CARTESIAN_POINT('',(-0.00369254879958583,-0.00415295353759511,0.));
#13315=CARTESIAN_POINT('',(-0.00369254879958583,-0.00415295353759511,0.));
#13316=CARTESIAN_POINT('',(-0.00424957454958582,-0.00431690991259511,0.));
#13317=CARTESIAN_POINT('',(-0.00324067004958582,-0.00378830278759511,0.));
#13318=CARTESIAN_POINT('',(-0.00324067004958582,-0.00378830278759511,-0.0025));
#13319=CARTESIAN_POINT('',(-0.00278879129958582,-0.00342365203759511,-0.0025));
#13320=CARTESIAN_POINT('',(-0.00278879129958582,-0.00342365203759511,0.));
#13321=CARTESIAN_POINT('',(-0.00278879129958582,-0.00342365203759511,0.));
#13322=CARTESIAN_POINT('',(-0.00324067004958582,-0.00378830278759511,0.));
#13323=CARTESIAN_POINT('',(-0.00264100511208583,-0.00321058997509511,0.));
#13324=CARTESIAN_POINT('',(-0.00264100511208583,-0.00321058997509511,-0.0025));
#13325=CARTESIAN_POINT('',(-0.00249321892458581,-0.00299752791259511,-0.0025));
#13326=CARTESIAN_POINT('',(-0.00249321892458581,-0.00299752791259511,0.));
#13327=CARTESIAN_POINT('',(-0.00249321892458581,-0.00299752791259511,0.));
#13328=CARTESIAN_POINT('',(-0.00264100511208583,-0.00321058997509511,0.));
#13329=CARTESIAN_POINT('',(-0.00235778579958581,-0.00480831778759511,0.));
#13330=CARTESIAN_POINT('',(-0.00235778579958581,-0.00480831778759511,-0.0025));
#13331=CARTESIAN_POINT('',(-0.0022223526745858,-0.00661910766259511,-0.0025));
#13332=CARTESIAN_POINT('',(-0.0022223526745858,-0.00661910766259511,0.));
#13333=CARTESIAN_POINT('',(-0.0022223526745858,-0.00661910766259511,0.));
#13334=CARTESIAN_POINT('',(-0.00235778579958581,-0.00480831778759511,0.));
#13335=CARTESIAN_POINT('',(-0.00206258579958581,-0.00718809778759511,0.));
#13336=CARTESIAN_POINT('',(-0.00206258579958581,-0.00718809778759511,-0.0025));
#13337=CARTESIAN_POINT('',(-0.00190281892458582,-0.00775708791259511,-0.0025));
#13338=CARTESIAN_POINT('',(-0.00190281892458582,-0.00775708791259511,0.));
#13339=CARTESIAN_POINT('',(-0.00190281892458582,-0.00775708791259511,0.));
#13340=CARTESIAN_POINT('',(-0.00206258579958581,-0.00718809778759511,0.));
#13341=CARTESIAN_POINT('',(-0.00154950142458581,-0.00820509497509511,0.));
#13342=CARTESIAN_POINT('',(-0.00154950142458581,-0.00820509497509511,-0.0025));
#13343=CARTESIAN_POINT('',(-0.00119618392458581,-0.00865310203759511,-0.0025));
#13344=CARTESIAN_POINT('',(-0.00119618392458581,-0.00865310203759511,0.));
#13345=CARTESIAN_POINT('',(-0.00119618392458581,-0.00865310203759511,0.));
#13346=CARTESIAN_POINT('',(-0.00154950142458581,-0.00820509497509511,0.));
#13347=CARTESIAN_POINT('',(-0.000700661362085815,-0.00893593772509511,0.));
#13348=CARTESIAN_POINT('',(-0.000700661362085815,-0.00893593772509511,-0.0025));
#13349=CARTESIAN_POINT('',(-0.000205138799585822,-0.00921877341259511,-0.0025));
#13350=CARTESIAN_POINT('',(-0.000205138799585822,-0.00921877341259511,0.));
#13351=CARTESIAN_POINT('',(-0.000205138799585822,-0.00921877341259511,0.));
#13352=CARTESIAN_POINT('',(-0.000700661362085815,-0.00893593772509511,0.));
#13353=CARTESIAN_POINT('',(0.000381243262914182,-0.00929224997509511,0.));
#13354=CARTESIAN_POINT('',(0.000381243262914182,-0.00929224997509511,-0.0025));
#13355=CARTESIAN_POINT('',(0.000967625325414174,-0.00936572653759511,-0.0025));
#13356=CARTESIAN_POINT('',(0.000967625325414174,-0.00936572653759511,0.));
#13357=CARTESIAN_POINT('',(0.000967625325414174,-0.00936572653759511,0.));
#13358=CARTESIAN_POINT('',(0.000381243262914182,-0.00929224997509511,0.));
#13359=CARTESIAN_POINT('',(0.00178454182541418,-0.00930469247509511,0.));
#13360=CARTESIAN_POINT('',(0.00178454182541418,-0.00930469247509511,-0.0025));
#13361=CARTESIAN_POINT('',(0.00260145832541419,-0.00924365841259511,-0.0025));
#13362=CARTESIAN_POINT('',(0.00260145832541419,-0.00924365841259511,0.));
#13363=CARTESIAN_POINT('',(0.00260145832541419,-0.00924365841259511,0.));
#13364=CARTESIAN_POINT('',(0.00178454182541418,-0.00930469247509511,0.));
#13365=CARTESIAN_POINT('',(0.00316088426291418,-0.00908826497509511,0.));
#13366=CARTESIAN_POINT('',(0.00316088426291418,-0.00908826497509511,-0.0025));
#13367=CARTESIAN_POINT('',(0.00372031020041418,-0.00893287153759511,-0.0025));
#13368=CARTESIAN_POINT('',(0.00372031020041418,-0.00893287153759511,0.));
#13369=CARTESIAN_POINT('',(0.00372031020041418,-0.00893287153759511,0.));
#13370=CARTESIAN_POINT('',(0.00316088426291418,-0.00908826497509511,0.));
#13371=CARTESIAN_POINT('',(0.00417782576291418,-0.00857521041259511,0.));
#13372=CARTESIAN_POINT('',(0.00417782576291418,-0.00857521041259511,-0.0025));
#13373=CARTESIAN_POINT('',(0.00463534132541418,-0.00821754928759511,-0.0025));
#13374=CARTESIAN_POINT('',(0.00463534132541418,-0.00821754928759511,0.));
#13375=CARTESIAN_POINT('',(0.00463534132541418,-0.00821754928759511,0.));
#13376=CARTESIAN_POINT('',(0.00417782576291418,-0.00857521041259511,0.));
#13377=CARTESIAN_POINT('',(0.00492109076291418,-0.00771202547509511,0.));
#13378=CARTESIAN_POINT('',(0.00492109076291418,-0.00771202547509511,-0.0025));
#13379=CARTESIAN_POINT('',(0.00520684020041417,-0.00720650166259511,-0.0025));
#13380=CARTESIAN_POINT('',(0.00520684020041417,-0.00720650166259511,0.));
#13381=CARTESIAN_POINT('',(0.00520684020041417,-0.00720650166259511,0.));
#13382=CARTESIAN_POINT('',(0.00492109076291418,-0.00771202547509511,0.));
#13383=CARTESIAN_POINT('',(0.00527738501291418,-0.00663012085009511,0.));
#13384=CARTESIAN_POINT('',(0.00527738501291418,-0.00663012085009511,-0.0025));
#13385=CARTESIAN_POINT('',(0.00534792982541418,-0.00605374003759511,-0.0025));
#13386=CARTESIAN_POINT('',(0.00534792982541418,-0.00605374003759511,0.));
#13387=CARTESIAN_POINT('',(0.00534792982541418,-0.00605374003759511,0.));
#13388=CARTESIAN_POINT('',(0.00527738501291418,-0.00663012085009511,0.));
#13389=CARTESIAN_POINT('',(0.00530045370041418,-0.00541845310009511,0.));
#13390=CARTESIAN_POINT('',(0.00530045370041418,-0.00541845310009511,-0.0025));
#13391=CARTESIAN_POINT('',(0.00525297757541417,-0.00478316616259511,-0.0025));
#13392=CARTESIAN_POINT('',(0.00525297757541417,-0.00478316616259511,0.));
#13393=CARTESIAN_POINT('',(0.00525297757541417,-0.00478316616259511,0.));
#13394=CARTESIAN_POINT('',(0.00530045370041418,-0.00541845310009511,0.));
#13395=CARTESIAN_POINT('',(0.00616938570041418,-0.00458078766259511,0.));
#13396=CARTESIAN_POINT('',(0.00616938570041418,-0.00458078766259511,-0.0025));
#13397=CARTESIAN_POINT('',(0.00708579382541418,-0.00437840916259511,-0.0025));
#13398=CARTESIAN_POINT('',(0.00708579382541418,-0.00437840916259511,0.));
#13399=CARTESIAN_POINT('',(0.00708579382541418,-0.00437840916259511,0.));
#13400=CARTESIAN_POINT('',(0.00616938570041418,-0.00458078766259511,0.));
#13401=CARTESIAN_POINT('',(0.00792585270041418,-0.00393750872509511,0.));
#13402=CARTESIAN_POINT('',(0.00792585270041418,-0.00393750872509511,-0.0025));
#13403=CARTESIAN_POINT('',(0.00876591157541418,-0.00349660828759511,-0.0025));
#13404=CARTESIAN_POINT('',(0.00876591157541418,-0.00349660828759511,0.));
#13405=CARTESIAN_POINT('',(0.00876591157541418,-0.00349660828759511,0.));
#13406=CARTESIAN_POINT('',(0.00792585270041418,-0.00393750872509511,0.));
#13407=CARTESIAN_POINT('',(0.00877246020041417,-0.00349196485009511,0.));
#13408=CARTESIAN_POINT('',(0.00877246020041417,-0.00349196485009511,-0.0025));
#13409=CARTESIAN_POINT('',(0.00877900882541418,-0.00348732141259511,-0.0025));
#13410=CARTESIAN_POINT('',(0.00877900882541418,-0.00348732141259511,0.));
#13411=CARTESIAN_POINT('',(0.00877900882541418,-0.00348732141259511,0.));
#13412=CARTESIAN_POINT('',(0.00877246020041417,-0.00349196485009511,0.));
#13413=CARTESIAN_POINT('',(0.00878466420041418,-0.00348296035009511,0.));
#13414=CARTESIAN_POINT('',(0.00878466420041418,-0.00348296035009511,-0.0025));
#13415=CARTESIAN_POINT('',(0.00879031957541418,-0.00347859928759511,-0.0025));
#13416=CARTESIAN_POINT('',(0.00879031957541418,-0.00347859928759511,0.));
#13417=CARTESIAN_POINT('',(0.00879031957541418,-0.00347859928759511,0.));
#13418=CARTESIAN_POINT('',(0.00878466420041418,-0.00348296035009511,0.));
#13419=CARTESIAN_POINT('',(0.00880133276291419,-0.00351232397509511,0.));
#13420=CARTESIAN_POINT('',(0.00880133276291419,-0.00351232397509511,-0.0025));
#13421=CARTESIAN_POINT('',(0.00881234595041419,-0.00354604866259511,-0.0025));
#13422=CARTESIAN_POINT('',(0.00881234595041419,-0.00354604866259511,0.));
#13423=CARTESIAN_POINT('',(0.00881234595041419,-0.00354604866259511,0.));
#13424=CARTESIAN_POINT('',(0.00880133276291419,-0.00351232397509511,0.));
#13425=CARTESIAN_POINT('',(0.00923369670041418,-0.00431559535009511,0.));
#13426=CARTESIAN_POINT('',(0.00923369670041418,-0.00431559535009511,-0.0025));
#13427=CARTESIAN_POINT('',(0.00965504745041417,-0.00508514203759511,-0.0025));
#13428=CARTESIAN_POINT('',(0.00965504745041417,-0.00508514203759511,0.));
#13429=CARTESIAN_POINT('',(0.00965504745041417,-0.00508514203759511,0.));
#13430=CARTESIAN_POINT('',(0.00923369670041418,-0.00431559535009511,0.));
#13431=CARTESIAN_POINT('',(0.0103211824504142,-0.00565605872509511,0.));
#13432=CARTESIAN_POINT('',(0.0103211824504142,-0.00565605872509511,-0.0025));
#13433=CARTESIAN_POINT('',(0.0109873174504142,-0.00622697541259511,-0.0025));
#13434=CARTESIAN_POINT('',(0.0109873174504142,-0.00622697541259511,0.));
#13435=CARTESIAN_POINT('',(0.0109873174504142,-0.00622697541259511,0.));
#13436=CARTESIAN_POINT('',(0.0103211824504142,-0.00565605872509511,0.));
#13437=CARTESIAN_POINT('',(0.0110008607629142,-0.00623481891259511,0.));
#13438=CARTESIAN_POINT('',(0.0110008607629142,-0.00623481891259511,-0.0025));
#13439=CARTESIAN_POINT('',(0.0110144040754142,-0.00624266241259511,-0.0025));
#13440=CARTESIAN_POINT('',(0.0110144040754142,-0.00624266241259511,0.));
#13441=CARTESIAN_POINT('',(0.0110144040754142,-0.00624266241259511,0.));
#13442=CARTESIAN_POINT('',(0.0110008607629142,-0.00623481891259511,0.));
#13443=CARTESIAN_POINT('',(0.0116887622629142,-0.00653490985009511,0.));
#13444=CARTESIAN_POINT('',(0.0116887622629142,-0.00653490985009511,-0.0025));
#13445=CARTESIAN_POINT('',(0.0123631204504142,-0.00682715728759511,-0.0025));
#13446=CARTESIAN_POINT('',(0.0123631204504142,-0.00682715728759511,0.));
#13447=CARTESIAN_POINT('',(0.0123631204504142,-0.00682715728759511,0.));
#13448=CARTESIAN_POINT('',(0.0116887622629142,-0.00653490985009511,0.));
#13449=CARTESIAN_POINT('',(0.0130683975754142,-0.00699578522509511,0.));
#13450=CARTESIAN_POINT('',(0.0130683975754142,-0.00699578522509511,-0.0025));
#13451=CARTESIAN_POINT('',(0.0137736747004142,-0.00716441316259511,-0.0025));
#13452=CARTESIAN_POINT('',(0.0137736747004142,-0.00716441316259511,0.));
#13453=CARTESIAN_POINT('',(0.0137736747004142,-0.00716441316259511,0.));
#13454=CARTESIAN_POINT('',(0.0130683975754142,-0.00699578522509511,0.));
#13455=CARTESIAN_POINT('',(0.0137851345129142,-0.00716630316259511,0.));
#13456=CARTESIAN_POINT('',(0.0137851345129142,-0.00716630316259511,-0.0025));
#13457=CARTESIAN_POINT('',(0.0137965943254142,-0.00716819316259511,-0.0025));
#13458=CARTESIAN_POINT('',(0.0137965943254142,-0.00716819316259511,0.));
#13459=CARTESIAN_POINT('',(0.0137965943254142,-0.00716819316259511,0.));
#13460=CARTESIAN_POINT('',(0.0137851345129142,-0.00716630316259511,0.));
#13461=CARTESIAN_POINT('',(0.0149169705754142,-0.00735190622509511,0.));
#13462=CARTESIAN_POINT('',(0.0149169705754142,-0.00735190622509511,-0.0025));
#13463=CARTESIAN_POINT('',(0.0160373468254142,-0.00753561928759511,-0.0025));
#13464=CARTESIAN_POINT('',(0.0160373468254142,-0.00753561928759511,0.));
#13465=CARTESIAN_POINT('',(0.0160373468254142,-0.00753561928759511,0.));
#13466=CARTESIAN_POINT('',(0.0149169705754142,-0.00735190622509511,0.));
#13467=CARTESIAN_POINT('',(0.0164550885754142,-0.00754499672509511,0.));
#13468=CARTESIAN_POINT('',(0.0164550885754142,-0.00754499672509511,-0.0025));
#13469=CARTESIAN_POINT('',(0.0168728303254142,-0.00755437416259511,-0.0025));
#13470=CARTESIAN_POINT('',(0.0168728303254142,-0.00755437416259511,0.));
#13471=CARTESIAN_POINT('',(0.0168728303254142,-0.00755437416259511,0.));
#13472=CARTESIAN_POINT('',(0.0164550885754142,-0.00754499672509511,0.));
#13473=CARTESIAN_POINT('',(0.0172634477629142,-0.00745211335009511,0.));
#13474=CARTESIAN_POINT('',(0.0172634477629142,-0.00745211335009511,-0.0025));
#13475=CARTESIAN_POINT('',(0.0176540652004142,-0.00734985253759511,-0.0025));
#13476=CARTESIAN_POINT('',(0.0176540652004142,-0.00734985253759511,0.));
#13477=CARTESIAN_POINT('',(0.0176540652004142,-0.00734985253759511,0.));
#13478=CARTESIAN_POINT('',(0.0172634477629142,-0.00745211335009511,0.));
#13479=CARTESIAN_POINT('',(0.0179988068254142,-0.00714942141259511,0.));
#13480=CARTESIAN_POINT('',(0.0179988068254142,-0.00714942141259511,-0.0025));
#13481=CARTESIAN_POINT('',(0.0183435484504142,-0.00694899028759511,-0.0025));
#13482=CARTESIAN_POINT('',(0.0183435484504142,-0.00694899028759511,0.));
#13483=CARTESIAN_POINT('',(0.0183435484504142,-0.00694899028759511,0.));
#13484=CARTESIAN_POINT('',(0.0179988068254142,-0.00714942141259511,0.));
#13485=CARTESIAN_POINT('',(0.0186236610754142,-0.00666385510009511,0.));
#13486=CARTESIAN_POINT('',(0.0186236610754142,-0.00666385510009511,-0.0025));
#13487=CARTESIAN_POINT('',(0.0189037737004142,-0.00637871991259511,-0.0025));
#13488=CARTESIAN_POINT('',(0.0189037737004142,-0.00637871991259511,0.));
#13489=CARTESIAN_POINT('',(0.0189037737004142,-0.00637871991259511,0.));
#13490=CARTESIAN_POINT('',(0.0186236610754142,-0.00666385510009511,0.));
#13491=CARTESIAN_POINT('',(0.0194657106379142,-0.00652593122509511,0.));
#13492=CARTESIAN_POINT('',(0.0194657106379142,-0.00652593122509511,-0.0025));
#13493=CARTESIAN_POINT('',(0.0200276475754142,-0.00667314253759511,-0.0025));
#13494=CARTESIAN_POINT('',(0.0200276475754142,-0.00667314253759511,0.));
#13495=CARTESIAN_POINT('',(0.0200276475754142,-0.00667314253759511,0.));
#13496=CARTESIAN_POINT('',(0.0194657106379142,-0.00652593122509511,0.));
#13497=CARTESIAN_POINT('',(0.0206116857004142,-0.00672198272509511,0.));
#13498=CARTESIAN_POINT('',(0.0206116857004142,-0.00672198272509511,-0.0025));
#13499=CARTESIAN_POINT('',(0.0211957238254142,-0.00677082291259511,-0.0025));
#13500=CARTESIAN_POINT('',(0.0211957238254142,-0.00677082291259511,0.));
#13501=CARTESIAN_POINT('',(0.0211957238254142,-0.00677082291259511,0.));
#13502=CARTESIAN_POINT('',(0.0206116857004142,-0.00672198272509511,0.));
#13503=CARTESIAN_POINT('',(0.0217922635129142,-0.00672219141259511,0.));
#13504=CARTESIAN_POINT('',(0.0217922635129142,-0.00672219141259511,-0.0025));
#13505=CARTESIAN_POINT('',(0.0223888032004142,-0.00667355991259511,-0.0025));
#13506=CARTESIAN_POINT('',(0.0223888032004142,-0.00667355991259511,0.));
#13507=CARTESIAN_POINT('',(0.0223888032004142,-0.00667355991259511,0.));
#13508=CARTESIAN_POINT('',(0.0217922635129142,-0.00672219141259511,0.));
#13509=CARTESIAN_POINT('',(0.0229685995129141,-0.00652410141259511,0.));
#13510=CARTESIAN_POINT('',(0.0229685995129141,-0.00652410141259511,-0.0025));
#13511=CARTESIAN_POINT('',(0.0235483958254142,-0.00637464291259511,-0.0025));
#13512=CARTESIAN_POINT('',(0.0235483958254142,-0.00637464291259511,0.));
#13513=CARTESIAN_POINT('',(0.0235483958254142,-0.00637464291259511,0.));
#13514=CARTESIAN_POINT('',(0.0229685995129141,-0.00652410141259511,0.));
#13515=CARTESIAN_POINT('',(0.0241151325754142,-0.00648712716259511,0.));
#13516=CARTESIAN_POINT('',(0.0241151325754142,-0.00648712716259511,-0.0025));
#13517=CARTESIAN_POINT('',(0.0246818693254142,-0.00659961141259511,-0.0025));
#13518=CARTESIAN_POINT('',(0.0246818693254142,-0.00659961141259511,0.));
#13519=CARTESIAN_POINT('',(0.0246818693254142,-0.00659961141259511,0.));
#13520=CARTESIAN_POINT('',(0.0241151325754142,-0.00648712716259511,0.));
#13521=CARTESIAN_POINT('',(0.0253771935754142,-0.00659961141259511,0.));
#13522=CARTESIAN_POINT('',(0.0253771935754142,-0.00659961141259511,-0.0025));
#13523=CARTESIAN_POINT('',(0.0260725178254142,-0.00659961141259511,-0.0025));
#13524=CARTESIAN_POINT('',(0.0260725178254142,-0.00659961141259511,0.));
#13525=CARTESIAN_POINT('',(0.0260725178254142,-0.00659961141259511,0.));
#13526=CARTESIAN_POINT('',(0.0253771935754142,-0.00659961141259511,0.));
#13527=CARTESIAN_POINT('',(0.0266518326379142,-0.00648264966259511,0.));
#13528=CARTESIAN_POINT('',(0.0266518326379142,-0.00648264966259511,-0.0025));
#13529=CARTESIAN_POINT('',(0.0272311474504142,-0.00636568791259511,-0.0025));
#13530=CARTESIAN_POINT('',(0.0272311474504142,-0.00636568791259511,0.));
#13531=CARTESIAN_POINT('',(0.0272311474504142,-0.00636568791259511,0.));
#13532=CARTESIAN_POINT('',(0.0266518326379142,-0.00648264966259511,0.));
#13533=CARTESIAN_POINT('',(0.0277042133254142,-0.00604672847509511,0.));
#13534=CARTESIAN_POINT('',(0.0277042133254142,-0.00604672847509511,-0.0025));
#13535=CARTESIAN_POINT('',(0.0281772792004142,-0.00572776903759511,-0.0025));
#13536=CARTESIAN_POINT('',(0.0281772792004142,-0.00572776903759511,0.));
#13537=CARTESIAN_POINT('',(0.0281772792004142,-0.00572776903759511,0.));
#13538=CARTESIAN_POINT('',(0.0277042133254142,-0.00604672847509511,0.));
#13539=CARTESIAN_POINT('',(0.0284962245754142,-0.00525470035009511,0.));
#13540=CARTESIAN_POINT('',(0.0284962245754142,-0.00525470035009511,-0.0025));
#13541=CARTESIAN_POINT('',(0.0288151699504142,-0.00478163166259511,-0.0025));
#13542=CARTESIAN_POINT('',(0.0288151699504142,-0.00478163166259511,0.));
#13543=CARTESIAN_POINT('',(0.0288151699504142,-0.00478163166259511,0.));
#13544=CARTESIAN_POINT('',(0.0284962245754142,-0.00525470035009511,0.));
#13545=CARTESIAN_POINT('',(0.0289321232629142,-0.00420234216259511,0.));
#13546=CARTESIAN_POINT('',(0.0289321232629142,-0.00420234216259511,-0.0025));
#13547=CARTESIAN_POINT('',(0.0290490765754142,-0.00362305266259511,-0.0025));
#13548=CARTESIAN_POINT('',(0.0290490765754142,-0.00362305266259511,0.));
#13549=CARTESIAN_POINT('',(0.0290490765754142,-0.00362305266259511,0.));
#13550=CARTESIAN_POINT('',(0.0289321232629142,-0.00420234216259511,0.));
#13551=CARTESIAN_POINT('',(0.0290490765754142,-0.00145401603464145,0.));
#13552=CARTESIAN_POINT('',(0.0290490765754142,-0.00145401603464145,-0.0025));
#13553=CARTESIAN_POINT('',(0.0290490765754142,0.000715020593312204,-0.0025));
#13554=CARTESIAN_POINT('',(0.0290490765754142,0.000715020593312204,0.));
#13555=CARTESIAN_POINT('',(0.0290490765754142,0.000715020593312204,0.));
#13556=CARTESIAN_POINT('',(0.0290490765754142,-0.00145401603464145,0.));
#13557=CARTESIAN_POINT('',(0.0292695602629142,0.000569243027858548,0.));
#13558=CARTESIAN_POINT('',(0.0292695602629142,0.000569243027858548,-0.0025));
#13559=CARTESIAN_POINT('',(0.0294900439504142,0.000423465462404891,-0.0025));
#13560=CARTESIAN_POINT('',(0.0294900439504142,0.000423465462404891,0.));
#13561=CARTESIAN_POINT('',(0.0294900439504142,0.000423465462404891,0.));
#13562=CARTESIAN_POINT('',(0.0292695602629142,0.000569243027858548,0.));
#13563=CARTESIAN_POINT('',(0.0298977028879142,0.000298987587404892,0.));
#13564=CARTESIAN_POINT('',(0.0298977028879142,0.000298987587404892,-0.0025));
#13565=CARTESIAN_POINT('',(0.0303053618254141,0.000174509712404891,-0.0025));
#13566=CARTESIAN_POINT('',(0.0303053618254141,0.000174509712404891,0.));
#13567=CARTESIAN_POINT('',(0.0303053618254141,0.000174509712404891,0.));
#13568=CARTESIAN_POINT('',(0.0298977028879142,0.000298987587404892,0.));
#13569=CARTESIAN_POINT('',(0.0307423804504142,0.000131137024904892,0.));
#13570=CARTESIAN_POINT('',(0.0307423804504142,0.000131137024904892,-0.0025));
#13571=CARTESIAN_POINT('',(0.0311793990754142,8.77643374048901E-5,-0.0025));
#13572=CARTESIAN_POINT('',(0.0311793990754142,8.77643374048901E-5,0.));
#13573=CARTESIAN_POINT('',(0.0311793990754142,8.77643374048901E-5,0.));
#13574=CARTESIAN_POINT('',(0.0307423804504142,0.000131137024904892,0.));
#13575=CARTESIAN_POINT('',(0.0314225841379142,0.00010127783740489,0.));
#13576=CARTESIAN_POINT('',(0.0314225841379142,0.00010127783740489,-0.0025));
#13577=CARTESIAN_POINT('',(0.0316657692004142,0.00011479133740489,-0.0025));
#13578=CARTESIAN_POINT('',(0.0316657692004142,0.00011479133740489,0.));
#13579=CARTESIAN_POINT('',(0.0316657692004142,0.00011479133740489,0.));
#13580=CARTESIAN_POINT('',(0.0314225841379142,0.00010127783740489,0.));
#13581=CARTESIAN_POINT('',(0.0318115090129142,-0.000166497475095108,0.));
#13582=CARTESIAN_POINT('',(0.0318115090129142,-0.000166497475095108,-0.0025));
#13583=CARTESIAN_POINT('',(0.0319572488254142,-0.00044778628759511,-0.0025));
#13584=CARTESIAN_POINT('',(0.0319572488254142,-0.00044778628759511,0.));
#13585=CARTESIAN_POINT('',(0.0319572488254142,-0.00044778628759511,0.));
#13586=CARTESIAN_POINT('',(0.0318115090129142,-0.000166497475095108,0.));
#13587=CARTESIAN_POINT('',(0.0322206372004142,-0.000752358662595112,0.));
#13588=CARTESIAN_POINT('',(0.0322206372004142,-0.000752358662595112,-0.0025));
#13589=CARTESIAN_POINT('',(0.0324840255754142,-0.00105693103759511,-0.0025));
#13590=CARTESIAN_POINT('',(0.0324840255754142,-0.00105693103759511,0.));
#13591=CARTESIAN_POINT('',(0.0324840255754142,-0.00105693103759511,0.));
#13592=CARTESIAN_POINT('',(0.0322206372004142,-0.000752358662595112,0.));
#13593=CARTESIAN_POINT('',(0.0324837274504142,-0.00105737766259511,0.));
#13594=CARTESIAN_POINT('',(0.0324837274504142,-0.00105737766259511,-0.0025));
#13595=CARTESIAN_POINT('',(0.0324834293254142,-0.00105782428759511,-0.0025));
#13596=CARTESIAN_POINT('',(0.0324834293254142,-0.00105782428759511,0.));
#13597=CARTESIAN_POINT('',(0.0324834293254142,-0.00105782428759511,0.));
#13598=CARTESIAN_POINT('',(0.0324837274504142,-0.00105737766259511,0.));
#13599=CARTESIAN_POINT('',(0.0325006935754142,-0.00107234972509511,0.));
#13600=CARTESIAN_POINT('',(0.0325006935754142,-0.00107234972509511,-0.0025));
#13601=CARTESIAN_POINT('',(0.0325179578254142,-0.00108687516259511,-0.0025));
#13602=CARTESIAN_POINT('',(0.0325179578254142,-0.00108687516259511,0.));
#13603=CARTESIAN_POINT('',(0.0325179578254142,-0.00108687516259511,0.));
#13604=CARTESIAN_POINT('',(0.0325006935754142,-0.00107234972509511,0.));
#13605=CARTESIAN_POINT('',(0.0325322453254142,-0.00109952578759511,0.));
#13606=CARTESIAN_POINT('',(0.0325322453254142,-0.00109952578759511,-0.0025));
#13607=CARTESIAN_POINT('',(0.0325465328254142,-0.00111217641259511,-0.0025));
#13608=CARTESIAN_POINT('',(0.0325465328254142,-0.00111217641259511,0.));
#13609=CARTESIAN_POINT('',(0.0325465328254142,-0.00111217641259511,0.));
#13610=CARTESIAN_POINT('',(0.0325322453254142,-0.00109952578759511,0.));
#13611=CARTESIAN_POINT('',(0.0325466818879142,-0.00111174441259511,0.));
#13612=CARTESIAN_POINT('',(0.0325466818879142,-0.00111174441259511,-0.0025));
#13613=CARTESIAN_POINT('',(0.0325468309504142,-0.00111131241259511,-0.0025));
#13614=CARTESIAN_POINT('',(0.0325468309504142,-0.00111131241259511,0.));
#13615=CARTESIAN_POINT('',(0.0325468309504142,-0.00111131241259511,0.));
#13616=CARTESIAN_POINT('',(0.0325466818879142,-0.00111174441259511,0.));
#13617=CARTESIAN_POINT('',(0.0328581786379142,-0.00131479003759511,0.));
#13618=CARTESIAN_POINT('',(0.0328581786379142,-0.00131479003759511,-0.0025));
#13619=CARTESIAN_POINT('',(0.0331695263254142,-0.00151826766259511,-0.0025));
#13620=CARTESIAN_POINT('',(0.0331695263254142,-0.00151826766259511,0.));
#13621=CARTESIAN_POINT('',(0.0331695263254142,-0.00151826766259511,0.));
#13622=CARTESIAN_POINT('',(0.0328581786379142,-0.00131479003759511,0.));
#13623=CARTESIAN_POINT('',(0.0333217776379142,-0.00158409422509511,0.));
#13624=CARTESIAN_POINT('',(0.0333217776379142,-0.00158409422509511,-0.0025));
#13625=CARTESIAN_POINT('',(0.0334740289504142,-0.00164992078759511,-0.0025));
#13626=CARTESIAN_POINT('',(0.0334740289504142,-0.00164992078759511,0.));
#13627=CARTESIAN_POINT('',(0.0334740289504142,-0.00164992078759511,0.));
#13628=CARTESIAN_POINT('',(0.0333217776379142,-0.00158409422509511,0.));
#13629=CARTESIAN_POINT('',(0.0336747975754142,-0.00171358960009511,0.));
#13630=CARTESIAN_POINT('',(0.0336747975754142,-0.00171358960009511,-0.0025));
#13631=CARTESIAN_POINT('',(0.0338755662004142,-0.00177725841259511,-0.0025));
#13632=CARTESIAN_POINT('',(0.0338755662004142,-0.00177725841259511,0.));
#13633=CARTESIAN_POINT('',(0.0338755662004142,-0.00177725841259511,0.));
#13634=CARTESIAN_POINT('',(0.0336747975754142,-0.00171358960009511,0.));
#13635=CARTESIAN_POINT('',(0.0339214054504142,-0.00178830141259511,0.));
#13636=CARTESIAN_POINT('',(0.0339214054504142,-0.00178830141259511,-0.0025));
#13637=CARTESIAN_POINT('',(0.0339672447004142,-0.00179934441259511,-0.0025));
#13638=CARTESIAN_POINT('',(0.0339672447004142,-0.00179934441259511,0.));
#13639=CARTESIAN_POINT('',(0.0339672447004142,-0.00179934441259511,0.));
#13640=CARTESIAN_POINT('',(0.0339214054504142,-0.00178830141259511,0.));
#13641=CARTESIAN_POINT('',(0.0348160105129142,-0.00186881710009511,0.));
#13642=CARTESIAN_POINT('',(0.0348160105129142,-0.00186881710009511,-0.0025));
#13643=CARTESIAN_POINT('',(0.0356647763254142,-0.00193828978759511,-0.0025));
#13644=CARTESIAN_POINT('',(0.0356647763254142,-0.00193828978759511,0.));
#13645=CARTESIAN_POINT('',(0.0356647763254142,-0.00193828978759511,0.));
#13646=CARTESIAN_POINT('',(0.0348160105129142,-0.00186881710009511,0.));
#13647=CARTESIAN_POINT('',(0.0358430719504142,-0.00191560866259511,0.));
#13648=CARTESIAN_POINT('',(0.0358430719504142,-0.00191560866259511,-0.0025));
#13649=CARTESIAN_POINT('',(0.0360213675754142,-0.00189292753759511,-0.0025));
#13650=CARTESIAN_POINT('',(0.0360213675754142,-0.00189292753759511,0.));
#13651=CARTESIAN_POINT('',(0.0360213675754142,-0.00189292753759511,0.));
#13652=CARTESIAN_POINT('',(0.0358430719504142,-0.00191560866259511,0.));
#13653=CARTESIAN_POINT('',(0.0363986835754142,-0.00213323260009511,0.));
#13654=CARTESIAN_POINT('',(0.0363986835754142,-0.00213323260009511,-0.0025));
#13655=CARTESIAN_POINT('',(0.0367759995754142,-0.00237353766259512,-0.0025));
#13656=CARTESIAN_POINT('',(0.0367759995754142,-0.00237353766259512,0.));
#13657=CARTESIAN_POINT('',(0.0367759995754142,-0.00237353766259512,0.));
#13658=CARTESIAN_POINT('',(0.0363986835754142,-0.00213323260009511,0.));
#13659=CARTESIAN_POINT('',(0.0371490737629142,-0.00252798385009511,0.));
#13660=CARTESIAN_POINT('',(0.0371490737629142,-0.00252798385009511,-0.0025));
#13661=CARTESIAN_POINT('',(0.0375221479504142,-0.00268243003759511,-0.0025));
#13662=CARTESIAN_POINT('',(0.0375221479504142,-0.00268243003759511,0.));
#13663=CARTESIAN_POINT('',(0.0375221479504142,-0.00268243003759511,0.));
#13664=CARTESIAN_POINT('',(0.0371490737629142,-0.00252798385009511,0.));
#13665=CARTESIAN_POINT('',(0.0375285475129142,-0.00268460297509511,0.));
#13666=CARTESIAN_POINT('',(0.0375285475129142,-0.00268460297509511,-0.0025));
#13667=CARTESIAN_POINT('',(0.0375349470754142,-0.00268677591259511,-0.0025));
#13668=CARTESIAN_POINT('',(0.0375349470754142,-0.00268677591259511,0.));
#13669=CARTESIAN_POINT('',(0.0375349470754142,-0.00268677591259511,0.));
#13670=CARTESIAN_POINT('',(0.0375285475129142,-0.00268460297509511,0.));
#13671=CARTESIAN_POINT('',(0.0375664988254142,-0.00269783353759511,0.));
#13672=CARTESIAN_POINT('',(0.0375664988254142,-0.00269783353759511,-0.0025));
#13673=CARTESIAN_POINT('',(0.0375980505754142,-0.00270889116259512,-0.0025));
#13674=CARTESIAN_POINT('',(0.0375980505754142,-0.00270889116259512,0.));
#13675=CARTESIAN_POINT('',(0.0375980505754142,-0.00270889116259512,0.));
#13676=CARTESIAN_POINT('',(0.0375664988254142,-0.00269783353759511,0.));
#13677=CARTESIAN_POINT('',(0.0380053928254142,-0.00282225347509511,0.));
#13678=CARTESIAN_POINT('',(0.0380053928254142,-0.00282225347509511,-0.0025));
#13679=CARTESIAN_POINT('',(0.0384127350754142,-0.00293561578759511,-0.0025));
#13680=CARTESIAN_POINT('',(0.0384127350754142,-0.00293561578759511,0.));
#13681=CARTESIAN_POINT('',(0.0384127350754142,-0.00293561578759511,0.));
#13682=CARTESIAN_POINT('',(0.0380053928254142,-0.00282225347509511,0.));
#13683=CARTESIAN_POINT('',(0.0388397220754142,-0.00293342822509511,0.));
#13684=CARTESIAN_POINT('',(0.0388397220754142,-0.00293342822509511,-0.0025));
#13685=CARTESIAN_POINT('',(0.0392667090754142,-0.00293124066259511,-0.0025));
#13686=CARTESIAN_POINT('',(0.0392667090754142,-0.00293124066259511,0.));
#13687=CARTESIAN_POINT('',(0.0392667090754142,-0.00293124066259511,0.));
#13688=CARTESIAN_POINT('',(0.0388397220754142,-0.00293342822509511,0.));
#13689=CARTESIAN_POINT('',(0.0395643649504142,-0.00285944428759511,0.));
#13690=CARTESIAN_POINT('',(0.0395643649504142,-0.00285944428759511,-0.0025));
#13691=CARTESIAN_POINT('',(0.0398620208254142,-0.00278764791259511,-0.0025));
#13692=CARTESIAN_POINT('',(0.0398620208254142,-0.00278764791259511,0.));
#13693=CARTESIAN_POINT('',(0.0398620208254142,-0.00278764791259511,0.));
#13694=CARTESIAN_POINT('',(0.0395643649504142,-0.00285944428759511,0.));
#13695=CARTESIAN_POINT('',(0.0402177199504142,-0.00261265753759511,0.));
#13696=CARTESIAN_POINT('',(0.0402177199504142,-0.00261265753759511,-0.0025));
#13697=CARTESIAN_POINT('',(0.0405734190754142,-0.00243766716259511,-0.0025));
#13698=CARTESIAN_POINT('',(0.0405734190754142,-0.00243766716259511,0.));
#13699=CARTESIAN_POINT('',(0.0405734190754142,-0.00243766716259511,0.));
#13700=CARTESIAN_POINT('',(0.0402177199504142,-0.00261265753759511,0.));
#13701=CARTESIAN_POINT('',(0.0405735675754142,-0.00243781622509511,0.));
#13702=CARTESIAN_POINT('',(0.0405735675754142,-0.00243781622509511,-0.0025));
#13703=CARTESIAN_POINT('',(0.0405737160754142,-0.00243796528759511,-0.0025));
#13704=CARTESIAN_POINT('',(0.0405737160754142,-0.00243796528759511,0.));
#13705=CARTESIAN_POINT('',(0.0405737160754142,-0.00243796528759511,0.));
#13706=CARTESIAN_POINT('',(0.0405735675754142,-0.00243781622509511,0.));
#13707=CARTESIAN_POINT('',(0.0405768418879142,-0.00243564328759511,0.));
#13708=CARTESIAN_POINT('',(0.0405768418879142,-0.00243564328759511,-0.0025));
#13709=CARTESIAN_POINT('',(0.0405799677004142,-0.00243332128759511,-0.0025));
#13710=CARTESIAN_POINT('',(0.0405799677004142,-0.00243332128759511,0.));
#13711=CARTESIAN_POINT('',(0.0405799677004142,-0.00243332128759511,0.));
#13712=CARTESIAN_POINT('',(0.0405768418879142,-0.00243564328759511,0.));
#13713=CARTESIAN_POINT('',(0.0406298248879142,-0.00239886760009511,0.));
#13714=CARTESIAN_POINT('',(0.0406298248879142,-0.00239886760009511,-0.0025));
#13715=CARTESIAN_POINT('',(0.0406796820754142,-0.00236441391259512,-0.0025));
#13716=CARTESIAN_POINT('',(0.0406796820754142,-0.00236441391259512,0.));
#13717=CARTESIAN_POINT('',(0.0406796820754142,-0.00236441391259512,0.));
#13718=CARTESIAN_POINT('',(0.0406298248879142,-0.00239886760009511,0.));
#13719=CARTESIAN_POINT('',(0.0407665973254142,-0.00229843885009511,0.));
#13720=CARTESIAN_POINT('',(0.0407665973254142,-0.00229843885009511,-0.0025));
#13721=CARTESIAN_POINT('',(0.0408535125754142,-0.00223246378759511,-0.0025));
#13722=CARTESIAN_POINT('',(0.0408535125754142,-0.00223246378759511,0.));
#13723=CARTESIAN_POINT('',(0.0408535125754142,-0.00223246378759511,0.));
#13724=CARTESIAN_POINT('',(0.0407665973254142,-0.00229843885009511,0.));
#13725=CARTESIAN_POINT('',(0.0414593543254142,-0.00254699860009511,0.));
#13726=CARTESIAN_POINT('',(0.0414593543254142,-0.00254699860009511,-0.0025));
#13727=CARTESIAN_POINT('',(0.0420651960754142,-0.00286153341259511,-0.0025));
#13728=CARTESIAN_POINT('',(0.0420651960754142,-0.00286153341259511,0.));
#13729=CARTESIAN_POINT('',(0.0420651960754142,-0.00286153341259511,0.));
#13730=CARTESIAN_POINT('',(0.0414593543254142,-0.00254699860009511,0.));
#13731=CARTESIAN_POINT('',(0.0427632360754142,-0.00297458128759511,0.));
#13732=CARTESIAN_POINT('',(0.0427632360754142,-0.00297458128759511,-0.0025));
#13733=CARTESIAN_POINT('',(0.0434612760754142,-0.00308762916259511,-0.0025));
#13734=CARTESIAN_POINT('',(0.0434612760754142,-0.00308762916259511,0.));
#13735=CARTESIAN_POINT('',(0.0434612760754142,-0.00308762916259511,0.));
#13736=CARTESIAN_POINT('',(0.0427632360754142,-0.00297458128759511,0.));
#13737=CARTESIAN_POINT('',(0.0439050778879142,-0.00304289072509511,0.));
#13738=CARTESIAN_POINT('',(0.0439050778879142,-0.00304289072509511,-0.0025));
#13739=CARTESIAN_POINT('',(0.0443488797004142,-0.00299815228759511,-0.0025));
#13740=CARTESIAN_POINT('',(0.0443488797004142,-0.00299815228759511,0.));
#13741=CARTESIAN_POINT('',(0.0443488797004142,-0.00299815228759511,0.));
#13742=CARTESIAN_POINT('',(0.0439050778879142,-0.00304289072509511,0.));
#13743=CARTESIAN_POINT('',(0.0447622198879142,-0.00286984210009511,0.));
#13744=CARTESIAN_POINT('',(0.0447622198879142,-0.00286984210009511,-0.0025));
#13745=CARTESIAN_POINT('',(0.0451755600754142,-0.00274153191259511,-0.0025));
#13746=CARTESIAN_POINT('',(0.0451755600754142,-0.00274153191259511,0.));
#13747=CARTESIAN_POINT('',(0.0451755600754142,-0.00274153191259511,0.));
#13748=CARTESIAN_POINT('',(0.0447622198879142,-0.00286984210009511,0.));
#13749=CARTESIAN_POINT('',(0.0458754557629142,-0.00226961410009511,0.));
#13750=CARTESIAN_POINT('',(0.0458754557629142,-0.00226961410009511,-0.0025));
#13751=CARTESIAN_POINT('',(0.0465753514504142,-0.00179769628759511,-0.0025));
#13752=CARTESIAN_POINT('',(0.0465753514504142,-0.00179769628759511,0.));
#13753=CARTESIAN_POINT('',(0.0465753514504142,-0.00179769628759511,0.));
#13754=CARTESIAN_POINT('',(0.0458754557629142,-0.00226961410009511,0.));
#13755=CARTESIAN_POINT('',(0.0470472062629142,-0.00109775053759511,0.));
#13756=CARTESIAN_POINT('',(0.0470472062629142,-0.00109775053759511,-0.0025));
#13757=CARTESIAN_POINT('',(0.0475190610754142,-0.000397804787595111,-0.0025));
#13758=CARTESIAN_POINT('',(0.0475190610754142,-0.000397804787595111,0.));
#13759=CARTESIAN_POINT('',(0.0475190610754142,-0.000397804787595111,0.));
#13760=CARTESIAN_POINT('',(0.0470472062629142,-0.00109775053759511,0.));
#13761=CARTESIAN_POINT('',(0.0476473487629142,1.55398999048893E-5,0.));
#13762=CARTESIAN_POINT('',(0.0476473487629142,1.55398999048893E-5,-0.0025));
#13763=CARTESIAN_POINT('',(0.0477756364504142,0.00042888458740489,-0.0025));
#13764=CARTESIAN_POINT('',(0.0477756364504142,0.00042888458740489,0.));
#13765=CARTESIAN_POINT('',(0.0477756364504142,0.00042888458740489,0.));
#13766=CARTESIAN_POINT('',(0.0476473487629142,1.55398999048893E-5,0.));
#13767=CARTESIAN_POINT('',(0.0478203658879142,0.000872671212404891,0.));
#13768=CARTESIAN_POINT('',(0.0478203658879142,0.000872671212404891,-0.0025));
#13769=CARTESIAN_POINT('',(0.0478650953254142,0.00131645783740489,-0.0025));
#13770=CARTESIAN_POINT('',(0.0478650953254142,0.00131645783740489,0.));
#13771=CARTESIAN_POINT('',(0.0478650953254142,0.00131645783740489,0.));
#13772=CARTESIAN_POINT('',(0.0478203658879142,0.000872671212404891,0.));
#13773=CARTESIAN_POINT('',(0.0478217957629142,0.00175342752490489,0.));
#13774=CARTESIAN_POINT('',(0.0478217957629142,0.00175342752490489,-0.0025));
#13775=CARTESIAN_POINT('',(0.0477784962004142,0.0021903972124049,-0.0025));
#13776=CARTESIAN_POINT('',(0.0477784962004142,0.0021903972124049,0.));
#13777=CARTESIAN_POINT('',(0.0477784962004142,0.0021903972124049,0.));
#13778=CARTESIAN_POINT('',(0.0478217957629142,0.00175342752490489,0.));
#13779=CARTESIAN_POINT('',(0.0476541898879142,0.00259813996240489,0.));
#13780=CARTESIAN_POINT('',(0.0476541898879142,0.00259813996240489,-0.0025));
#13781=CARTESIAN_POINT('',(0.0475298835754142,0.00300588271240489,-0.0025));
#13782=CARTESIAN_POINT('',(0.0475298835754142,0.00300588271240489,0.));
#13783=CARTESIAN_POINT('',(0.0475298835754142,0.00300588271240489,0.));
#13784=CARTESIAN_POINT('',(0.0476541898879142,0.00259813996240489,0.));
#13785=CARTESIAN_POINT('',(0.0470717982004142,0.00369975346240488,0.));
#13786=CARTESIAN_POINT('',(0.0470717982004142,0.00369975346240488,-0.0025));
#13787=CARTESIAN_POINT('',(0.0466137128254142,0.00439362421240489,-0.0025));
#13788=CARTESIAN_POINT('',(0.0466137128254142,0.00439362421240489,0.));
#13789=CARTESIAN_POINT('',(0.0466137128254142,0.00439362421240489,0.));
#13790=CARTESIAN_POINT('',(0.0470717982004142,0.00369975346240488,0.));
#13791=CARTESIAN_POINT('',(0.0459322457629142,0.00486878483740489,0.));
#13792=CARTESIAN_POINT('',(0.0459322457629142,0.00486878483740489,-0.0025));
#13793=CARTESIAN_POINT('',(0.0452507787004142,0.00534394546240489,-0.0025));
#13794=CARTESIAN_POINT('',(0.0452507787004142,0.00534394546240489,0.));
#13795=CARTESIAN_POINT('',(0.0452507787004142,0.00534394546240489,0.));
#13796=CARTESIAN_POINT('',(0.0459322457629142,0.00486878483740489,0.));
#13797=CARTESIAN_POINT('',(0.0448472451379142,0.00547830083740489,0.));
#13798=CARTESIAN_POINT('',(0.0448472451379142,0.00547830083740489,-0.0025));
#13799=CARTESIAN_POINT('',(0.0444437115754142,0.00561265621240489,-0.0025));
#13800=CARTESIAN_POINT('',(0.0444437115754142,0.00561265621240489,0.));
#13801=CARTESIAN_POINT('',(0.0444437115754142,0.00561265621240489,0.));
#13802=CARTESIAN_POINT('',(0.0448472451379142,0.00547830083740489,0.));
#13803=CARTESIAN_POINT('',(0.0440094947629142,0.00566688289990489,0.));
#13804=CARTESIAN_POINT('',(0.0440094947629142,0.00566688289990489,-0.0025));
#13805=CARTESIAN_POINT('',(0.0435752779504142,0.00572110958740489,-0.0025));
#13806=CARTESIAN_POINT('',(0.0435752779504142,0.00572110958740489,0.));
#13807=CARTESIAN_POINT('',(0.0435752779504142,0.00572110958740489,0.));
#13808=CARTESIAN_POINT('',(0.0440094947629142,0.00566688289990489,0.));
#13809=CARTESIAN_POINT('',(0.0435182770129142,0.00572183914990489,0.));
#13810=CARTESIAN_POINT('',(0.0435182770129142,0.00572183914990489,-0.0025));
#13811=CARTESIAN_POINT('',(0.0434612760754142,0.00572256871240489,-0.0025));
#13812=CARTESIAN_POINT('',(0.0434612760754142,0.00572256871240489,0.));
#13813=CARTESIAN_POINT('',(0.0434612760754142,0.00572256871240489,0.));
#13814=CARTESIAN_POINT('',(0.0435182770129142,0.00572183914990489,0.));
#13815=CARTESIAN_POINT('',(0.0430243941379142,0.00567925846240489,0.));
#13816=CARTESIAN_POINT('',(0.0430243941379142,0.00567925846240489,-0.0025));
#13817=CARTESIAN_POINT('',(0.0425875122004142,0.00563594821240489,-0.0025));
#13818=CARTESIAN_POINT('',(0.0425875122004142,0.00563594821240489,0.));
#13819=CARTESIAN_POINT('',(0.0425875122004142,0.00563594821240489,0.));
#13820=CARTESIAN_POINT('',(0.0430243941379142,0.00567925846240489,0.));
#13821=CARTESIAN_POINT('',(0.0421801120129142,0.00551164808740489,0.));
#13822=CARTESIAN_POINT('',(0.0421801120129142,0.00551164808740489,-0.0025));
#13823=CARTESIAN_POINT('',(0.0417727118254142,0.00538734796240489,-0.0025));
#13824=CARTESIAN_POINT('',(0.0417727118254142,0.00538734796240489,0.));
#13825=CARTESIAN_POINT('',(0.0417727118254142,0.00538734796240489,0.));
#13826=CARTESIAN_POINT('',(0.0421801120129142,0.00551164808740489,0.));
#13827=CARTESIAN_POINT('',(0.0410798991379142,0.00492956858740489,0.));
#13828=CARTESIAN_POINT('',(0.0410798991379142,0.00492956858740489,-0.0025));
#13829=CARTESIAN_POINT('',(0.0403870864504142,0.00447178921240489,-0.0025));
#13830=CARTESIAN_POINT('',(0.0403870864504142,0.00447178921240489,0.));
#13831=CARTESIAN_POINT('',(0.0403870864504142,0.00447178921240489,0.));
#13832=CARTESIAN_POINT('',(0.0410798991379142,0.00492956858740489,0.));
#13833=CARTESIAN_POINT('',(0.0403012123879142,0.00464023264990489,0.));
#13834=CARTESIAN_POINT('',(0.0403012123879142,0.00464023264990489,-0.0025));
#13835=CARTESIAN_POINT('',(0.0402153383254142,0.00480867608740489,-0.0025));
#13836=CARTESIAN_POINT('',(0.0402153383254142,0.00480867608740489,0.));
#13837=CARTESIAN_POINT('',(0.0402153383254142,0.00480867608740489,0.));
#13838=CARTESIAN_POINT('',(0.0403012123879142,0.00464023264990489,0.));
#13839=CARTESIAN_POINT('',(0.0400806493879142,0.00500125921240489,0.));
#13840=CARTESIAN_POINT('',(0.0400806493879142,0.00500125921240489,-0.0025));
#13841=CARTESIAN_POINT('',(0.0399459604504142,0.00519384233740489,-0.0025));
#13842=CARTESIAN_POINT('',(0.0399459604504142,0.00519384233740489,0.));
#13843=CARTESIAN_POINT('',(0.0399459604504142,0.00519384233740489,0.));
#13844=CARTESIAN_POINT('',(0.0400806493879142,0.00500125921240489,0.));
#13845=CARTESIAN_POINT('',(0.0398841968254142,0.00526519039990489,0.));
#13846=CARTESIAN_POINT('',(0.0398841968254142,0.00526519039990489,-0.0025));
#13847=CARTESIAN_POINT('',(0.0398224332004142,0.00533653846240489,-0.0025));
#13848=CARTESIAN_POINT('',(0.0398224332004142,0.00533653846240489,0.));
#13849=CARTESIAN_POINT('',(0.0398224332004142,0.00533653846240489,0.));
#13850=CARTESIAN_POINT('',(0.0398841968254142,0.00526519039990489,0.));
#13851=CARTESIAN_POINT('',(0.0397757012629142,0.00538538371240489,0.));
#13852=CARTESIAN_POINT('',(0.0397757012629142,0.00538538371240489,-0.0025));
#13853=CARTESIAN_POINT('',(0.0397289693254141,0.00543422896240489,-0.0025));
#13854=CARTESIAN_POINT('',(0.0397289693254141,0.00543422896240489,0.));
#13855=CARTESIAN_POINT('',(0.0397289693254141,0.00543422896240489,0.));
#13856=CARTESIAN_POINT('',(0.0397757012629142,0.00538538371240489,0.));
#13857=CARTESIAN_POINT('',(0.0396922088254142,0.00546982846240489,0.));
#13858=CARTESIAN_POINT('',(0.0396922088254142,0.00546982846240489,-0.0025));
#13859=CARTESIAN_POINT('',(0.0396554483254142,0.00550542796240489,-0.0025));
#13860=CARTESIAN_POINT('',(0.0396554483254142,0.00550542796240489,0.));
#13861=CARTESIAN_POINT('',(0.0396554483254142,0.00550542796240489,0.));
#13862=CARTESIAN_POINT('',(0.0396922088254142,0.00546982846240489,0.));
#13863=CARTESIAN_POINT('',(0.0392239962004142,0.00579349939990489,0.));
#13864=CARTESIAN_POINT('',(0.0392239962004142,0.00579349939990489,-0.0025));
#13865=CARTESIAN_POINT('',(0.0387925440754142,0.00608157083740489,-0.0025));
#13866=CARTESIAN_POINT('',(0.0387925440754142,0.00608157083740489,0.));
#13867=CARTESIAN_POINT('',(0.0387925440754142,0.00608157083740489,0.));
#13868=CARTESIAN_POINT('',(0.0392239962004142,0.00579349939990489,0.));
#13869=CARTESIAN_POINT('',(0.0384777730129142,0.00619274558740489,0.));
#13870=CARTESIAN_POINT('',(0.0384777730129142,0.00619274558740489,-0.0025));
#13871=CARTESIAN_POINT('',(0.0381630019504142,0.00630392033740489,-0.0025));
#13872=CARTESIAN_POINT('',(0.0381630019504142,0.00630392033740489,0.));
#13873=CARTESIAN_POINT('',(0.0381630019504142,0.00630392033740489,0.));
#13874=CARTESIAN_POINT('',(0.0384777730129142,0.00619274558740489,0.));
#13875=CARTESIAN_POINT('',(0.0381631504504142,0.00630421789990489,0.));
#13876=CARTESIAN_POINT('',(0.0381631504504142,0.00630421789990489,-0.0025));
#13877=CARTESIAN_POINT('',(0.0381632989504142,0.00630451546240489,-0.0025));
#13878=CARTESIAN_POINT('',(0.0381632989504142,0.00630451546240489,0.));
#13879=CARTESIAN_POINT('',(0.0381632989504142,0.00630451546240489,0.));
#13880=CARTESIAN_POINT('',(0.0381631504504142,0.00630421789990489,0.));
#13881=CARTESIAN_POINT('',(0.0378196553254142,0.00635974564990489,0.));
#13882=CARTESIAN_POINT('',(0.0378196553254142,0.00635974564990489,-0.0025));
#13883=CARTESIAN_POINT('',(0.0374760117004142,0.00641497583740489,-0.0025));
#13884=CARTESIAN_POINT('',(0.0374760117004142,0.00641497583740489,0.));
#13885=CARTESIAN_POINT('',(0.0374760117004142,0.00641497583740489,0.));
#13886=CARTESIAN_POINT('',(0.0378196553254142,0.00635974564990489,0.));
#13887=CARTESIAN_POINT('',(0.0370832359504142,0.00638786502490489,0.));
#13888=CARTESIAN_POINT('',(0.0370832359504142,0.00638786502490489,-0.0025));
#13889=CARTESIAN_POINT('',(0.0366904602004142,0.00636075421240489,-0.0025));
#13890=CARTESIAN_POINT('',(0.0366904602004142,0.00636075421240489,0.));
#13891=CARTESIAN_POINT('',(0.0366904602004142,0.00636075421240489,0.));
#13892=CARTESIAN_POINT('',(0.0370832359504142,0.00638786502490489,0.));
#13893=CARTESIAN_POINT('',(0.0362131879504142,0.00618075589990489,0.));
#13894=CARTESIAN_POINT('',(0.0362131879504142,0.00618075589990489,-0.0025));
#13895=CARTESIAN_POINT('',(0.0357359157004142,0.00600075758740489,-0.0025));
#13896=CARTESIAN_POINT('',(0.0357359157004142,0.00600075758740489,0.));
#13897=CARTESIAN_POINT('',(0.0357359157004142,0.00600075758740489,0.));
#13898=CARTESIAN_POINT('',(0.0362131879504142,0.00618075589990489,0.));
#13899=CARTESIAN_POINT('',(0.0355652098879142,0.00588565433740489,0.));
#13900=CARTESIAN_POINT('',(0.0355652098879142,0.00588565433740489,-0.0025));
#13901=CARTESIAN_POINT('',(0.0353945040754142,0.00577055108740489,-0.0025));
#13902=CARTESIAN_POINT('',(0.0353945040754142,0.00577055108740489,0.));
#13903=CARTESIAN_POINT('',(0.0353945040754142,0.00577055108740489,0.));
#13904=CARTESIAN_POINT('',(0.0355652098879142,0.00588565433740489,0.));
#13905=CARTESIAN_POINT('',(0.0350898113254142,0.00639582608740489,0.));
#13906=CARTESIAN_POINT('',(0.0350898113254142,0.00639582608740489,-0.0025));
#13907=CARTESIAN_POINT('',(0.0347851185754142,0.00702110108740489,-0.0025));
#13908=CARTESIAN_POINT('',(0.0347851185754142,0.00702110108740489,0.));
#13909=CARTESIAN_POINT('',(0.0347851185754142,0.00702110108740489,0.));
#13910=CARTESIAN_POINT('',(0.0350898113254142,0.00639582608740489,0.));
#13911=CARTESIAN_POINT('',(0.0343069390129142,0.00751629739990489,0.));
#13912=CARTESIAN_POINT('',(0.0343069390129142,0.00751629739990489,-0.0025));
#13913=CARTESIAN_POINT('',(0.0338287594504142,0.00801149371240489,-0.0025));
#13914=CARTESIAN_POINT('',(0.0338287594504142,0.00801149371240489,0.));
#13915=CARTESIAN_POINT('',(0.0338287594504142,0.00801149371240489,0.));
#13916=CARTESIAN_POINT('',(0.0343069390129142,0.00751629739990489,0.));
#13917=CARTESIAN_POINT('',(0.0332151282004142,0.00833738089990489,0.));
#13918=CARTESIAN_POINT('',(0.0332151282004142,0.00833738089990489,-0.0025));
#13919=CARTESIAN_POINT('',(0.0326014969504142,0.00866326808740489,-0.0025));
#13920=CARTESIAN_POINT('',(0.0326014969504142,0.00866326808740489,0.));
#13921=CARTESIAN_POINT('',(0.0326014969504142,0.00866326808740489,0.));
#13922=CARTESIAN_POINT('',(0.0332151282004142,0.00833738089990489,0.));
#13923=CARTESIAN_POINT('',(0.0318904480129142,0.00878061458740489,0.));
#13924=CARTESIAN_POINT('',(0.0318904480129142,0.00878061458740489,-0.0025));
#13925=CARTESIAN_POINT('',(0.0311793990754142,0.00889796108740489,-0.0025));
#13926=CARTESIAN_POINT('',(0.0311793990754142,0.00889796108740489,0.));
#13927=CARTESIAN_POINT('',(0.0311793990754142,0.00889796108740489,0.));
#13928=CARTESIAN_POINT('',(0.0318904480129142,0.00878061458740489,0.));
#13929=CARTESIAN_POINT('',(0.0307414343254142,0.00885440108740489,0.));
#13930=CARTESIAN_POINT('',(0.0307414343254142,0.00885440108740489,-0.0025));
#13931=CARTESIAN_POINT('',(0.0303034695754142,0.00881084108740489,-0.0025));
#13932=CARTESIAN_POINT('',(0.0303034695754142,0.00881084108740489,0.));
#13933=CARTESIAN_POINT('',(0.0303034695754142,0.00881084108740489,0.));
#13934=CARTESIAN_POINT('',(0.0307414343254142,0.00885440108740489,0.));
#13935=CARTESIAN_POINT('',(0.0298953544504142,0.00868590364990489,0.));
#13936=CARTESIAN_POINT('',(0.0298953544504142,0.00868590364990489,-0.0025));
#13937=CARTESIAN_POINT('',(0.0294872393254142,0.00856096621240489,-0.0025));
#13938=CARTESIAN_POINT('',(0.0294872393254142,0.00856096621240489,0.));
#13939=CARTESIAN_POINT('',(0.0294872393254142,0.00856096621240489,0.));
#13940=CARTESIAN_POINT('',(0.0298953544504142,0.00868590364990489,0.));
#13941=CARTESIAN_POINT('',(0.0292681579504142,0.00841571528121982,0.));
#13942=CARTESIAN_POINT('',(0.0292681579504142,0.00841571528121982,-0.0025));
#13943=CARTESIAN_POINT('',(0.0290490765754142,0.00827046435003474,-0.0025));
#13944=CARTESIAN_POINT('',(0.0290490765754142,0.00827046435003474,0.));
#13945=CARTESIAN_POINT('',(0.0290490765754142,0.00827046435003474,0.));
#13946=CARTESIAN_POINT('',(0.0292681579504142,0.00841571528121982,0.));
#13947=CARTESIAN_POINT('',(0.0290490765754142,0.00908650721871982,0.));
#13948=CARTESIAN_POINT('',(0.0290490765754142,0.00908650721871982,-0.0025));
#13949=CARTESIAN_POINT('',(0.0290490765754142,0.00990255008740489,-0.0025));
#13950=CARTESIAN_POINT('',(0.0290490765754142,0.00990255008740489,0.));
#13951=CARTESIAN_POINT('',(0.0290490765754142,0.00990255008740489,0.));
#13952=CARTESIAN_POINT('',(0.0290490765754142,0.00908650721871982,0.));
#13953=CARTESIAN_POINT('',(0.0289321232629142,0.0104818497124049,0.));
#13954=CARTESIAN_POINT('',(0.0289321232629142,0.0104818497124049,-0.0025));
#13955=CARTESIAN_POINT('',(0.0288151699504142,0.0110611493374049,-0.0025));
#13956=CARTESIAN_POINT('',(0.0288151699504142,0.0110611493374049,0.));
#13957=CARTESIAN_POINT('',(0.0288151699504142,0.0110611493374049,0.));
#13958=CARTESIAN_POINT('',(0.0289321232629142,0.0104818497124049,0.));
#13959=CARTESIAN_POINT('',(0.0284962245754142,0.0115342135249049,0.));
#13960=CARTESIAN_POINT('',(0.0284962245754142,0.0115342135249049,-0.0025));
#13961=CARTESIAN_POINT('',(0.0281772792004142,0.0120072777124049,-0.0025));
#13962=CARTESIAN_POINT('',(0.0281772792004142,0.0120072777124049,0.));
#13963=CARTESIAN_POINT('',(0.0281772792004142,0.0120072777124049,0.));
#13964=CARTESIAN_POINT('',(0.0284962245754142,0.0115342135249049,0.));
#13965=CARTESIAN_POINT('',(0.0277042133254142,0.0123262292749049,0.));
#13966=CARTESIAN_POINT('',(0.0277042133254142,0.0123262292749049,-0.0025));
#13967=CARTESIAN_POINT('',(0.0272311474504142,0.0126451808374049,-0.0025));
#13968=CARTESIAN_POINT('',(0.0272311474504142,0.0126451808374049,0.));
#13969=CARTESIAN_POINT('',(0.0272311474504142,0.0126451808374049,0.));
#13970=CARTESIAN_POINT('',(0.0277042133254142,0.0123262292749049,0.));
#13971=CARTESIAN_POINT('',(0.0266518326379142,0.0127621431499049,0.));
#13972=CARTESIAN_POINT('',(0.0266518326379142,0.0127621431499049,-0.0025));
#13973=CARTESIAN_POINT('',(0.0260725178254142,0.0128791054624049,-0.0025));
#13974=CARTESIAN_POINT('',(0.0260725178254142,0.0128791054624049,0.));
#13975=CARTESIAN_POINT('',(0.0260725178254142,0.0128791054624049,0.));
#13976=CARTESIAN_POINT('',(0.0266518326379142,0.0127621431499049,0.));
#13977=CARTESIAN_POINT('',(0.0252533687629142,0.0128791054624049,0.));
#13978=CARTESIAN_POINT('',(0.0252533687629142,0.0128791054624049,-0.0025));
#13979=CARTESIAN_POINT('',(0.0244342197004142,0.0128791054624049,-0.0025));
#13980=CARTESIAN_POINT('',(0.0244342197004142,0.0128791054624049,0.));
#13981=CARTESIAN_POINT('',(0.0244342197004142,0.0128791054624049,0.));
#13982=CARTESIAN_POINT('',(0.0252533687629142,0.0128791054624049,0.));
#13983=CARTESIAN_POINT('',(0.0238549043254142,0.0127621493374049,0.));
#13984=CARTESIAN_POINT('',(0.0238549043254142,0.0127621493374049,-0.0025));
#13985=CARTESIAN_POINT('',(0.0232755889504142,0.0126451932124049,-0.0025));
#13986=CARTESIAN_POINT('',(0.0232755889504142,0.0126451932124049,0.));
#13987=CARTESIAN_POINT('',(0.0232755889504142,0.0126451932124049,0.));
#13988=CARTESIAN_POINT('',(0.0238549043254142,0.0127621493374049,0.));
#13989=CARTESIAN_POINT('',(0.0228025230754142,0.0123262422124049,0.));
#13990=CARTESIAN_POINT('',(0.0228025230754142,0.0123262422124049,-0.0025));
#13991=CARTESIAN_POINT('',(0.0223294572004142,0.0120072912124049,-0.0025));
#13992=CARTESIAN_POINT('',(0.0223294572004142,0.0120072912124049,0.));
#13993=CARTESIAN_POINT('',(0.0223294572004142,0.0120072912124049,0.));
#13994=CARTESIAN_POINT('',(0.0228025230754142,0.0123262422124049,0.));
#13995=CARTESIAN_POINT('',(0.0220105123879142,0.0115342247749049,0.));
#13996=CARTESIAN_POINT('',(0.0220105123879142,0.0115342247749049,-0.0025));
#13997=CARTESIAN_POINT('',(0.0216915675754142,0.0110611583374049,-0.0025));
#13998=CARTESIAN_POINT('',(0.0216915675754142,0.0110611583374049,0.));
#13999=CARTESIAN_POINT('',(0.0216915675754142,0.0110611583374049,0.));
#14000=CARTESIAN_POINT('',(0.0220105123879142,0.0115342247749049,0.));
#14001=CARTESIAN_POINT('',(0.0215746142629142,0.0104818542124049,0.));
#14002=CARTESIAN_POINT('',(0.0215746142629142,0.0104818542124049,-0.0025));
#14003=CARTESIAN_POINT('',(0.0215746142629142,0.0104818542124049,0.));
#14004=CARTESIAN_POINT('',(0.00500889982541417,0.00175668946240489,0.));
#14005=CARTESIAN_POINT('',(-0.0376133834245858,0.0111396420848693,0.));
#14006=CARTESIAN_POINT('',(-0.0351133834245858,0.0111396420848693,0.));
#14007=CARTESIAN_POINT('',(-0.0376133834245858,0.0111396420848693,0.));
#14008=CARTESIAN_POINT('',(0.0244342197004142,0.00713600239990489,0.));
#14009=CARTESIAN_POINT('',(0.0244342197004142,0.00990255008740489,0.));
#14010=CARTESIAN_POINT('',(0.0244342197004142,0.00436945471240489,0.));
#14011=CARTESIAN_POINT('',(0.0252533687629142,0.00990255008740489,0.));
#14012=CARTESIAN_POINT('',(0.0260725178254142,0.00990255008740489,0.));
#14013=CARTESIAN_POINT('',(0.0260725178254142,0.00313974871240489,0.));
#14014=CARTESIAN_POINT('',(0.0260725178254142,-0.00362305266259511,0.));
#14015=CARTESIAN_POINT('',(0.0253771935754142,-0.00362305266259511,0.));
#14016=CARTESIAN_POINT('',(0.0246818693254142,-0.00362305266259511,0.));
#14017=CARTESIAN_POINT('',(0.0246012045754142,-0.00288982153759511,0.));
#14018=CARTESIAN_POINT('',(0.0245205398254142,-0.00215659041259512,0.));
#14019=CARTESIAN_POINT('',(0.0241346288254142,-0.00252250116259511,0.));
#14020=CARTESIAN_POINT('',(0.0237487178254142,-0.00288841697509511,0.));
#14021=CARTESIAN_POINT('',(0.0233770956077484,-0.00313190644094494,0.));
#14022=CARTESIAN_POINT('',(0.0230054719504142,-0.00337540191259511,0.));
#14023=CARTESIAN_POINT('',(0.0225745215754142,-0.00353250141259511,0.));
#14024=CARTESIAN_POINT('',(0.0221435712004142,-0.00368960091259511,0.));
#14025=CARTESIAN_POINT('',(0.0216696475129142,-0.00374193253759511,0.));
#14026=CARTESIAN_POINT('',(0.0211957238254142,-0.00379426416259512,0.));
#14027=CARTESIAN_POINT('',(0.0206765931379142,-0.00372524485009511,0.));
#14028=CARTESIAN_POINT('',(0.0201574624504142,-0.00365622553759511,0.));
#14029=CARTESIAN_POINT('',(0.0196859940754142,-0.00344910910009511,0.));
#14030=CARTESIAN_POINT('',(0.0192145257004142,-0.00324199266259511,0.));
#14031=CARTESIAN_POINT('',(0.0188168764504142,-0.00290861072509511,0.));
#14032=CARTESIAN_POINT('',(0.0184192272004142,-0.00257522878759511,0.));
#14033=CARTESIAN_POINT('',(0.0181025025754142,-0.00212754685009511,0.));
#14034=CARTESIAN_POINT('',(0.0177857779504142,-0.00167986491259511,0.));
#14035=CARTESIAN_POINT('',(0.0175857906379142,-0.00112979897509511,0.));
#14036=CARTESIAN_POINT('',(0.0173858033254141,-0.00057973303759511,0.));
#14037=CARTESIAN_POINT('',(0.0173190908254142,6.08245249048876E-5,0.));
#14038=CARTESIAN_POINT('',(0.0172523783254142,0.000701382087404891,0.));
#14039=CARTESIAN_POINT('',(0.0173238158254142,0.00134669614990489,0.));
#14040=CARTESIAN_POINT('',(0.0173952533254142,0.00199201021240488,0.));
#14041=CARTESIAN_POINT('',(0.0176095658254141,0.00255635464990489,0.));
#14042=CARTESIAN_POINT('',(0.0178238783254142,0.00312069908740489,0.));
#14043=CARTESIAN_POINT('',(0.0181715775754142,0.00358741602490488,0.));
#14044=CARTESIAN_POINT('',(0.0185192768254142,0.00405413296240489,0.));
#14045=CARTESIAN_POINT('',(0.0189716764504142,0.00440654989990489,0.));
#14046=CARTESIAN_POINT('',(0.0194240760754142,0.00475896683740489,0.));
#14047=CARTESIAN_POINT('',(0.0199694187004142,0.00498755727490489,0.));
#14048=CARTESIAN_POINT('',(0.0205147613254142,0.00521614771240489,0.));
#14049=CARTESIAN_POINT('',(0.0211219423879142,0.00529234227490489,0.));
#14050=CARTESIAN_POINT('',(0.0217291234504142,0.00536853683740489,0.));
#14051=CARTESIAN_POINT('',(0.0225577973254142,0.00519717627490489,0.));
#14052=CARTESIAN_POINT('',(0.0233864712004142,0.00502581571240489,0.));
#14053=CARTESIAN_POINT('',(0.0239103454504142,0.00469763521240489,0.));
#14054=CARTESIAN_POINT('',(0.00614343307541418,0.00710805233740489,0.));
#14055=CARTESIAN_POINT('',(0.00662665882541419,0.00693643921240489,0.));
#14056=CARTESIAN_POINT('',(0.00566020732541418,0.00727966546240489,0.));
#14057=CARTESIAN_POINT('',(0.00705282795041419,0.00663396833740489,0.));
#14058=CARTESIAN_POINT('',(0.00747899707541418,0.00633149746240489,0.));
#14059=CARTESIAN_POINT('',(0.00782345913791418,0.00590829777490489,0.));
#14060=CARTESIAN_POINT('',(0.00816792120041418,0.00548509808740489,0.));
#14061=CARTESIAN_POINT('',(0.00840844563791418,0.00495149427490489,0.));
#14062=CARTESIAN_POINT('',(0.00864897007541418,0.00441789046240489,0.));
#14063=CARTESIAN_POINT('',(0.00876325151291418,0.0037841177749049,0.));
#14064=CARTESIAN_POINT('',(0.00887753295041419,0.00315034508740489,0.));
#14065=CARTESIAN_POINT('',(0.00885193470041418,0.00250127521240489,0.));
#14066=CARTESIAN_POINT('',(0.00882633645041418,0.00185220533740489,0.));
#14067=CARTESIAN_POINT('',(0.00864759420041418,0.00127286464990489,0.));
#14068=CARTESIAN_POINT('',(0.00846885195041418,0.000693523962404887,0.));
#14069=CARTESIAN_POINT('',(0.00816656332541418,0.00020055008740489,0.));
#14070=CARTESIAN_POINT('',(0.00786427470041417,-0.00029242378759511,0.));
#14071=CARTESIAN_POINT('',(0.00744936120041418,-0.000683978912595111,0.));
#14072=CARTESIAN_POINT('',(0.00703444770041418,-0.00107553403759511,0.));
#14073=CARTESIAN_POINT('',(0.00653328832541417,-0.00133502316259511,0.));
#14074=CARTESIAN_POINT('',(0.00603212895041418,-0.00159451228759511,0.));
#14075=CARTESIAN_POINT('',(0.00545339295041418,-0.00171175135009511,0.));
#14076=CARTESIAN_POINT('',(0.00487465695041418,-0.00182899041259511,0.));
#14077=CARTESIAN_POINT('',(0.00407366482541418,-0.00171693816259511,0.));
#14078=CARTESIAN_POINT('',(0.00327267270041419,-0.00160488591259511,0.));
#14079=CARTESIAN_POINT('',(0.00262333620041418,-0.00122699672509511,0.));
#14080=CARTESIAN_POINT('',(0.00197399970041419,-0.00084910753759511,0.));
#14081=CARTESIAN_POINT('',(0.00217685238791418,-0.00356231560009511,0.));
#14082=CARTESIAN_POINT('',(0.00237970507541418,-0.00627552366259511,0.));
#14083=CARTESIAN_POINT('',(0.00156278857541418,-0.00633655772509511,0.));
#14084=CARTESIAN_POINT('',(0.000745872075414176,-0.00639759178759511,0.));
#14085=CARTESIAN_POINT('',(0.000252656325414178,0.000203879524904886,0.));
#14086=CARTESIAN_POINT('',(-0.000240559424585833,0.00680535083740489,0.));
#14087=CARTESIAN_POINT('',(0.000452829825414169,0.00685723246240489,0.));
#14088=CARTESIAN_POINT('',(0.00114621907541417,0.00690911408740489,0.));
#14089=CARTESIAN_POINT('',(0.00127763426291418,0.00615073133740489,0.));
#14090=CARTESIAN_POINT('',(0.00140904945041419,0.00539234858740489,0.));
#14091=CARTESIAN_POINT('',(0.00177233838791418,0.00580308608740489,0.));
#14092=CARTESIAN_POINT('',(0.00213562732541419,0.00621382358740489,0.));
#14093=CARTESIAN_POINT('',(0.00248686132541418,0.00649098364990489,0.));
#14094=CARTESIAN_POINT('',(0.00283809532541418,0.00676814371240489,0.));
#14095=CARTESIAN_POINT('',(0.00326266413791417,0.00696456308740489,0.));
#14096=CARTESIAN_POINT('',(0.00368723295041418,0.00716098246240489,0.));
#14097=CARTESIAN_POINT('',(0.00415801282541418,0.00725102746240489,0.));
#14098=CARTESIAN_POINT('',(0.00462879270041417,0.00734107246240489,0.));
#14099=CARTESIAN_POINT('',(0.00514450001291418,0.00731036896240489,0.));
#14100=CARTESIAN_POINT('',(-0.0238220168620858,0.000359287587404889,0.));
#14101=CARTESIAN_POINT('',(-0.0237601064245859,0.000942929712404887,0.));
#14102=CARTESIAN_POINT('',(-0.0238839272995858,-0.000224354537595108,0.));
#14103=CARTESIAN_POINT('',(-0.0230017090495858,0.00393446052490489,0.));
#14104=CARTESIAN_POINT('',(-0.0222433116745859,0.00692599133740489,0.));
#14105=CARTESIAN_POINT('',(-0.0214491803620858,0.00672468664990489,0.));
#14106=CARTESIAN_POINT('',(-0.0206550490495858,0.00652338196240489,0.));
#14107=CARTESIAN_POINT('',(-0.0213784127995858,0.0036703650874049,0.));
#14108=CARTESIAN_POINT('',(-0.0221017765495858,0.00081734821240489,0.));
#14109=CARTESIAN_POINT('',(-0.0221467984870858,0.00046525471240489,0.));
#14110=CARTESIAN_POINT('',(-0.0221918204245858,0.00011316121240489,0.));
#14111=CARTESIAN_POINT('',(-0.0221303678620858,-0.000167695600095108,0.));
#14112=CARTESIAN_POINT('',(-0.0220689152995858,-0.000448552412595112,0.));
#14113=CARTESIAN_POINT('',(-0.0218772636745858,-0.000651938912595111,0.));
#14114=CARTESIAN_POINT('',(-0.0216856120495858,-0.000855325412595109,0.));
#14115=CARTESIAN_POINT('',(-0.0213631971745858,-0.000988691912595111,0.));
#14116=CARTESIAN_POINT('',(-0.0210407822995858,-0.00112205841259511,0.));
#14117=CARTESIAN_POINT('',(-0.0205719143620858,-0.00113281847509511,0.));
#14118=CARTESIAN_POINT('',(-0.0201030464245858,-0.00114357853759511,0.));
#14119=CARTESIAN_POINT('',(-0.0194808567370858,-0.000937779475095108,0.));
#14120=CARTESIAN_POINT('',(-0.0188586670495858,-0.000731980412595109,0.));
#14121=CARTESIAN_POINT('',(-0.0180698935495858,-0.000333448600095109,0.));
#14122=CARTESIAN_POINT('',(-0.0172811200495858,6.50832124048911E-5,0.));
#14123=CARTESIAN_POINT('',(-0.0166137312370858,0.00269732839990489,0.));
#14124=CARTESIAN_POINT('',(-0.0159463424245858,0.00532957358740489,0.));
#14125=CARTESIAN_POINT('',(-0.0151523449870858,0.00512828352490489,0.));
#14126=CARTESIAN_POINT('',(-0.0143583475495858,0.00492699346240489,0.));
#14127=CARTESIAN_POINT('',(-0.0154466517370858,0.000633649774904893,0.));
#14128=CARTESIAN_POINT('',(-0.0165349559245858,-0.00365969391259511,0.));
#14129=CARTESIAN_POINT('',(-0.0172552686745858,-0.00347699278759511,0.));
#14130=CARTESIAN_POINT('',(-0.0179755814245859,-0.00329429166259511,0.));
#14131=CARTESIAN_POINT('',(-0.0177776252995858,-0.00233010985009511,0.));
#14132=CARTESIAN_POINT('',(-0.0175796691745858,-0.00136592803759511,0.));
#14133=CARTESIAN_POINT('',(-0.0183137777995858,-0.00173232760009511,0.));
#14134=CARTESIAN_POINT('',(-0.0190478864245858,-0.00209872716259511,0.));
#14135=CARTESIAN_POINT('',(-0.0197926066120858,-0.00232269778759511,0.));
#14136=CARTESIAN_POINT('',(-0.0205373267995858,-0.00254666841259511,0.));
#14137=CARTESIAN_POINT('',(-0.0211932411745858,-0.00249826978759512,0.));
#14138=CARTESIAN_POINT('',(-0.0218491555495858,-0.00244987116259511,0.));
#14139=CARTESIAN_POINT('',(-0.0223981409245858,-0.00221243091259511,0.));
#14140=CARTESIAN_POINT('',(-0.0229471262995858,-0.00197499066259511,0.));
#14141=CARTESIAN_POINT('',(-0.0232831165495858,-0.00159503316259511,0.));
#14142=CARTESIAN_POINT('',(-0.0236191067995858,-0.00121507566259511,0.));
#14143=CARTESIAN_POINT('',(-0.0237515170495858,-0.000719715100095111,0.));
#14144=CARTESIAN_POINT('',(-0.0332324691745858,-0.00336682997509511,0.));
#14145=CARTESIAN_POINT('',(-0.0332324691745858,-0.00608743491259511,0.));
#14146=CARTESIAN_POINT('',(-0.0332324691745858,-0.000646225037595108,0.));
#14147=CARTESIAN_POINT('',(-0.0340516030495858,-0.00608743491259511,0.));
#14148=CARTESIAN_POINT('',(-0.0348707369245858,-0.00608743491259511,0.));
#14149=CARTESIAN_POINT('',(-0.0348707369245858,0.000532357587404892,0.));
#14150=CARTESIAN_POINT('',(-0.0348707369245858,0.00715215008740489,0.));
#14151=CARTESIAN_POINT('',(-0.0341754278620858,0.00715215008740489,0.));
#14152=CARTESIAN_POINT('',(-0.0334801187995859,0.00715215008740489,0.));
#14153=CARTESIAN_POINT('',(-0.0334055560495859,0.00638605827490489,0.));
#14154=CARTESIAN_POINT('',(-0.0333309932995858,0.00561996646240489,0.));
#14155=CARTESIAN_POINT('',(-0.0329381674870858,0.00600251933740489,0.));
#14156=CARTESIAN_POINT('',(-0.0325453416745858,0.00638507221240489,0.));
#14157=CARTESIAN_POINT('',(-0.0321745607995858,0.00663532058740489,0.));
#14158=CARTESIAN_POINT('',(-0.0318037799245858,0.00688556896240489,0.));
#14159=CARTESIAN_POINT('',(-0.0313655912995858,0.00704985664990489,0.));
#14160=CARTESIAN_POINT('',(-0.0309274026745859,0.00721414433740489,0.));
#14161=CARTESIAN_POINT('',(-0.0304511181745858,0.00726888683740489,0.));
#14162=CARTESIAN_POINT('',(-0.0299748336745858,0.00732362933740489,0.));
#14163=CARTESIAN_POINT('',(-0.0294628804870858,0.00725461058740489,0.));
#14164=CARTESIAN_POINT('',(-0.0289509272995859,0.00718559183740489,0.));
#14165=CARTESIAN_POINT('',(-0.0284818366120858,0.00697847539990489,0.));
#14166=CARTESIAN_POINT('',(-0.0280127459245858,0.00677135896240489,0.));
#14167=CARTESIAN_POINT('',(-0.0276103277995858,0.00643797139990489,0.));
#14168=CARTESIAN_POINT('',(-0.0272079096745858,0.00610458383740489,0.));
#14169=CARTESIAN_POINT('',(-0.0268959831745859,0.00565690752490489,0.));
#14170=CARTESIAN_POINT('',(-0.0265840566745859,0.00520923121240489,0.));
#14171=CARTESIAN_POINT('',(-0.0263840299870858,0.00465915964990489,0.));
#14172=CARTESIAN_POINT('',(-0.0261840032995859,0.00410908808740489,0.));
#14173=CARTESIAN_POINT('',(-0.0261173301745858,0.00346853614990489,0.));
#14174=CARTESIAN_POINT('',(-0.0260506570495859,0.00282798421240489,0.));
#14175=CARTESIAN_POINT('',(-0.0261244294870858,0.00218260096240489,0.));
#14176=CARTESIAN_POINT('',(-0.0261982019245858,0.00153721771240488,0.));
#14177=CARTESIAN_POINT('',(-0.0264196148620858,0.00097279339990489,0.));
#14178=CARTESIAN_POINT('',(-0.0266410277995858,0.00040836908740489,0.));
#14179=CARTESIAN_POINT('',(-0.0269791741120858,-6.06844750951105E-5,0.));
#14180=CARTESIAN_POINT('',(-0.0273173204245858,-0.000529738037595112,0.));
#14181=CARTESIAN_POINT('',(-0.0277602233620858,-0.00088926891259511,0.));
#14182=CARTESIAN_POINT('',(-0.0282031262995858,-0.00124879978759511,0.));
#14183=CARTESIAN_POINT('',(-0.0287222997370858,-0.00147028191259511,0.));
#14184=CARTESIAN_POINT('',(-0.0292414731745858,-0.00169176403759511,0.));
#14185=CARTESIAN_POINT('',(-0.0298273174870858,-0.00176561635009511,0.));
#14186=CARTESIAN_POINT('',(-0.0304131617995858,-0.00183946866259511,0.));
#14187=CARTESIAN_POINT('',(-0.0312036610495858,-0.00166795903759511,0.));
#14188=CARTESIAN_POINT('',(-0.0319941602995859,-0.00149644941259511,0.));
#14189=CARTESIAN_POINT('',(-0.0326133147370858,-0.00107133722509511,0.));
#14190=CARTESIAN_POINT('',(-0.00868010017458581,0.00550978902490489,0.));
#14191=CARTESIAN_POINT('',(-0.00849396104958583,0.00398342446240489,0.));
#14192=CARTESIAN_POINT('',(-0.00886623929958583,0.00703615358740489,0.));
#14193=CARTESIAN_POINT('',(-0.00801920036208583,0.00475649633740489,0.));
#14194=CARTESIAN_POINT('',(-0.00754443967458583,0.00552956821240489,0.));
#14195=CARTESIAN_POINT('',(-0.00709483004958583,0.00605772871240489,0.));
#14196=CARTESIAN_POINT('',(-0.00664522042458581,0.00658588921240489,0.));
#14197=CARTESIAN_POINT('',(-0.00623802723708582,0.00684255796240489,0.));
#14198=CARTESIAN_POINT('',(-0.00583083404958582,0.00709922671240489,0.));
#14199=CARTESIAN_POINT('',(-0.00537363461208581,0.00722654914990489,0.));
#14200=CARTESIAN_POINT('',(-0.00491643517458583,0.00735387158740489,0.));
#14201=CARTESIAN_POINT('',(-0.00398239098708582,0.00749528802490489,0.));
#14202=CARTESIAN_POINT('',(-0.00304834679958583,0.00763670446240489,0.));
#14203=CARTESIAN_POINT('',(-0.00291886661208583,0.00683559308740489,0.));
#14204=CARTESIAN_POINT('',(-0.00278938642458582,0.00603448171240489,0.));
#14205=CARTESIAN_POINT('',(-0.00368369392458582,0.00587736421240489,0.));
#14206=CARTESIAN_POINT('',(-0.00457800142458582,0.00572024671240489,0.));
#14207=CARTESIAN_POINT('',(-0.00510247079958582,0.00559642189990489,0.));
#14208=CARTESIAN_POINT('',(-0.00562694017458583,0.00547259708740489,0.));
#14209=CARTESIAN_POINT('',(-0.00602550123708582,0.00522639083740489,0.));
#14210=CARTESIAN_POINT('',(-0.00642406229958581,0.00498018458740489,0.));
#14211=CARTESIAN_POINT('',(-0.00686429561208582,0.00445273846240489,0.));
#14212=CARTESIAN_POINT('',(-0.00730452892458582,0.00392529233740489,0.));
#14213=CARTESIAN_POINT('',(-0.00779625629958582,0.00322664933740489,0.));
#14214=CARTESIAN_POINT('',(-0.00828798367458582,0.00252800633740489,0.));
#14215=CARTESIAN_POINT('',(-0.00815597336208583,0.00106167908740489,0.));
#14216=CARTESIAN_POINT('',(-0.00802396304958583,-0.000404648162595109,0.));
#14217=CARTESIAN_POINT('',(-0.00661039548708582,-0.00027747478759511,0.));
#14218=CARTESIAN_POINT('',(-0.00519682792458581,-0.000150301412595112,0.));
#14219=CARTESIAN_POINT('',(-0.00513536186208582,-0.000833257975095112,0.));
#14220=CARTESIAN_POINT('',(-0.00507389579958582,-0.00151621453759511,0.));
#14221=CARTESIAN_POINT('',(-0.00648746336208584,-0.00164338791259511,0.));
#14222=CARTESIAN_POINT('',(-0.00790103092458582,-0.00177056128759511,0.));
#14223=CARTESIAN_POINT('',(-0.00790088242458583,-0.00177070978759511,0.));
#14224=CARTESIAN_POINT('',(-0.00790073392458583,-0.00177085828759511,0.));
#14225=CARTESIAN_POINT('',(-0.00870715811208582,-0.00184353103759511,0.));
#14226=CARTESIAN_POINT('',(-0.00951358229958582,-0.00191620378759511,0.));
#14227=CARTESIAN_POINT('',(-0.00951373079958582,-0.00191605528759511,0.));
#14228=CARTESIAN_POINT('',(-0.00951387929958582,-0.00191590678759511,0.));
#14229=CARTESIAN_POINT('',(-0.0106710762370858,-0.00202026460009511,0.));
#14230=CARTESIAN_POINT('',(-0.0118282731745858,-0.00212462241259511,0.));
#14231=CARTESIAN_POINT('',(-0.0118897538620858,-0.00144166585009511,0.));
#14232=CARTESIAN_POINT('',(-0.0119512345495858,-0.00075870928759511,0.));
#14233=CARTESIAN_POINT('',(-0.0107940376120858,-0.000654351475095109,0.));
#14234=CARTESIAN_POINT('',(-0.00963684067458583,-0.000549993662595107,0.));
#14235=CARTESIAN_POINT('',(-0.00991110104958583,0.00249516027490489,0.));
#14236=CARTESIAN_POINT('',(-0.0101853614245858,0.00554031421240489,0.));
#14237=CARTESIAN_POINT('',(-0.0111528917995858,0.00545311546240489,0.));
#14238=CARTESIAN_POINT('',(-0.0121204221745858,0.00536591671240489,0.));
#14239=CARTESIAN_POINT('',(-0.0121818882370858,0.00604900714990489,0.));
#14240=CARTESIAN_POINT('',(-0.0122433542995858,0.00673209758740489,0.));
#14241=CARTESIAN_POINT('',(0.00442581963082735,0.0082328940804428,0.));
#14242=CARTESIAN_POINT('',(0.0108757464094229,0.00972203652490489,0.));
#14243=CARTESIAN_POINT('',(0.0142201579504142,0.00937379446240489,0.));
#14244=CARTESIAN_POINT('',(0.0136913725129142,0.00429577002490489,0.));
#14245=CARTESIAN_POINT('',(0.0131625870754142,-0.00078225441259511,0.));
#14246=CARTESIAN_POINT('',(0.0131669031379142,-0.00122317172509511,0.));
#14247=CARTESIAN_POINT('',(0.0131712192004142,-0.00166408903759511,0.));
#14248=CARTESIAN_POINT('',(0.0132907279504142,-0.00196382897509511,0.));
#14249=CARTESIAN_POINT('',(0.0134102367004142,-0.00226356891259511,0.));
#14250=CARTESIAN_POINT('',(0.0136658856379142,-0.00245295591259511,0.));
#14251=CARTESIAN_POINT('',(0.0139215345754142,-0.00264234291259511,0.));
#14252=CARTESIAN_POINT('',(0.0143149240129142,-0.00275031366259511,0.));
#14253=CARTESIAN_POINT('',(0.0147083134504142,-0.00285828441259511,0.));
#14254=CARTESIAN_POINT('',(0.0157340355754142,-0.00303224935009511,0.));
#14255=CARTESIAN_POINT('',(0.0167597577004142,-0.00320621428759511,0.));
#14256=CARTESIAN_POINT('',(0.0166393562629142,-0.00390225291259511,0.));
#14257=CARTESIAN_POINT('',(0.0165189548254142,-0.00459829153759511,0.));
#14258=CARTESIAN_POINT('',(0.0153985780129142,-0.00441457847509511,0.));
#14259=CARTESIAN_POINT('',(0.0142782012004142,-0.00423086541259511,0.));
#14260=CARTESIAN_POINT('',(0.0133885078879142,-0.00394673822509511,0.));
#14261=CARTESIAN_POINT('',(0.0124988145754142,-0.00366261103759511,0.));
#14262=CARTESIAN_POINT('',(0.0122326727629142,-0.00343614853759511,0.));
#14263=CARTESIAN_POINT('',(0.0119665309504142,-0.00320968603759511,0.));
#14264=CARTESIAN_POINT('',(0.0117997322629142,-0.00290260041259511,0.));
#14265=CARTESIAN_POINT('',(0.0116329335754142,-0.00259551478759511,0.));
#14266=CARTESIAN_POINT('',(0.0115668724504142,-0.00219599128759511,0.));
#14267=CARTESIAN_POINT('',(0.0115008113254142,-0.00179646778759511,0.));
#14268=CARTESIAN_POINT('',(0.0115174613254142,-0.00129067060009511,0.));
#14269=CARTESIAN_POINT('',(0.0115341113254142,-0.000784873412595115,0.));
#14270=CARTESIAN_POINT('',(0.0120006870754142,0.00369624627490489,0.));
#14271=CARTESIAN_POINT('',(0.0124672628254142,0.00817736596240489,0.));
#14272=CARTESIAN_POINT('',(0.0107337148879142,0.00835787952490489,0.));
#14273=CARTESIAN_POINT('',(0.00900016695041417,0.00853839308740489,0.));
#14274=CARTESIAN_POINT('',(0.00907115782541418,0.00922047158740489,0.));
#14275=CARTESIAN_POINT('',(0.0325508719504142,0.00476967346240489,0.));
#14276=CARTESIAN_POINT('',(0.0324947873254142,0.00504767446240489,0.));
#14277=CARTESIAN_POINT('',(0.0326069565754142,0.00449167246240489,0.));
#14278=CARTESIAN_POINT('',(0.0325508719504142,0.00421385933740488,0.));
#14279=CARTESIAN_POINT('',(0.0324947873254142,0.00393604621240489,0.));
#14280=CARTESIAN_POINT('',(0.0323418435754142,0.0037092040249049,0.));
#14281=CARTESIAN_POINT('',(0.0321888998254142,0.00348236183740489,0.));
#14282=CARTESIAN_POINT('',(0.0319620627004142,0.00332943214990489,0.));
#14283=CARTESIAN_POINT('',(0.0317352255754142,0.0031765024624049,0.));
#14284=CARTESIAN_POINT('',(0.0314574613879142,0.00312042739990489,0.));
#14285=CARTESIAN_POINT('',(0.0311796972004142,0.00306435233740489,0.));
#14286=CARTESIAN_POINT('',(0.0309018700129142,0.00312042739990489,0.));
#14287=CARTESIAN_POINT('',(0.0306240428254142,0.0031765024624049,0.));
#14288=CARTESIAN_POINT('',(0.0303972130129142,0.00332943214990489,0.));
#14289=CARTESIAN_POINT('',(0.0301703832004142,0.00348236183740489,0.));
#14290=CARTESIAN_POINT('',(0.0300174743254142,0.0037092040249049,0.));
#14291=CARTESIAN_POINT('',(0.0298645654504142,0.00393604621240489,0.));
#14292=CARTESIAN_POINT('',(0.0298085010754142,0.00421385933740488,0.));
#14293=CARTESIAN_POINT('',(0.0297524367004142,0.00449167246240489,0.));
#14294=CARTESIAN_POINT('',(0.0298085010754142,0.00476967346240489,0.));
#14295=CARTESIAN_POINT('',(0.0298645654504142,0.00504767446240489,0.));
#14296=CARTESIAN_POINT('',(0.0300174743254142,0.00527493121240489,0.));
#14297=CARTESIAN_POINT('',(0.0301703832004142,0.00550218796240489,0.));
#14298=CARTESIAN_POINT('',(0.0303972130129142,0.00565553221240489,0.));
#14299=CARTESIAN_POINT('',(0.0306240428254142,0.00580887646240489,0.));
#14300=CARTESIAN_POINT('',(0.0309018700129142,0.00586513939990489,0.));
#14301=CARTESIAN_POINT('',(0.0311796972004142,0.00592140233740489,0.));
#14302=CARTESIAN_POINT('',(0.0314574613879142,0.00586513939990489,0.));
#14303=CARTESIAN_POINT('',(0.0317352255754142,0.00580887646240489,0.));
#14304=CARTESIAN_POINT('',(0.0319620627004142,0.00565553221240489,0.));
#14305=CARTESIAN_POINT('',(0.0321888998254142,0.00550218796240489,0.));
#14306=CARTESIAN_POINT('',(0.0323418435754142,0.00527493121240489,0.));
#14307=CARTESIAN_POINT('',(0.0388587722629142,3.85315249048904E-5,0.));
#14308=CARTESIAN_POINT('',(0.0389407763254142,5.05864624048902E-5,0.));
#14309=CARTESIAN_POINT('',(0.0387767682004142,2.64765874048907E-5,0.));
#14310=CARTESIAN_POINT('',(0.0386332980754142,7.95192124048897E-5,0.));
#14311=CARTESIAN_POINT('',(0.0384898279504142,0.000132561837404889,0.));
#14312=CARTESIAN_POINT('',(0.0381619596379142,0.000300127212404891,0.));
#14313=CARTESIAN_POINT('',(0.0378340913254142,0.00046769258740489,0.));
#14314=CARTESIAN_POINT('',(0.0376121890129142,0.000723259399904889,0.));
#14315=CARTESIAN_POINT('',(0.0373902867004142,0.00097882621240489,0.));
#14316=CARTESIAN_POINT('',(0.0372359524504142,0.00134288914990489,0.));
#14317=CARTESIAN_POINT('',(0.0370816182004142,0.0017069520874049,0.));
#14318=CARTESIAN_POINT('',(0.0370379743879142,0.00178998158740489,0.));
#14319=CARTESIAN_POINT('',(0.0369943305754142,0.00187301108740489,0.));
#14320=CARTESIAN_POINT('',(0.0369017965129142,0.00180685883740489,0.));
#14321=CARTESIAN_POINT('',(0.0368092624504142,0.00174070658740489,0.));
#14322=CARTESIAN_POINT('',(0.0364513313254142,0.00148634464990489,0.));
#14323=CARTESIAN_POINT('',(0.0360934002004142,0.00123198271240489,0.));
#14324=CARTESIAN_POINT('',(0.0357505007629142,0.00112951489990489,0.));
#14325=CARTESIAN_POINT('',(0.0354076013254142,0.00102704708740489,0.));
#14326=CARTESIAN_POINT('',(0.0350151417004142,0.00106562333740489,0.));
#14327=CARTESIAN_POINT('',(0.0346226820754142,0.00110419958740489,0.));
#14328=CARTESIAN_POINT('',(0.0345418688254142,0.00113554264990489,0.));
#14329=CARTESIAN_POINT('',(0.0344610555754142,0.00116688571240489,0.));
#14330=CARTESIAN_POINT('',(0.0344634366379142,0.00134891689990489,0.));
#14331=CARTESIAN_POINT('',(0.0344658177004142,0.00153094808740489,0.));
#14332=CARTESIAN_POINT('',(0.0346586989504142,0.00159122389990489,0.));
#14333=CARTESIAN_POINT('',(0.0348515802004142,0.00165149971240489,0.));
#14334=CARTESIAN_POINT('',(0.0352614520129142,0.00165752689990489,0.));
#14335=CARTESIAN_POINT('',(0.0356713238254142,0.00166355408740489,0.));
#14336=CARTESIAN_POINT('',(0.0360334039504142,0.00190345021240489,0.));
#14337=CARTESIAN_POINT('',(0.0363954840754142,0.00214334633740489,0.));
#14338=CARTESIAN_POINT('',(0.0367458433879142,0.00268702958740488,0.));
#14339=CARTESIAN_POINT('',(0.0370962027004142,0.00323071283740488,0.));
#14340=CARTESIAN_POINT('',(0.0371637522004142,0.00332896133740489,0.));
#14341=CARTESIAN_POINT('',(0.0372313017004142,0.00342720983740489,0.));
#14342=CARTESIAN_POINT('',(0.0373277608879142,0.00342419596240489,0.));
#14343=CARTESIAN_POINT('',(0.0374242200754142,0.00342118208740489,0.));
#14344=CARTESIAN_POINT('',(0.0375242320129142,0.00337537321240489,0.));
#14345=CARTESIAN_POINT('',(0.0376242439504142,0.00332956433740489,0.));
#14346=CARTESIAN_POINT('',(0.0376374897004142,0.00320057521240489,0.));
#14347=CARTESIAN_POINT('',(0.0376507354504142,0.00307158608740489,0.));
#14348=CARTESIAN_POINT('',(0.0376362994504142,0.00256888996240488,0.));
#14349=CARTESIAN_POINT('',(0.0376218634504142,0.00206619383740489,0.));
#14350=CARTESIAN_POINT('',(0.0377360886379142,0.00173467939990489,0.));
#14351=CARTESIAN_POINT('',(0.0378503138254142,0.00140316496240489,0.));
#14352=CARTESIAN_POINT('',(0.0380783929504142,0.00114036439990489,0.));
#14353=CARTESIAN_POINT('',(0.0383064720754142,0.000877563837404889,0.));
#14354=CARTESIAN_POINT('',(0.0386344888879142,0.000702765837404887,0.));
#14355=CARTESIAN_POINT('',(0.0389625057004142,0.000527967837404892,0.));
#14356=CARTESIAN_POINT('',(0.0390022423879142,0.000447198462404889,0.));
#14357=CARTESIAN_POINT('',(0.0390419790754141,0.00036642908740489,0.));
#14358=CARTESIAN_POINT('',(0.0389913777004142,0.000208507774904891,0.));
#14359=CARTESIAN_POINT('',(0.0448324722004142,0.00159487846240488,0.));
#14360=CARTESIAN_POINT('',(0.0447764078254142,0.00187338796240488,0.));
#14361=CARTESIAN_POINT('',(0.0448885365754142,0.00131636896240489,0.));
#14362=CARTESIAN_POINT('',(0.0448324722004142,0.00103855583740489,0.));
#14363=CARTESIAN_POINT('',(0.0447764078254142,0.00076074271240489,0.));
#14364=CARTESIAN_POINT('',(0.0446234989504142,0.000533900524904888,0.));
#14365=CARTESIAN_POINT('',(0.0444705900754142,0.00030705833740489,0.));
#14366=CARTESIAN_POINT('',(0.0442437597004142,0.000154128649904891,0.));
#14367=CARTESIAN_POINT('',(0.0440169293254142,1.19896240489072E-6,0.));
#14368=CARTESIAN_POINT('',(0.0437391027004142,-5.48761000951078E-5,0.));
#14369=CARTESIAN_POINT('',(0.0434612760754142,-0.000110951162595109,0.));
#14370=CARTESIAN_POINT('',(0.0431834494504142,-5.48761000951078E-5,0.));
#14371=CARTESIAN_POINT('',(0.0429056228254142,1.19896240489072E-6,0.));
#14372=CARTESIAN_POINT('',(0.0426787924504142,0.000154128649904891,0.));
#14373=CARTESIAN_POINT('',(0.0424519620754142,0.00030705833740489,0.));
#14374=CARTESIAN_POINT('',(0.0422990532004142,0.000533900524904888,0.));
#14375=CARTESIAN_POINT('',(0.0421461443254142,0.00076074271240489,0.));
#14376=CARTESIAN_POINT('',(0.0420900805129142,0.00103855583740489,0.));
#14377=CARTESIAN_POINT('',(0.0420340167004142,0.00131636896240489,0.));
#14378=CARTESIAN_POINT('',(0.0420900805129142,0.00159487846240488,0.));
#14379=CARTESIAN_POINT('',(0.0421461443254142,0.00187338796240488,0.));
#14380=CARTESIAN_POINT('',(0.0422990532004142,0.0021005878999049,0.));
#14381=CARTESIAN_POINT('',(0.0424519620754142,0.00232778783740489,0.));
#14382=CARTESIAN_POINT('',(0.0426787924504142,0.00248084971240489,0.));
#14383=CARTESIAN_POINT('',(0.0429056228254142,0.00263391158740489,0.));
#14384=CARTESIAN_POINT('',(0.0431834494504142,0.00269000521240489,0.));
#14385=CARTESIAN_POINT('',(0.0434612760754142,0.00274609883740489,0.));
#14386=CARTESIAN_POINT('',(0.0437391027004142,0.00269000521240489,0.));
#14387=CARTESIAN_POINT('',(0.0440169293254142,0.00263391158740489,0.));
#14388=CARTESIAN_POINT('',(0.0442437597004142,0.00248084971240489,0.));
#14389=CARTESIAN_POINT('',(0.0444705900754142,0.00232778783740489,0.));
#14390=CARTESIAN_POINT('',(0.0446234989504142,0.0021005878999049,0.));
#14391=CARTESIAN_POINT('',(0.00500889982541417,0.00175668946240489,-0.0025));
#14392=CARTESIAN_POINT('',(-0.0376133834245858,0.0111396420848693,-0.0025));
#14393=CARTESIAN_POINT('',(-0.0351133834245858,0.0111396420848693,-0.0025));
#14394=CARTESIAN_POINT('',(-0.0376133834245858,0.0111396420848693,-0.0025));
#14395=CARTESIAN_POINT('',(0.0126092943469228,0.00954152296240489,-0.0025));
#14396=CARTESIAN_POINT('',(0.0126092445754142,0.00954152296240489,-0.0025));
#14397=CARTESIAN_POINT('',(0.0108756966379142,0.00972203652490489,-0.0025));
#14398=CARTESIAN_POINT('',(0.0215338797004142,0.00398042746240489,0.0015));
#14399=CARTESIAN_POINT('',(0.0210909863254142,0.00392566808740488,0.0015));
#14400=CARTESIAN_POINT('',(0.0210909863254142,0.00392566808740488,0.0015));
#14401=CARTESIAN_POINT('',(0.0210909863254142,0.00392566808740488,0.));
#14402=CARTESIAN_POINT('',(0.0215338797004142,0.00398042746240489,0.));
#14403=CARTESIAN_POINT('',(0.0219767730754142,0.0040351868374049,0.));
#14404=CARTESIAN_POINT('',(0.0219767730754142,0.0040351868374049,0.0015));
#14405=CARTESIAN_POINT('',(0.0219767730754142,0.0040351868374049,0.0015));
#14406=CARTESIAN_POINT('',(0.0215338797004142,0.00398042746240489,0.0015));
#14407=CARTESIAN_POINT('',(0.0223958721379142,0.00396846758740489,0.0015));
#14408=CARTESIAN_POINT('',(0.0223958721379142,0.00396846758740489,0.));
#14409=CARTESIAN_POINT('',(0.0228149712004142,0.00390174833740488,0.));
#14410=CARTESIAN_POINT('',(0.0228149712004142,0.00390174833740488,0.0015));
#14411=CARTESIAN_POINT('',(0.0228149712004142,0.00390174833740488,0.0015));
#14412=CARTESIAN_POINT('',(0.0223958721379142,0.00396846758740489,0.0015));
#14413=CARTESIAN_POINT('',(0.0233293206379142,0.0036446481499049,0.0015));
#14414=CARTESIAN_POINT('',(0.0233293206379142,0.0036446481499049,0.));
#14415=CARTESIAN_POINT('',(0.0238436700754142,0.00338754796240488,0.));
#14416=CARTESIAN_POINT('',(0.0238436700754142,0.00338754796240488,0.0015));
#14417=CARTESIAN_POINT('',(0.0238436700754142,0.00338754796240488,0.0015));
#14418=CARTESIAN_POINT('',(0.0233293206379142,0.0036446481499049,0.0015));
#14419=CARTESIAN_POINT('',(0.0241389448879142,0.00315152127490489,0.0015));
#14420=CARTESIAN_POINT('',(0.0241389448879142,0.00315152127490489,0.));
#14421=CARTESIAN_POINT('',(0.0244342197004142,0.00291549458740488,0.));
#14422=CARTESIAN_POINT('',(0.0244342197004142,0.00291549458740488,0.0015));
#14423=CARTESIAN_POINT('',(0.0244342197004142,0.00291549458740488,0.0015));
#14424=CARTESIAN_POINT('',(0.0241389448879142,0.00315152127490489,0.0015));
#14425=CARTESIAN_POINT('',(0.0244342197004142,0.00099918646240489,0.0015));
#14426=CARTESIAN_POINT('',(0.0244342197004142,0.00099918646240489,0.));
#14427=CARTESIAN_POINT('',(0.0244342197004142,-0.000917121662595112,0.));
#14428=CARTESIAN_POINT('',(0.0244342197004142,-0.000917121662595112,0.0015));
#14429=CARTESIAN_POINT('',(0.0244342197004142,-0.000917121662595112,0.0015));
#14430=CARTESIAN_POINT('',(0.0244342197004142,0.00099918646240489,0.0015));
#14431=CARTESIAN_POINT('',(0.0240246454504142,-0.00128890885009511,0.0015));
#14432=CARTESIAN_POINT('',(0.0240246454504142,-0.00128890885009511,0.));
#14433=CARTESIAN_POINT('',(0.0236150712004142,-0.00166069603759511,0.));
#14434=CARTESIAN_POINT('',(0.0236150712004142,-0.00166069603759511,0.0015));
#14435=CARTESIAN_POINT('',(0.0236150712004142,-0.00166069603759511,0.0015));
#14436=CARTESIAN_POINT('',(0.0240246454504142,-0.00128890885009511,0.0015));
#14437=CARTESIAN_POINT('',(0.0231007217629142,-0.00196561491259511,0.0015));
#14438=CARTESIAN_POINT('',(0.0231007217629142,-0.00196561491259511,0.));
#14439=CARTESIAN_POINT('',(0.0225863723254142,-0.00227053378759511,0.));
#14440=CARTESIAN_POINT('',(0.0225863723254142,-0.00227053378759511,0.0015));
#14441=CARTESIAN_POINT('',(0.0225863723254142,-0.00227053378759511,0.0015));
#14442=CARTESIAN_POINT('',(0.0231007217629142,-0.00196561491259511,0.0015));
#14443=CARTESIAN_POINT('',(0.0221196475129142,-0.00235613953759511,0.0015));
#14444=CARTESIAN_POINT('',(0.0221196475129142,-0.00235613953759511,0.));
#14445=CARTESIAN_POINT('',(0.0216529227004142,-0.00244174528759511,0.));
#14446=CARTESIAN_POINT('',(0.0216529227004142,-0.00244174528759511,0.0015));
#14447=CARTESIAN_POINT('',(0.0216529227004142,-0.00244174528759511,0.0015));
#14448=CARTESIAN_POINT('',(0.0221196475129142,-0.00235613953759511,0.0015));
#14449=CARTESIAN_POINT('',(0.0213028980754142,-0.00239417072509511,0.0015));
#14450=CARTESIAN_POINT('',(0.0213028980754142,-0.00239417072509511,0.));
#14451=CARTESIAN_POINT('',(0.0209528734504142,-0.00234659616259511,0.));
#14452=CARTESIAN_POINT('',(0.0209528734504142,-0.00234659616259511,0.0015));
#14453=CARTESIAN_POINT('',(0.0209528734504142,-0.00234659616259511,0.0015));
#14454=CARTESIAN_POINT('',(0.0213028980754142,-0.00239417072509511,0.0015));
#14455=CARTESIAN_POINT('',(0.0206266240129142,-0.00220377516259511,0.0015));
#14456=CARTESIAN_POINT('',(0.0206266240129142,-0.00220377516259511,0.));
#14457=CARTESIAN_POINT('',(0.0203003745754142,-0.00206095416259511,0.));
#14458=CARTESIAN_POINT('',(0.0203003745754142,-0.00206095416259511,0.0015));
#14459=CARTESIAN_POINT('',(0.0203003745754142,-0.00206095416259511,0.0015));
#14460=CARTESIAN_POINT('',(0.0206266240129142,-0.00220377516259511,0.0015));
#14461=CARTESIAN_POINT('',(0.0200169876379142,-0.00182282766259511,0.0015));
#14462=CARTESIAN_POINT('',(0.0200169876379142,-0.00182282766259511,0.));
#14463=CARTESIAN_POINT('',(0.0197336007004142,-0.00158470116259511,0.));
#14464=CARTESIAN_POINT('',(0.0197336007004142,-0.00158470116259511,0.0015));
#14465=CARTESIAN_POINT('',(0.0197336007004142,-0.00158470116259511,0.0015));
#14466=CARTESIAN_POINT('',(0.0200169876379142,-0.00182282766259511,0.0015));
#14467=CARTESIAN_POINT('',(0.0195121635754142,-0.00127039303759511,0.0015));
#14468=CARTESIAN_POINT('',(0.0195121635754142,-0.00127039303759511,0.));
#14469=CARTESIAN_POINT('',(0.0192907264504142,-0.000956084912595109,0.));
#14470=CARTESIAN_POINT('',(0.0192907264504142,-0.000956084912595109,0.0015));
#14471=CARTESIAN_POINT('',(0.0192907264504142,-0.000956084912595109,0.0015));
#14472=CARTESIAN_POINT('',(0.0195121635754142,-0.00127039303759511,0.0015));
#14473=CARTESIAN_POINT('',(0.0191549766379142,-0.00056073685009511,0.0015));
#14474=CARTESIAN_POINT('',(0.0191549766379142,-0.00056073685009511,0.));
#14475=CARTESIAN_POINT('',(0.0190192268254141,-0.000165388787595108,0.));
#14476=CARTESIAN_POINT('',(0.0190192268254141,-0.000165388787595108,0.0015));
#14477=CARTESIAN_POINT('',(0.0190192268254141,-0.000165388787595108,0.0015));
#14478=CARTESIAN_POINT('',(0.0191549766379142,-0.00056073685009511,0.0015));
#14479=CARTESIAN_POINT('',(0.0189740018254142,0.000296630712404889,0.0015));
#14480=CARTESIAN_POINT('',(0.0189740018254142,0.000296630712404889,0.));
#14481=CARTESIAN_POINT('',(0.0189287768254142,0.000758650212404892,0.));
#14482=CARTESIAN_POINT('',(0.0189287768254142,0.000758650212404892,0.0015));
#14483=CARTESIAN_POINT('',(0.0189287768254142,0.000758650212404892,0.0015));
#14484=CARTESIAN_POINT('',(0.0189740018254142,0.000296630712404889,0.0015));
#14485=CARTESIAN_POINT('',(0.0189740018254142,0.00120154358740489,0.0015));
#14486=CARTESIAN_POINT('',(0.0189740018254142,0.00120154358740489,0.));
#14487=CARTESIAN_POINT('',(0.0190192268254141,0.0016444369624049,0.));
#14488=CARTESIAN_POINT('',(0.0190192268254141,0.0016444369624049,0.0015));
#14489=CARTESIAN_POINT('',(0.0190192268254141,0.0016444369624049,0.0015));
#14490=CARTESIAN_POINT('',(0.0189740018254142,0.00120154358740489,0.0015));
#14491=CARTESIAN_POINT('',(0.0191549766379142,0.0020397130249049,0.0015));
#14492=CARTESIAN_POINT('',(0.0191549766379142,0.0020397130249049,0.));
#14493=CARTESIAN_POINT('',(0.0192907264504142,0.00243498908740489,0.));
#14494=CARTESIAN_POINT('',(0.0192907264504142,0.00243498908740489,0.0015));
#14495=CARTESIAN_POINT('',(0.0192907264504142,0.00243498908740489,0.0015));
#14496=CARTESIAN_POINT('',(0.0191549766379142,0.0020397130249049,0.0015));
#14497=CARTESIAN_POINT('',(0.0195122007004142,0.0027660028999049,0.0015));
#14498=CARTESIAN_POINT('',(0.0195122007004142,0.0027660028999049,0.));
#14499=CARTESIAN_POINT('',(0.0197336749504142,0.00309701671240489,0.));
#14500=CARTESIAN_POINT('',(0.0197336749504142,0.00309701671240489,0.0015));
#14501=CARTESIAN_POINT('',(0.0197336749504142,0.00309701671240489,0.0015));
#14502=CARTESIAN_POINT('',(0.0195122007004142,0.0027660028999049,0.0015));
#14503=CARTESIAN_POINT('',(0.0200360749504142,0.00334707158740489,0.0015));
#14504=CARTESIAN_POINT('',(0.0200360749504142,0.00334707158740489,0.));
#14505=CARTESIAN_POINT('',(0.0203384749504142,0.00359712646240488,0.));
#14506=CARTESIAN_POINT('',(0.0203384749504142,0.00359712646240488,0.0015));
#14507=CARTESIAN_POINT('',(0.0203384749504142,0.00359712646240488,0.0015));
#14508=CARTESIAN_POINT('',(0.0200360749504142,0.00334707158740489,0.0015));
#14509=CARTESIAN_POINT('',(0.0216696475129142,-0.00374193253759511,0.0015));
#14510=CARTESIAN_POINT('',(0.0221435712004142,-0.00368960091259511,0.0015));
#14511=CARTESIAN_POINT('',(0.0221435712004142,-0.00368960091259511,0.0015));
#14512=CARTESIAN_POINT('',(0.0216696475129142,-0.00374193253759511,0.0015));
#14513=CARTESIAN_POINT('',(0.0211957238254142,-0.00379426416259512,0.0015));
#14514=CARTESIAN_POINT('',(0.0211957238254142,-0.00379426416259512,0.0015));
#14515=CARTESIAN_POINT('',(0.0225745215754142,-0.00353250141259511,0.0015));
#14516=CARTESIAN_POINT('',(0.0230054719504142,-0.00337540191259511,0.0015));
#14517=CARTESIAN_POINT('',(0.0230054719504142,-0.00337540191259511,0.001));
#14518=CARTESIAN_POINT('',(0.0230054719504142,-0.00337540191259511,0.0005));
#14519=CARTESIAN_POINT('',(0.0230054719504142,-0.00337540191259511,0.));
#14520=CARTESIAN_POINT('',(0.0230054719504142,-0.00337540191259511,0.0015));
#14521=CARTESIAN_POINT('',(0.0225745215754142,-0.00353250141259511,0.0015));
#14522=CARTESIAN_POINT('',(0.0233770956077484,-0.00313190644094494,0.0015));
#14523=CARTESIAN_POINT('',(0.0237487178254142,-0.00288841191259511,0.0015));
#14524=CARTESIAN_POINT('',(0.0237487178254142,-0.00288841191259511,0.001));
#14525=CARTESIAN_POINT('',(0.0237487178254142,-0.00288841191259511,0.0005));
#14526=CARTESIAN_POINT('',(0.0237487178254142,-0.00288841191259511,4.33680868994202E-19));
#14527=CARTESIAN_POINT('',(0.0237487178254142,-0.00288841191259511,0.0015));
#14528=CARTESIAN_POINT('',(0.0233770956077484,-0.00313190644094494,0.0015));
#14529=CARTESIAN_POINT('',(0.0241346288254142,-0.00252250116259511,0.0015));
#14530=CARTESIAN_POINT('',(0.0245205398254142,-0.00215659041259511,0.0015));
#14531=CARTESIAN_POINT('',(0.0245205398254142,-0.00215659041259511,0.0015));
#14532=CARTESIAN_POINT('',(0.0241346288254142,-0.00252250116259511,0.0015));
#14533=CARTESIAN_POINT('',(0.0246012045754142,-0.00288982153759511,0.0015));
#14534=CARTESIAN_POINT('',(0.0246818693254142,-0.00362305266259511,0.0015));
#14535=CARTESIAN_POINT('',(0.0246818693254142,-0.00362305266259511,0.0015));
#14536=CARTESIAN_POINT('',(0.0246012045754142,-0.00288982153759511,0.0015));
#14537=CARTESIAN_POINT('',(0.0253771935754142,-0.00362305266259511,0.0015));
#14538=CARTESIAN_POINT('',(0.0260725178254142,-0.00362305266259511,0.0015));
#14539=CARTESIAN_POINT('',(0.0260725178254142,-0.00362305266259511,0.0015));
#14540=CARTESIAN_POINT('',(0.0253771935754142,-0.00362305266259511,0.0015));
#14541=CARTESIAN_POINT('',(0.0260725178254142,0.00313974871240489,0.0015));
#14542=CARTESIAN_POINT('',(0.0260725178254142,0.00990255008740489,0.0015));
#14543=CARTESIAN_POINT('',(0.0260725178254142,0.00990255008740489,0.0015));
#14544=CARTESIAN_POINT('',(0.0260725178254142,0.00313974871240489,0.0015));
#14545=CARTESIAN_POINT('',(0.0252533687629142,0.00990255008740489,0.0015));
#14546=CARTESIAN_POINT('',(0.0244342197004142,0.00990255008740489,0.0015));
#14547=CARTESIAN_POINT('',(0.0244342197004142,0.00990255008740489,0.0015));
#14548=CARTESIAN_POINT('',(0.0252533687629142,0.00990255008740489,0.0015));
#14549=CARTESIAN_POINT('',(0.0244342197004142,0.00713600239990489,0.0015));
#14550=CARTESIAN_POINT('',(0.0244342197004142,0.00436945471240489,0.0015));
#14551=CARTESIAN_POINT('',(0.0244342197004142,0.00436945471240489,0.0015));
#14552=CARTESIAN_POINT('',(0.0244342197004142,0.00713600239990489,0.0015));
#14553=CARTESIAN_POINT('',(0.0239103454504142,0.00469763521240489,0.0015));
#14554=CARTESIAN_POINT('',(0.0233864712004142,0.00502581571240489,0.0015));
#14555=CARTESIAN_POINT('',(0.0233864712004142,0.00502581571240489,0.0015));
#14556=CARTESIAN_POINT('',(0.0239103454504142,0.00469763521240489,0.0015));
#14557=CARTESIAN_POINT('',(0.0225577973254142,0.00519717627490489,0.0015));
#14558=CARTESIAN_POINT('',(0.0217291234504142,0.00536853683740489,0.0015));
#14559=CARTESIAN_POINT('',(0.0217291234504142,0.00536853683740489,0.0015));
#14560=CARTESIAN_POINT('',(0.0225577973254142,0.00519717627490489,0.0015));
#14561=CARTESIAN_POINT('',(0.0211219423879142,0.00529234227490489,0.0015));
#14562=CARTESIAN_POINT('',(0.0205147613254142,0.00521614771240489,0.0015));
#14563=CARTESIAN_POINT('',(0.0205147613254142,0.00521614771240489,0.0015));
#14564=CARTESIAN_POINT('',(0.0211219423879142,0.00529234227490489,0.0015));
#14565=CARTESIAN_POINT('',(0.0199694187004142,0.00498755727490489,0.0015));
#14566=CARTESIAN_POINT('',(0.0194240760754142,0.00475896683740489,0.0015));
#14567=CARTESIAN_POINT('',(0.0194240760754142,0.00475896683740489,0.0015));
#14568=CARTESIAN_POINT('',(0.0199694187004142,0.00498755727490489,0.0015));
#14569=CARTESIAN_POINT('',(0.0189716764504142,0.00440654989990489,0.0015));
#14570=CARTESIAN_POINT('',(0.0185192768254142,0.00405413296240489,0.0015));
#14571=CARTESIAN_POINT('',(0.0185192768254142,0.00405413296240489,0.0015));
#14572=CARTESIAN_POINT('',(0.0189716764504142,0.00440654989990489,0.0015));
#14573=CARTESIAN_POINT('',(0.0181715775754142,0.00358741602490488,0.0015));
#14574=CARTESIAN_POINT('',(0.0178238783254142,0.00312069908740489,0.0015));
#14575=CARTESIAN_POINT('',(0.0178238783254142,0.00312069908740489,0.0015));
#14576=CARTESIAN_POINT('',(0.0181715775754142,0.00358741602490488,0.0015));
#14577=CARTESIAN_POINT('',(0.0176095658254141,0.00255635464990489,0.0015));
#14578=CARTESIAN_POINT('',(0.0173952533254142,0.00199201021240488,0.0015));
#14579=CARTESIAN_POINT('',(0.0173952533254142,0.00199201021240488,0.0015));
#14580=CARTESIAN_POINT('',(0.0176095658254141,0.00255635464990489,0.0015));
#14581=CARTESIAN_POINT('',(0.0173238158254142,0.00134669614990489,0.0015));
#14582=CARTESIAN_POINT('',(0.0172523783254142,0.000701382087404891,0.0015));
#14583=CARTESIAN_POINT('',(0.0172523783254142,0.000701382087404891,0.0015));
#14584=CARTESIAN_POINT('',(0.0173238158254142,0.00134669614990489,0.0015));
#14585=CARTESIAN_POINT('',(0.0173190908254142,6.08245249048876E-5,0.0015));
#14586=CARTESIAN_POINT('',(0.0173858033254141,-0.00057973303759511,0.0015));
#14587=CARTESIAN_POINT('',(0.0173858033254141,-0.00057973303759511,0.0015));
#14588=CARTESIAN_POINT('',(0.0173190908254142,6.08245249048876E-5,0.0015));
#14589=CARTESIAN_POINT('',(0.0175857906379142,-0.00112979897509511,0.0015));
#14590=CARTESIAN_POINT('',(0.0177857779504142,-0.00167986491259511,0.0015));
#14591=CARTESIAN_POINT('',(0.0177857779504142,-0.00167986491259511,0.0015));
#14592=CARTESIAN_POINT('',(0.0175857906379142,-0.00112979897509511,0.0015));
#14593=CARTESIAN_POINT('',(0.0181025025754142,-0.00212754685009511,0.0015));
#14594=CARTESIAN_POINT('',(0.0184192272004142,-0.00257522878759511,0.0015));
#14595=CARTESIAN_POINT('',(0.0184192272004142,-0.00257522878759511,0.0015));
#14596=CARTESIAN_POINT('',(0.0181025025754142,-0.00212754685009511,0.0015));
#14597=CARTESIAN_POINT('',(0.0188168764504142,-0.00290861072509511,0.0015));
#14598=CARTESIAN_POINT('',(0.0192145257004142,-0.00324199266259511,0.0015));
#14599=CARTESIAN_POINT('',(0.0192145257004142,-0.00324199266259511,0.0015));
#14600=CARTESIAN_POINT('',(0.0188168764504142,-0.00290861072509511,0.0015));
#14601=CARTESIAN_POINT('',(0.0196859940754142,-0.00344910910009511,0.0015));
#14602=CARTESIAN_POINT('',(0.0201574624504142,-0.00365622553759511,0.0015));
#14603=CARTESIAN_POINT('',(0.0201574624504142,-0.00365622553759511,0.0015));
#14604=CARTESIAN_POINT('',(0.0196859940754142,-0.00344910910009511,0.0015));
#14605=CARTESIAN_POINT('',(0.0206765931379142,-0.00372524485009511,0.0015));
#14606=CARTESIAN_POINT('',(0.0206765931379142,-0.00372524485009511,0.0015));
#14607=CARTESIAN_POINT('',(0.0207147306379142,0.00376139727490488,0.0015));
#14608=CARTESIAN_POINT('',(0.0207147306379142,0.00376139727490488,0.));
#14609=CARTESIAN_POINT('',(0.0207147306379142,0.00376139727490488,0.0015));
#14610=CARTESIAN_POINT('',(0.00500889982541417,0.00175668946240489,0.0015));
#14611=CARTESIAN_POINT('',(-0.0329381674870858,0.00600251933740489,0.0015));
#14612=CARTESIAN_POINT('',(-0.0325453416745858,0.00638507221240489,0.0015));
#14613=CARTESIAN_POINT('',(-0.0325453416745858,0.00638507221240489,0.0015));
#14614=CARTESIAN_POINT('',(-0.0333309932995858,0.00561996646240489,0.0015));
#14615=CARTESIAN_POINT('',(-0.0333309932995858,0.00561996646240489,0.0015));
#14616=CARTESIAN_POINT('',(-0.0329381674870858,0.00600251933740489,0.0015));
#14617=CARTESIAN_POINT('',(-0.0340516030495858,-0.00608743491259511,0.0015));
#14618=CARTESIAN_POINT('',(-0.0332324691745858,-0.00608743491259511,0.0015));
#14619=CARTESIAN_POINT('',(-0.0332324691745858,-0.00608743491259511,0.0015));
#14620=CARTESIAN_POINT('',(-0.0340516030495858,-0.00608743491259511,0.0015));
#14621=CARTESIAN_POINT('',(-0.0348707369245858,-0.00608743491259511,0.0015));
#14622=CARTESIAN_POINT('',(-0.0348707369245858,-0.00608743491259511,0.0015));
#14623=CARTESIAN_POINT('',(-0.0332324691745858,-0.00336682997509511,0.0015));
#14624=CARTESIAN_POINT('',(-0.0332324691745858,-0.000646225037595108,0.0015));
#14625=CARTESIAN_POINT('',(-0.0332324691745858,-0.000646225037595108,0.0015));
#14626=CARTESIAN_POINT('',(-0.0332324691745858,-0.00336682997509511,0.0015));
#14627=CARTESIAN_POINT('',(-0.0326133147370858,-0.00107133722509511,0.0015));
#14628=CARTESIAN_POINT('',(-0.0319941602995859,-0.00149644941259511,0.0015));
#14629=CARTESIAN_POINT('',(-0.0319941602995859,-0.00149644941259511,0.0015));
#14630=CARTESIAN_POINT('',(-0.0326133147370858,-0.00107133722509511,0.0015));
#14631=CARTESIAN_POINT('',(-0.0312036610495858,-0.00166795903759511,0.0015));
#14632=CARTESIAN_POINT('',(-0.0304131617995858,-0.00183946866259511,0.0015));
#14633=CARTESIAN_POINT('',(-0.0304131617995858,-0.00183946866259511,0.0015));
#14634=CARTESIAN_POINT('',(-0.0312036610495858,-0.00166795903759511,0.0015));
#14635=CARTESIAN_POINT('',(-0.0298273174870858,-0.00176561635009511,0.0015));
#14636=CARTESIAN_POINT('',(-0.0292414731745858,-0.00169176403759511,0.0015));
#14637=CARTESIAN_POINT('',(-0.0292414731745858,-0.00169176403759511,0.0015));
#14638=CARTESIAN_POINT('',(-0.0298273174870858,-0.00176561635009511,0.0015));
#14639=CARTESIAN_POINT('',(-0.0287222997370858,-0.00147028191259511,0.0015));
#14640=CARTESIAN_POINT('',(-0.0282031262995858,-0.00124879978759511,0.0015));
#14641=CARTESIAN_POINT('',(-0.0282031262995858,-0.00124879978759511,0.0015));
#14642=CARTESIAN_POINT('',(-0.0287222997370858,-0.00147028191259511,0.0015));
#14643=CARTESIAN_POINT('',(-0.0277602233620858,-0.00088926891259511,0.0015));
#14644=CARTESIAN_POINT('',(-0.0273173204245858,-0.000529738037595112,0.0015));
#14645=CARTESIAN_POINT('',(-0.0273173204245858,-0.000529738037595112,0.0015));
#14646=CARTESIAN_POINT('',(-0.0277602233620858,-0.00088926891259511,0.0015));
#14647=CARTESIAN_POINT('',(-0.0269791741120858,-6.06844750951105E-5,0.0015));
#14648=CARTESIAN_POINT('',(-0.0266410277995858,0.00040836908740489,0.0015));
#14649=CARTESIAN_POINT('',(-0.0266410277995858,0.00040836908740489,0.0015));
#14650=CARTESIAN_POINT('',(-0.0269791741120858,-6.06844750951105E-5,0.0015));
#14651=CARTESIAN_POINT('',(-0.0264196148620858,0.00097279339990489,0.0015));
#14652=CARTESIAN_POINT('',(-0.0261982019245858,0.00153721771240488,0.0015));
#14653=CARTESIAN_POINT('',(-0.0261982019245858,0.00153721771240488,0.0015));
#14654=CARTESIAN_POINT('',(-0.0264196148620858,0.00097279339990489,0.0015));
#14655=CARTESIAN_POINT('',(-0.0261244294870858,0.00218260096240489,0.0015));
#14656=CARTESIAN_POINT('',(-0.0260506570495859,0.00282798421240489,0.0015));
#14657=CARTESIAN_POINT('',(-0.0260506570495859,0.00282798421240489,0.0015));
#14658=CARTESIAN_POINT('',(-0.0261244294870858,0.00218260096240489,0.0015));
#14659=CARTESIAN_POINT('',(-0.0261173301745858,0.00346853614990489,0.0015));
#14660=CARTESIAN_POINT('',(-0.0261840032995859,0.00410908808740489,0.0015));
#14661=CARTESIAN_POINT('',(-0.0261840032995859,0.00410908808740489,0.0015));
#14662=CARTESIAN_POINT('',(-0.0261173301745858,0.00346853614990489,0.0015));
#14663=CARTESIAN_POINT('',(-0.0263840299870858,0.00465915964990489,0.0015));
#14664=CARTESIAN_POINT('',(-0.0265840566745859,0.00520923121240489,0.0015));
#14665=CARTESIAN_POINT('',(-0.0265840566745859,0.00520923121240489,0.0015));
#14666=CARTESIAN_POINT('',(-0.0263840299870858,0.00465915964990489,0.0015));
#14667=CARTESIAN_POINT('',(-0.0268959831745859,0.00565690752490489,0.0015));
#14668=CARTESIAN_POINT('',(-0.0272079096745858,0.00610458383740489,0.0015));
#14669=CARTESIAN_POINT('',(-0.0272079096745858,0.00610458383740489,0.0015));
#14670=CARTESIAN_POINT('',(-0.0268959831745859,0.00565690752490489,0.0015));
#14671=CARTESIAN_POINT('',(-0.0276103277995858,0.00643797139990489,0.0015));
#14672=CARTESIAN_POINT('',(-0.0280127459245858,0.00677135896240489,0.0015));
#14673=CARTESIAN_POINT('',(-0.0280127459245858,0.00677135896240489,0.0015));
#14674=CARTESIAN_POINT('',(-0.0276103277995858,0.00643797139990489,0.0015));
#14675=CARTESIAN_POINT('',(-0.0284818366120858,0.00697847539990489,0.0015));
#14676=CARTESIAN_POINT('',(-0.0289509272995859,0.00718559183740489,0.0015));
#14677=CARTESIAN_POINT('',(-0.0289509272995859,0.00718559183740489,0.0015));
#14678=CARTESIAN_POINT('',(-0.0284818366120858,0.00697847539990489,0.0015));
#14679=CARTESIAN_POINT('',(-0.0294628804870858,0.00725461058740489,0.0015));
#14680=CARTESIAN_POINT('',(-0.0299748336745858,0.00732362933740489,0.0015));
#14681=CARTESIAN_POINT('',(-0.0299748336745858,0.00732362933740489,0.0015));
#14682=CARTESIAN_POINT('',(-0.0294628804870858,0.00725461058740489,0.0015));
#14683=CARTESIAN_POINT('',(-0.0304511181745858,0.00726888683740489,0.0015));
#14684=CARTESIAN_POINT('',(-0.0309274026745859,0.00721414433740489,0.0015));
#14685=CARTESIAN_POINT('',(-0.0309274026745859,0.00721414433740489,0.0015));
#14686=CARTESIAN_POINT('',(-0.0304511181745858,0.00726888683740489,0.0015));
#14687=CARTESIAN_POINT('',(-0.0313655912995858,0.00704985664990489,0.0015));
#14688=CARTESIAN_POINT('',(-0.0318037799245858,0.00688556896240489,0.0015));
#14689=CARTESIAN_POINT('',(-0.0318037799245858,0.00688556896240489,0.0015));
#14690=CARTESIAN_POINT('',(-0.0313655912995858,0.00704985664990489,0.0015));
#14691=CARTESIAN_POINT('',(-0.0321745607995858,0.00663532058740489,0.0015));
#14692=CARTESIAN_POINT('',(-0.0321745607995858,0.00663532058740489,0.0015));
#14693=CARTESIAN_POINT('',(-0.0334055560495859,0.00638605827490489,0.0015));
#14694=CARTESIAN_POINT('',(-0.0334801187995859,0.00715215008740489,0.0015));
#14695=CARTESIAN_POINT('',(-0.0334801187995859,0.00715215008740489,0.0015));
#14696=CARTESIAN_POINT('',(-0.0334055560495859,0.00638605827490489,0.0015));
#14697=CARTESIAN_POINT('',(-0.0341754278620858,0.00715215008740489,0.0015));
#14698=CARTESIAN_POINT('',(-0.0348707369245858,0.00715215008740489,0.0015));
#14699=CARTESIAN_POINT('',(-0.0348707369245858,0.00715215008740489,0.0015));
#14700=CARTESIAN_POINT('',(-0.0341754278620858,0.00715215008740489,0.0015));
#14701=CARTESIAN_POINT('',(-0.0288177205495859,0.00533776639990489,0.0015));
#14702=CARTESIAN_POINT('',(-0.0290987129245859,0.00557112121240489,0.0015));
#14703=CARTESIAN_POINT('',(-0.0290987129245859,0.00557112121240489,0.0015));
#14704=CARTESIAN_POINT('',(-0.0290987129245859,0.00557112121240489,0.));
#14705=CARTESIAN_POINT('',(-0.0288177205495859,0.00533776639990489,0.));
#14706=CARTESIAN_POINT('',(-0.0285367281745859,0.00510441158740489,0.));
#14707=CARTESIAN_POINT('',(-0.0285367281745859,0.00510441158740489,0.0015));
#14708=CARTESIAN_POINT('',(-0.0285367281745859,0.00510441158740489,0.0015));
#14709=CARTESIAN_POINT('',(-0.0288177205495859,0.00533776639990489,0.0015));
#14710=CARTESIAN_POINT('',(-0.0283224066745859,0.00478533177490489,0.0015));
#14711=CARTESIAN_POINT('',(-0.0283224066745859,0.00478533177490489,0.));
#14712=CARTESIAN_POINT('',(-0.0283224066745859,0.00478533177490489,0.0015));
#14713=CARTESIAN_POINT('',(-0.0277722338620859,0.00235148371240489,0.0015));
#14714=CARTESIAN_POINT('',(-0.0277722338620859,0.00235148371240489,0.));
#14715=CARTESIAN_POINT('',(-0.0278174717995858,0.00191335133740489,0.));
#14716=CARTESIAN_POINT('',(-0.0278174717995858,0.00191335133740489,0.0015));
#14717=CARTESIAN_POINT('',(-0.0278174717995858,0.00191335133740489,0.0015));
#14718=CARTESIAN_POINT('',(-0.0277722338620859,0.00235148371240489,0.0015));
#14719=CARTESIAN_POINT('',(-0.0279531788620858,0.00151331483740489,0.0015));
#14720=CARTESIAN_POINT('',(-0.0279531788620858,0.00151331483740489,0.));
#14721=CARTESIAN_POINT('',(-0.0280888859245858,0.00111327833740489,0.));
#14722=CARTESIAN_POINT('',(-0.0280888859245858,0.00111327833740489,0.0015));
#14723=CARTESIAN_POINT('',(-0.0280888859245858,0.00111327833740489,0.0015));
#14724=CARTESIAN_POINT('',(-0.0279531788620858,0.00151331483740489,0.0015));
#14725=CARTESIAN_POINT('',(-0.0283103866120858,0.00077992227490489,0.0015));
#14726=CARTESIAN_POINT('',(-0.0283103866120858,0.00077992227490489,0.));
#14727=CARTESIAN_POINT('',(-0.0285318872995858,0.000446566212404891,0.));
#14728=CARTESIAN_POINT('',(-0.0285318872995858,0.000446566212404891,0.0015));
#14729=CARTESIAN_POINT('',(-0.0285318872995858,0.000446566212404891,0.0015));
#14730=CARTESIAN_POINT('',(-0.0283103866120858,0.00077992227490489,0.0015));
#14731=CARTESIAN_POINT('',(-0.0288343351120859,0.00018940246240489,0.0015));
#14732=CARTESIAN_POINT('',(-0.0288343351120859,0.00018940246240489,0.));
#14733=CARTESIAN_POINT('',(-0.0291367829245858,-6.77612875951108E-5,0.));
#14734=CARTESIAN_POINT('',(-0.0291367829245858,-6.77612875951108E-5,0.0015));
#14735=CARTESIAN_POINT('',(-0.0291367829245858,-6.77612875951108E-5,0.0015));
#14736=CARTESIAN_POINT('',(-0.0288343351120859,0.00018940246240489,0.0015));
#14737=CARTESIAN_POINT('',(-0.0295106018620858,-0.000224928850095109,0.0015));
#14738=CARTESIAN_POINT('',(-0.0295106018620858,-0.000224928850095109,0.));
#14739=CARTESIAN_POINT('',(-0.0298844207995858,-0.00038209641259511,0.));
#14740=CARTESIAN_POINT('',(-0.0298844207995858,-0.00038209641259511,0.0015));
#14741=CARTESIAN_POINT('',(-0.0298844207995858,-0.00038209641259511,0.0015));
#14742=CARTESIAN_POINT('',(-0.0295106018620858,-0.000224928850095109,0.0015));
#14743=CARTESIAN_POINT('',(-0.0303391868620859,-0.000434508475095111,0.0015));
#14744=CARTESIAN_POINT('',(-0.0303391868620859,-0.000434508475095111,0.));
#14745=CARTESIAN_POINT('',(-0.0307939529245859,-0.000486920537595111,0.));
#14746=CARTESIAN_POINT('',(-0.0307939529245859,-0.000486920537595111,0.0015));
#14747=CARTESIAN_POINT('',(-0.0307939529245859,-0.000486920537595111,0.0015));
#14748=CARTESIAN_POINT('',(-0.0303391868620859,-0.000434508475095111,0.0015));
#14749=CARTESIAN_POINT('',(-0.0312131116120858,-0.000420215350095111,0.0015));
#14750=CARTESIAN_POINT('',(-0.0312131116120858,-0.000420215350095111,0.));
#14751=CARTESIAN_POINT('',(-0.0316322702995858,-0.00035351016259511,0.));
#14752=CARTESIAN_POINT('',(-0.0316322702995858,-0.00035351016259511,0.0015));
#14753=CARTESIAN_POINT('',(-0.0316322702995858,-0.00035351016259511,0.0015));
#14754=CARTESIAN_POINT('',(-0.0312131116120858,-0.000420215350095111,0.0015));
#14755=CARTESIAN_POINT('',(-0.0321466349245858,-9.626147509511E-5,0.0015));
#14756=CARTESIAN_POINT('',(-0.0321466349245858,-9.626147509511E-5,0.));
#14757=CARTESIAN_POINT('',(-0.0326609995495859,0.00016098721240489,0.));
#14758=CARTESIAN_POINT('',(-0.0326609995495859,0.00016098721240489,0.0015));
#14759=CARTESIAN_POINT('',(-0.0326609995495859,0.00016098721240489,0.0015));
#14760=CARTESIAN_POINT('',(-0.0321466349245858,-9.626147509511E-5,0.0015));
#14761=CARTESIAN_POINT('',(-0.0329467343620858,0.000399499024904891,0.0015));
#14762=CARTESIAN_POINT('',(-0.0329467343620858,0.000399499024904891,0.));
#14763=CARTESIAN_POINT('',(-0.0332324691745858,0.000638010837404892,0.));
#14764=CARTESIAN_POINT('',(-0.0332324691745858,0.000638010837404892,0.0015));
#14765=CARTESIAN_POINT('',(-0.0332324691745858,0.000638010837404892,0.0015));
#14766=CARTESIAN_POINT('',(-0.0329467343620858,0.000399499024904891,0.0015));
#14767=CARTESIAN_POINT('',(-0.0332324691745858,0.0025464613999049,0.0015));
#14768=CARTESIAN_POINT('',(-0.0332324691745858,0.0025464613999049,0.));
#14769=CARTESIAN_POINT('',(-0.0332324691745858,0.00445491196240489,0.));
#14770=CARTESIAN_POINT('',(-0.0332324691745858,0.00445491196240489,0.0015));
#14771=CARTESIAN_POINT('',(-0.0332324691745858,0.00445491196240489,0.0015));
#14772=CARTESIAN_POINT('',(-0.0332324691745858,0.0025464613999049,0.0015));
#14773=CARTESIAN_POINT('',(-0.0328228943620859,0.00482248714990489,0.0015));
#14774=CARTESIAN_POINT('',(-0.0328228943620859,0.00482248714990489,0.));
#14775=CARTESIAN_POINT('',(-0.0324133195495858,0.00519006233740489,0.));
#14776=CARTESIAN_POINT('',(-0.0324133195495858,0.00519006233740489,0.0015));
#14777=CARTESIAN_POINT('',(-0.0324133195495858,0.00519006233740489,0.0015));
#14778=CARTESIAN_POINT('',(-0.0328228943620859,0.00482248714990489,0.0015));
#14779=CARTESIAN_POINT('',(-0.0318989701120858,0.00549483214990489,0.0015));
#14780=CARTESIAN_POINT('',(-0.0318989701120858,0.00549483214990489,0.));
#14781=CARTESIAN_POINT('',(-0.0313846206745859,0.00579960196240489,0.));
#14782=CARTESIAN_POINT('',(-0.0313846206745859,0.00579960196240489,0.0015));
#14783=CARTESIAN_POINT('',(-0.0313846206745859,0.00579960196240489,0.0015));
#14784=CARTESIAN_POINT('',(-0.0318989701120858,0.00549483214990489,0.0015));
#14785=CARTESIAN_POINT('',(-0.0309179262370858,0.00588535677490489,0.0015));
#14786=CARTESIAN_POINT('',(-0.0309179262370858,0.00588535677490489,0.));
#14787=CARTESIAN_POINT('',(-0.0304512317995859,0.00597111158740489,0.));
#14788=CARTESIAN_POINT('',(-0.0304512317995859,0.00597111158740489,0.0015));
#14789=CARTESIAN_POINT('',(-0.0304512317995859,0.00597111158740489,0.0015));
#14790=CARTESIAN_POINT('',(-0.0309179262370858,0.00588535677490489,0.0015));
#14791=CARTESIAN_POINT('',(-0.0300964371745858,0.00592111433740489,0.0015));
#14792=CARTESIAN_POINT('',(-0.0300964371745858,0.00592111433740489,0.));
#14793=CARTESIAN_POINT('',(-0.0297416425495858,0.00587111708740489,0.));
#14794=CARTESIAN_POINT('',(-0.0297416425495858,0.00587111708740489,0.0015));
#14795=CARTESIAN_POINT('',(-0.0297416425495858,0.00587111708740489,0.0015));
#14796=CARTESIAN_POINT('',(-0.0300964371745858,0.00592111433740489,0.0015));
#14797=CARTESIAN_POINT('',(-0.0294201777370858,0.00572111914990489,0.0015));
#14798=CARTESIAN_POINT('',(-0.0294201777370858,0.00572111914990489,0.));
#14799=CARTESIAN_POINT('',(-0.0294201777370858,0.00572111914990489,0.0015));
#14800=CARTESIAN_POINT('',(-0.0348707369245858,0.000532357587404892,0.0015));
#14801=CARTESIAN_POINT('',(-0.0348707369245858,0.000532357587404892,0.0015));
#14802=CARTESIAN_POINT('',(0.00500889982541417,0.00175668946240489,0.0015));
#14803=CARTESIAN_POINT('',(0.00500889982541417,0.00175668946240489,0.0015));
#14804=CARTESIAN_POINT('',(0.0448324722004142,0.00103855583740489,0.0015));
#14805=CARTESIAN_POINT('',(0.0448885365754142,0.00131636896240489,0.0015));
#14806=CARTESIAN_POINT('',(0.0447764078254142,0.00076074271240489,0.0015));
#14807=CARTESIAN_POINT('',(0.0448324722004142,0.00159487846240488,0.0015));
#14808=CARTESIAN_POINT('',(0.0447764078254142,0.00187338796240488,0.0015));
#14809=CARTESIAN_POINT('',(0.0446234989504142,0.0021005878999049,0.0015));
#14810=CARTESIAN_POINT('',(0.0444705900754142,0.00232778783740489,0.0015));
#14811=CARTESIAN_POINT('',(0.0442437597004142,0.00248084971240489,0.0015));
#14812=CARTESIAN_POINT('',(0.0440169293254142,0.00263391158740489,0.0015));
#14813=CARTESIAN_POINT('',(0.0437391027004142,0.00269000521240489,0.0015));
#14814=CARTESIAN_POINT('',(0.0434612760754142,0.00274609883740489,0.0015));
#14815=CARTESIAN_POINT('',(0.0431834494504142,0.00269000521240489,0.0015));
#14816=CARTESIAN_POINT('',(0.0429056228254142,0.00263391158740489,0.0015));
#14817=CARTESIAN_POINT('',(0.0426787924504142,0.00248084971240489,0.0015));
#14818=CARTESIAN_POINT('',(0.0424519620754142,0.00232778783740489,0.0015));
#14819=CARTESIAN_POINT('',(0.0422990532004142,0.0021005878999049,0.0015));
#14820=CARTESIAN_POINT('',(0.0421461443254142,0.00187338796240488,0.0015));
#14821=CARTESIAN_POINT('',(0.0420900805129142,0.00159487846240488,0.0015));
#14822=CARTESIAN_POINT('',(0.0420340167004142,0.00131636896240489,0.0015));
#14823=CARTESIAN_POINT('',(0.0420900805129142,0.00103855583740489,0.0015));
#14824=CARTESIAN_POINT('',(0.0421461443254142,0.00076074271240489,0.0015));
#14825=CARTESIAN_POINT('',(0.0422990532004142,0.000533900524904888,0.0015));
#14826=CARTESIAN_POINT('',(0.0424519620754142,0.00030705833740489,0.0015));
#14827=CARTESIAN_POINT('',(0.0426787924504142,0.000154128649904891,0.0015));
#14828=CARTESIAN_POINT('',(0.0429056228254142,1.19896240489072E-6,0.0015));
#14829=CARTESIAN_POINT('',(0.0431834494504142,-5.48761000951078E-5,0.0015));
#14830=CARTESIAN_POINT('',(0.0434612760754142,-0.000110951162595109,0.0015));
#14831=CARTESIAN_POINT('',(0.0437391027004142,-5.48761000951078E-5,0.0015));
#14832=CARTESIAN_POINT('',(0.0440169293254142,1.19896240489072E-6,0.0015));
#14833=CARTESIAN_POINT('',(0.0442437597004142,0.000154128649904891,0.0015));
#14834=CARTESIAN_POINT('',(0.0444705900754142,0.00030705833740489,0.0015));
#14835=CARTESIAN_POINT('',(0.0446234989504142,0.000533900524904888,0.0015));
#14836=CARTESIAN_POINT('',(0.0446234989504142,0.000533900524904888,0.0015));
#14837=CARTESIAN_POINT('',(0.0444705900754142,0.00030705833740489,0.0015));
#14838=CARTESIAN_POINT('',(0.0447764078254142,0.00076074271240489,0.0015));
#14839=CARTESIAN_POINT('',(0.0442437597004142,0.000154128649904891,0.0015));
#14840=CARTESIAN_POINT('',(0.0440169293254142,1.19896240489072E-6,0.0015));
#14841=CARTESIAN_POINT('',(0.0437391027004142,-5.48761000951078E-5,0.0015));
#14842=CARTESIAN_POINT('',(0.0434612760754142,-0.000110951162595109,0.0015));
#14843=CARTESIAN_POINT('',(0.0431834494504142,-5.48761000951078E-5,0.0015));
#14844=CARTESIAN_POINT('',(0.0429056228254142,1.19896240489072E-6,0.0015));
#14845=CARTESIAN_POINT('',(0.0426787924504142,0.000154128649904891,0.0015));
#14846=CARTESIAN_POINT('',(0.0424519620754142,0.00030705833740489,0.0015));
#14847=CARTESIAN_POINT('',(0.0422990532004142,0.000533900524904888,0.0015));
#14848=CARTESIAN_POINT('',(0.0421461443254142,0.00076074271240489,0.0015));
#14849=CARTESIAN_POINT('',(0.0420900805129142,0.00103855583740489,0.0015));
#14850=CARTESIAN_POINT('',(0.0420340167004142,0.00131636896240489,0.0015));
#14851=CARTESIAN_POINT('',(0.0420900805129142,0.00159487846240488,0.0015));
#14852=CARTESIAN_POINT('',(0.0421461443254142,0.00187338796240488,0.0015));
#14853=CARTESIAN_POINT('',(0.0422990532004142,0.0021005878999049,0.0015));
#14854=CARTESIAN_POINT('',(0.0424519620754142,0.00232778783740489,0.0015));
#14855=CARTESIAN_POINT('',(0.0426787924504142,0.00248084971240489,0.0015));
#14856=CARTESIAN_POINT('',(0.0429056228254142,0.00263391158740489,0.0015));
#14857=CARTESIAN_POINT('',(0.0431834494504142,0.00269000521240489,0.0015));
#14858=CARTESIAN_POINT('',(0.0434612760754142,0.00274609883740489,0.0015));
#14859=CARTESIAN_POINT('',(0.0437391027004142,0.00269000521240489,0.0015));
#14860=CARTESIAN_POINT('',(0.0440169293254142,0.00263391158740489,0.0015));
#14861=CARTESIAN_POINT('',(0.0442437597004142,0.00248084971240489,0.0015));
#14862=CARTESIAN_POINT('',(0.0444705900754142,0.00232778783740489,0.0015));
#14863=CARTESIAN_POINT('',(0.0446234989504142,0.0021005878999049,0.0015));
#14864=CARTESIAN_POINT('',(0.0447764078254142,0.00187338796240488,0.0015));
#14865=CARTESIAN_POINT('',(0.0448324722004142,0.00159487846240488,0.0015));
#14866=CARTESIAN_POINT('',(0.0448885365754142,0.00131636896240489,0.0015));
#14867=CARTESIAN_POINT('',(0.0448324722004142,0.00103855583740489,0.0015));
#14868=CARTESIAN_POINT('',(0.00500889982541417,0.00175668946240489,0.0015));
#14869=CARTESIAN_POINT('',(0.0386332980754142,7.95192124048897E-5,0.0015));
#14870=CARTESIAN_POINT('',(0.0387767682004142,2.64765874048907E-5,0.0015));
#14871=CARTESIAN_POINT('',(0.0384898279504142,0.000132561837404889,0.0015));
#14872=CARTESIAN_POINT('',(0.0388587722629142,3.85315249048904E-5,0.0015));
#14873=CARTESIAN_POINT('',(0.0389407763254142,5.05864624048902E-5,0.0015));
#14874=CARTESIAN_POINT('',(0.0389913777004142,0.000208507774904891,0.0015));
#14875=CARTESIAN_POINT('',(0.0390419790754141,0.00036642908740489,0.0015));
#14876=CARTESIAN_POINT('',(0.0390022423879142,0.000447198462404889,0.0015));
#14877=CARTESIAN_POINT('',(0.0389625057004142,0.000527967837404892,0.0015));
#14878=CARTESIAN_POINT('',(0.0386344888879142,0.000702765837404887,0.0015));
#14879=CARTESIAN_POINT('',(0.0383064720754142,0.000877563837404889,0.0015));
#14880=CARTESIAN_POINT('',(0.0380783929504142,0.00114036439990489,0.0015));
#14881=CARTESIAN_POINT('',(0.0378503138254142,0.00140316496240489,0.0015));
#14882=CARTESIAN_POINT('',(0.0377360886379142,0.00173467939990489,0.0015));
#14883=CARTESIAN_POINT('',(0.0376218634504142,0.00206619383740489,0.0015));
#14884=CARTESIAN_POINT('',(0.0376362994504142,0.00256888996240488,0.0015));
#14885=CARTESIAN_POINT('',(0.0376507354504142,0.00307158608740489,0.0015));
#14886=CARTESIAN_POINT('',(0.0376374897004142,0.00320057521240489,0.0015));
#14887=CARTESIAN_POINT('',(0.0376242439504142,0.00332956433740489,0.0015));
#14888=CARTESIAN_POINT('',(0.0375242320129142,0.00337537321240489,0.0015));
#14889=CARTESIAN_POINT('',(0.0374242200754142,0.00342118208740489,0.0015));
#14890=CARTESIAN_POINT('',(0.0373277608879142,0.00342419596240489,0.0015));
#14891=CARTESIAN_POINT('',(0.0372313017004142,0.00342720983740489,0.0015));
#14892=CARTESIAN_POINT('',(0.0371637522004142,0.00332896133740489,0.0015));
#14893=CARTESIAN_POINT('',(0.0370962027004142,0.00323071283740488,0.0015));
#14894=CARTESIAN_POINT('',(0.0367458433879142,0.00268702958740488,0.0015));
#14895=CARTESIAN_POINT('',(0.0363954840754142,0.00214334633740489,0.0015));
#14896=CARTESIAN_POINT('',(0.0360334039504142,0.00190345021240489,0.0015));
#14897=CARTESIAN_POINT('',(0.0356713238254142,0.00166355408740489,0.0015));
#14898=CARTESIAN_POINT('',(0.0352614520129142,0.00165752689990489,0.0015));
#14899=CARTESIAN_POINT('',(0.0348515802004142,0.00165149971240489,0.0015));
#14900=CARTESIAN_POINT('',(0.0346586989504142,0.00159122389990489,0.0015));
#14901=CARTESIAN_POINT('',(0.0344658177004142,0.00153094808740489,0.0015));
#14902=CARTESIAN_POINT('',(0.0344634366379142,0.00134891689990489,0.0015));
#14903=CARTESIAN_POINT('',(0.0344610555754142,0.00116688571240489,0.0015));
#14904=CARTESIAN_POINT('',(0.0345418688254142,0.00113554264990489,0.0015));
#14905=CARTESIAN_POINT('',(0.0346226820754142,0.00110419958740489,0.0015));
#14906=CARTESIAN_POINT('',(0.0350151417004142,0.00106562333740489,0.0015));
#14907=CARTESIAN_POINT('',(0.0354076013254142,0.00102704708740489,0.0015));
#14908=CARTESIAN_POINT('',(0.0357505007629142,0.00112951489990489,0.0015));
#14909=CARTESIAN_POINT('',(0.0360934002004142,0.00123198271240489,0.0015));
#14910=CARTESIAN_POINT('',(0.0364513313254142,0.00148634464990489,0.0015));
#14911=CARTESIAN_POINT('',(0.0368092624504142,0.00174070658740489,0.0015));
#14912=CARTESIAN_POINT('',(0.0369017965129142,0.00180685883740489,0.0015));
#14913=CARTESIAN_POINT('',(0.0369943305754142,0.00187301108740489,0.0015));
#14914=CARTESIAN_POINT('',(0.0370379743879142,0.00178998158740489,0.0015));
#14915=CARTESIAN_POINT('',(0.0370816182004142,0.0017069520874049,0.0015));
#14916=CARTESIAN_POINT('',(0.0372359524504142,0.00134288914990489,0.0015));
#14917=CARTESIAN_POINT('',(0.0373902867004142,0.00097882621240489,0.0015));
#14918=CARTESIAN_POINT('',(0.0376121890129142,0.000723259399904889,0.0015));
#14919=CARTESIAN_POINT('',(0.0378340913254142,0.00046769258740489,0.0015));
#14920=CARTESIAN_POINT('',(0.0381619596379142,0.000300127212404891,0.0015));
#14921=CARTESIAN_POINT('',(0.0381619596379142,0.000300127212404891,0.0015));
#14922=CARTESIAN_POINT('',(0.0378340913254142,0.00046769258740489,0.0015));
#14923=CARTESIAN_POINT('',(0.0384898279504142,0.000132561837404889,0.0015));
#14924=CARTESIAN_POINT('',(0.0376121890129142,0.000723259399904889,0.0015));
#14925=CARTESIAN_POINT('',(0.0373902867004142,0.00097882621240489,0.0015));
#14926=CARTESIAN_POINT('',(0.0372359524504142,0.00134288914990489,0.0015));
#14927=CARTESIAN_POINT('',(0.0370816182004142,0.0017069520874049,0.0015));
#14928=CARTESIAN_POINT('',(0.0364513313254142,0.00148634464990489,0.0015));
#14929=CARTESIAN_POINT('',(0.0360934002004142,0.00123198271240489,0.0015));
#14930=CARTESIAN_POINT('',(0.0368092624504142,0.00174070658740489,0.0015));
#14931=CARTESIAN_POINT('',(0.0357505007629142,0.00112951489990489,0.0015));
#14932=CARTESIAN_POINT('',(0.0354076013254142,0.00102704708740489,0.0015));
#14933=CARTESIAN_POINT('',(0.0350151417004142,0.00106562333740489,0.0015));
#14934=CARTESIAN_POINT('',(0.0346226820754142,0.00110419958740489,0.0015));
#14935=CARTESIAN_POINT('',(0.0345418688254142,0.00113554264990489,0.0015));
#14936=CARTESIAN_POINT('',(0.0344610555754142,0.00116688571240489,0.0015));
#14937=CARTESIAN_POINT('',(0.0344634366379142,0.00134891689990489,0.0015));
#14938=CARTESIAN_POINT('',(0.0344658177004142,0.00153094808740489,0.0015));
#14939=CARTESIAN_POINT('',(0.0346586989504142,0.00159122389990489,0.0015));
#14940=CARTESIAN_POINT('',(0.0348515802004142,0.00165149971240489,0.0015));
#14941=CARTESIAN_POINT('',(0.0352614520129142,0.00165752689990489,0.0015));
#14942=CARTESIAN_POINT('',(0.0356713238254142,0.00166355408740489,0.0015));
#14943=CARTESIAN_POINT('',(0.0371637522004142,0.00332896133740489,0.0015));
#14944=CARTESIAN_POINT('',(0.0372313017004142,0.00342720983740489,0.0015));
#14945=CARTESIAN_POINT('',(0.0370962027004142,0.00323071283740488,0.0015));
#14946=CARTESIAN_POINT('',(0.0373277608879142,0.00342419596240489,0.0015));
#14947=CARTESIAN_POINT('',(0.0374242200754142,0.00342118208740489,0.0015));
#14948=CARTESIAN_POINT('',(0.0375242320129142,0.00337537321240489,0.0015));
#14949=CARTESIAN_POINT('',(0.0376242439504142,0.00332956433740489,0.0015));
#14950=CARTESIAN_POINT('',(0.0376374897004142,0.00320057521240489,0.0015));
#14951=CARTESIAN_POINT('',(0.0376507354504142,0.00307158608740489,0.0015));
#14952=CARTESIAN_POINT('',(0.0386344888879142,0.000702765837404887,0.0015));
#14953=CARTESIAN_POINT('',(0.0389625057004142,0.000527967837404892,0.0015));
#14954=CARTESIAN_POINT('',(0.0383064720754142,0.000877563837404889,0.0015));
#14955=CARTESIAN_POINT('',(0.0390022423879142,0.000447198462404889,0.0015));
#14956=CARTESIAN_POINT('',(0.0390419790754141,0.00036642908740489,0.0015));
#14957=CARTESIAN_POINT('',(0.0389913777004142,0.000208507774904891,0.0015));
#14958=CARTESIAN_POINT('',(0.0389407763254142,5.05864624048902E-5,0.0015));
#14959=CARTESIAN_POINT('',(0.0388587722629142,3.85315249048904E-5,0.0015));
#14960=CARTESIAN_POINT('',(0.0387767682004142,2.64765874048907E-5,0.0015));
#14961=CARTESIAN_POINT('',(0.0386332980754142,7.95192124048897E-5,0.0015));
#14962=CARTESIAN_POINT('',(0.0380783929504142,0.00114036439990489,0.0015));
#14963=CARTESIAN_POINT('',(0.0378503138254142,0.00140316496240489,0.0015));
#14964=CARTESIAN_POINT('',(0.0377360886379142,0.00173467939990489,0.0015));
#14965=CARTESIAN_POINT('',(0.0376218634504142,0.00206619383740489,0.0015));
#14966=CARTESIAN_POINT('',(0.0376362994504142,0.00256888996240488,0.0015));
#14967=CARTESIAN_POINT('',(0.0367458433879142,0.00268702958740488,0.0015));
#14968=CARTESIAN_POINT('',(0.0363954840754142,0.00214334633740489,0.0015));
#14969=CARTESIAN_POINT('',(0.0360334039504142,0.00190345021240489,0.0015));
#14970=CARTESIAN_POINT('',(0.0369017965129142,0.00180685883740489,0.0015));
#14971=CARTESIAN_POINT('',(0.0369943305754142,0.00187301108740489,0.0015));
#14972=CARTESIAN_POINT('',(0.0370379743879142,0.00178998158740489,0.0015));
#14973=CARTESIAN_POINT('',(0.00500889982541417,0.00175668946240489,0.0015));
#14974=CARTESIAN_POINT('',(0.0325508719504142,0.00421385933740488,0.0015));
#14975=CARTESIAN_POINT('',(0.0326069565754142,0.00449167246240489,0.0015));
#14976=CARTESIAN_POINT('',(0.0324947873254142,0.00393604621240489,0.0015));
#14977=CARTESIAN_POINT('',(0.0325508719504142,0.00476967346240489,0.0015));
#14978=CARTESIAN_POINT('',(0.0324947873254142,0.00504767446240489,0.0015));
#14979=CARTESIAN_POINT('',(0.0323418435754142,0.00527493121240489,0.0015));
#14980=CARTESIAN_POINT('',(0.0321888998254142,0.00550218796240489,0.0015));
#14981=CARTESIAN_POINT('',(0.0319620627004142,0.00565553221240489,0.0015));
#14982=CARTESIAN_POINT('',(0.0317352255754142,0.00580887646240489,0.0015));
#14983=CARTESIAN_POINT('',(0.0314574613879142,0.00586513939990489,0.0015));
#14984=CARTESIAN_POINT('',(0.0311796972004142,0.00592140233740489,0.0015));
#14985=CARTESIAN_POINT('',(0.0309018700129142,0.00586513939990489,0.0015));
#14986=CARTESIAN_POINT('',(0.0306240428254142,0.00580887646240489,0.0015));
#14987=CARTESIAN_POINT('',(0.0303972130129142,0.00565553221240489,0.0015));
#14988=CARTESIAN_POINT('',(0.0301703832004142,0.00550218796240489,0.0015));
#14989=CARTESIAN_POINT('',(0.0300174743254142,0.00527493121240489,0.0015));
#14990=CARTESIAN_POINT('',(0.0298645654504142,0.00504767446240489,0.0015));
#14991=CARTESIAN_POINT('',(0.0298085010754142,0.00476967346240489,0.0015));
#14992=CARTESIAN_POINT('',(0.0297524367004142,0.00449167246240489,0.0015));
#14993=CARTESIAN_POINT('',(0.0298085010754142,0.00421385933740488,0.0015));
#14994=CARTESIAN_POINT('',(0.0298645654504142,0.00393604621240489,0.0015));
#14995=CARTESIAN_POINT('',(0.0300174743254142,0.0037092040249049,0.0015));
#14996=CARTESIAN_POINT('',(0.0301703832004142,0.00348236183740489,0.0015));
#14997=CARTESIAN_POINT('',(0.0303972130129142,0.00332943214990489,0.0015));
#14998=CARTESIAN_POINT('',(0.0306240428254142,0.0031765024624049,0.0015));
#14999=CARTESIAN_POINT('',(0.0309018700129142,0.00312042739990489,0.0015));
#15000=CARTESIAN_POINT('',(0.0311796972004142,0.00306435233740489,0.0015));
#15001=CARTESIAN_POINT('',(0.0314574613879142,0.00312042739990489,0.0015));
#15002=CARTESIAN_POINT('',(0.0317352255754142,0.0031765024624049,0.0015));
#15003=CARTESIAN_POINT('',(0.0319620627004142,0.00332943214990489,0.0015));
#15004=CARTESIAN_POINT('',(0.0321888998254142,0.00348236183740489,0.0015));
#15005=CARTESIAN_POINT('',(0.0323418435754142,0.0037092040249049,0.0015));
#15006=CARTESIAN_POINT('',(0.0323418435754142,0.0037092040249049,0.0015));
#15007=CARTESIAN_POINT('',(0.0321888998254142,0.00348236183740489,0.0015));
#15008=CARTESIAN_POINT('',(0.0324947873254142,0.00393604621240489,0.0015));
#15009=CARTESIAN_POINT('',(0.0319620627004142,0.00332943214990489,0.0015));
#15010=CARTESIAN_POINT('',(0.0317352255754142,0.0031765024624049,0.0015));
#15011=CARTESIAN_POINT('',(0.0314574613879142,0.00312042739990489,0.0015));
#15012=CARTESIAN_POINT('',(0.0311796972004142,0.00306435233740489,0.0015));
#15013=CARTESIAN_POINT('',(0.0309018700129142,0.00312042739990489,0.0015));
#15014=CARTESIAN_POINT('',(0.0306240428254142,0.0031765024624049,0.0015));
#15015=CARTESIAN_POINT('',(0.0303972130129142,0.00332943214990489,0.0015));
#15016=CARTESIAN_POINT('',(0.0301703832004142,0.00348236183740489,0.0015));
#15017=CARTESIAN_POINT('',(0.0300174743254142,0.0037092040249049,0.0015));
#15018=CARTESIAN_POINT('',(0.0298645654504142,0.00393604621240489,0.0015));
#15019=CARTESIAN_POINT('',(0.0298085010754142,0.00421385933740488,0.0015));
#15020=CARTESIAN_POINT('',(0.0297524367004142,0.00449167246240489,0.0015));
#15021=CARTESIAN_POINT('',(0.0298085010754142,0.00476967346240489,0.0015));
#15022=CARTESIAN_POINT('',(0.0298645654504142,0.00504767446240489,0.0015));
#15023=CARTESIAN_POINT('',(0.0300174743254142,0.00527493121240489,0.0015));
#15024=CARTESIAN_POINT('',(0.0301703832004142,0.00550218796240489,0.0015));
#15025=CARTESIAN_POINT('',(0.0303972130129142,0.00565553221240489,0.0015));
#15026=CARTESIAN_POINT('',(0.0306240428254142,0.00580887646240489,0.0015));
#15027=CARTESIAN_POINT('',(0.0309018700129142,0.00586513939990489,0.0015));
#15028=CARTESIAN_POINT('',(0.0311796972004142,0.00592140233740489,0.0015));
#15029=CARTESIAN_POINT('',(0.0314574613879142,0.00586513939990489,0.0015));
#15030=CARTESIAN_POINT('',(0.0317352255754142,0.00580887646240489,0.0015));
#15031=CARTESIAN_POINT('',(0.0319620627004142,0.00565553221240489,0.0015));
#15032=CARTESIAN_POINT('',(0.0321888998254142,0.00550218796240489,0.0015));
#15033=CARTESIAN_POINT('',(0.0323418435754142,0.00527493121240489,0.0015));
#15034=CARTESIAN_POINT('',(0.0324947873254142,0.00504767446240489,0.0015));
#15035=CARTESIAN_POINT('',(0.0325508719504142,0.00476967346240489,0.0015));
#15036=CARTESIAN_POINT('',(0.0326069565754142,0.00449167246240489,0.0015));
#15037=CARTESIAN_POINT('',(0.0325508719504142,0.00421385933740488,0.0015));
#15038=CARTESIAN_POINT('',(0.00500889982541417,0.00175668946240489,0.0015));
#15039=CARTESIAN_POINT('',(-0.00801920036208583,0.00475649633740489,0.0015));
#15040=CARTESIAN_POINT('',(-0.00754443967458583,0.00552956821240489,0.0015));
#15041=CARTESIAN_POINT('',(-0.00849396104958583,0.00398342446240489,0.0015));
#15042=CARTESIAN_POINT('',(-0.00868010017458581,0.00550978902490489,0.0015));
#15043=CARTESIAN_POINT('',(-0.00886623929958583,0.00703615358740489,0.0015));
#15044=CARTESIAN_POINT('',(-0.0105547967995858,0.00688412558740489,0.0015));
#15045=CARTESIAN_POINT('',(-0.0122433542995858,0.00673209758740489,0.0015));
#15046=CARTESIAN_POINT('',(-0.0121818882370858,0.00604900714990489,0.0015));
#15047=CARTESIAN_POINT('',(-0.0121204221745858,0.00536591671240489,0.0015));
#15048=CARTESIAN_POINT('',(-0.0111528917995858,0.00545311546240489,0.0015));
#15049=CARTESIAN_POINT('',(-0.0101853614245858,0.00554031421240489,0.0015));
#15050=CARTESIAN_POINT('',(-0.00991110104958583,0.00249516027490489,0.0015));
#15051=CARTESIAN_POINT('',(-0.00963684067458583,-0.000549993662595107,0.0015));
#15052=CARTESIAN_POINT('',(-0.0107940376120858,-0.000654351475095109,0.0015));
#15053=CARTESIAN_POINT('',(-0.0119512345495858,-0.00075870928759511,0.0015));
#15054=CARTESIAN_POINT('',(-0.0118897538620858,-0.00144166585009511,0.0015));
#15055=CARTESIAN_POINT('',(-0.0118282731745858,-0.00212462241259511,0.0015));
#15056=CARTESIAN_POINT('',(-0.0106710762370858,-0.00202026460009511,0.0015));
#15057=CARTESIAN_POINT('',(-0.00951387929958582,-0.00191590678759511,0.0015));
#15058=CARTESIAN_POINT('',(-0.00951373079958582,-0.00191605528759511,0.0015));
#15059=CARTESIAN_POINT('',(-0.00951358229958582,-0.00191620378759511,0.0015));
#15060=CARTESIAN_POINT('',(-0.00870715811208582,-0.00184353103759511,0.0015));
#15061=CARTESIAN_POINT('',(-0.00790073392458583,-0.00177085828759511,0.0015));
#15062=CARTESIAN_POINT('',(-0.00790088242458583,-0.00177070978759511,0.0015));
#15063=CARTESIAN_POINT('',(-0.00790103092458582,-0.00177056128759511,0.0015));
#15064=CARTESIAN_POINT('',(-0.00648746336208584,-0.00164338791259511,0.0015));
#15065=CARTESIAN_POINT('',(-0.00507389579958582,-0.00151621453759511,0.0015));
#15066=CARTESIAN_POINT('',(-0.00513536186208582,-0.000833257975095112,0.0015));
#15067=CARTESIAN_POINT('',(-0.00519682792458581,-0.000150301412595112,0.0015));
#15068=CARTESIAN_POINT('',(-0.00661039548708582,-0.00027747478759511,0.0015));
#15069=CARTESIAN_POINT('',(-0.00802396304958583,-0.000404648162595109,0.0015));
#15070=CARTESIAN_POINT('',(-0.00815597336208583,0.00106167908740489,0.0015));
#15071=CARTESIAN_POINT('',(-0.00828798367458582,0.00252800633740489,0.0015));
#15072=CARTESIAN_POINT('',(-0.00779625629958582,0.00322664933740489,0.0015));
#15073=CARTESIAN_POINT('',(-0.00730452892458582,0.00392529233740489,0.0015));
#15074=CARTESIAN_POINT('',(-0.00686429561208582,0.00445273846240489,0.0015));
#15075=CARTESIAN_POINT('',(-0.00642406229958581,0.00498018458740489,0.0015));
#15076=CARTESIAN_POINT('',(-0.00602550123708582,0.00522639083740489,0.0015));
#15077=CARTESIAN_POINT('',(-0.00562694017458583,0.00547259708740489,0.0015));
#15078=CARTESIAN_POINT('',(-0.00510247079958582,0.00559642189990489,0.0015));
#15079=CARTESIAN_POINT('',(-0.00457800142458582,0.00572024671240489,0.0015));
#15080=CARTESIAN_POINT('',(-0.00368369392458582,0.00587736421240489,0.0015));
#15081=CARTESIAN_POINT('',(-0.00278938642458582,0.00603448171240489,0.0015));
#15082=CARTESIAN_POINT('',(-0.00291886661208583,0.00683559308740489,0.0015));
#15083=CARTESIAN_POINT('',(-0.00304834679958583,0.00763670446240489,0.0015));
#15084=CARTESIAN_POINT('',(-0.00398239098708582,0.00749528802490489,0.0015));
#15085=CARTESIAN_POINT('',(-0.00491643517458583,0.00735387158740489,0.0015));
#15086=CARTESIAN_POINT('',(-0.00537363461208581,0.00722654914990489,0.0015));
#15087=CARTESIAN_POINT('',(-0.00583083404958582,0.00709922671240489,0.0015));
#15088=CARTESIAN_POINT('',(-0.00623802723708582,0.00684255796240489,0.0015));
#15089=CARTESIAN_POINT('',(-0.00664522042458581,0.00658588921240489,0.0015));
#15090=CARTESIAN_POINT('',(-0.00709483004958583,0.00605772871240489,0.0015));
#15091=CARTESIAN_POINT('',(-0.00709483004958583,0.00605772871240489,0.0015));
#15092=CARTESIAN_POINT('',(-0.00754443967458583,0.00552956821240489,0.0015));
#15093=CARTESIAN_POINT('',(-0.00664522042458581,0.00658588921240489,0.0015));
#15094=CARTESIAN_POINT('',(-0.00623802723708582,0.00684255796240489,0.0015));
#15095=CARTESIAN_POINT('',(-0.00583083404958582,0.00709922671240489,0.0015));
#15096=CARTESIAN_POINT('',(-0.00537363461208581,0.00722654914990489,0.0015));
#15097=CARTESIAN_POINT('',(-0.00491643517458583,0.00735387158740489,0.0015));
#15098=CARTESIAN_POINT('',(-0.00398239098708582,0.00749528802490489,0.0015));
#15099=CARTESIAN_POINT('',(-0.00304834679958583,0.00763670446240489,0.0015));
#15100=CARTESIAN_POINT('',(-0.00291886661208583,0.00683559308740489,0.0015));
#15101=CARTESIAN_POINT('',(-0.00278938642458582,0.00603448171240489,0.0015));
#15102=CARTESIAN_POINT('',(-0.00368369392458582,0.00587736421240489,0.0015));
#15103=CARTESIAN_POINT('',(-0.00457800142458582,0.00572024671240489,0.0015));
#15104=CARTESIAN_POINT('',(-0.00661039548708582,-0.00027747478759511,0.0015));
#15105=CARTESIAN_POINT('',(-0.00802396304958583,-0.000404648162595109,0.0015));
#15106=CARTESIAN_POINT('',(-0.00519682792458581,-0.000150301412595112,0.0015));
#15107=CARTESIAN_POINT('',(-0.00513536186208582,-0.000833257975095112,0.0015));
#15108=CARTESIAN_POINT('',(-0.00507389579958582,-0.00151621453759511,0.0015));
#15109=CARTESIAN_POINT('',(-0.00648746336208584,-0.00164338791259511,0.0015));
#15110=CARTESIAN_POINT('',(-0.00790103092458582,-0.00177056128759511,0.0015));
#15111=CARTESIAN_POINT('',(-0.00790088242458583,-0.00177070978759511,0.0015));
#15112=CARTESIAN_POINT('',(-0.00790073392458583,-0.00177085828759511,0.0015));
#15113=CARTESIAN_POINT('',(-0.00870715811208582,-0.00184353103759511,0.0015));
#15114=CARTESIAN_POINT('',(-0.00951358229958582,-0.00191620378759511,0.0015));
#15115=CARTESIAN_POINT('',(-0.00951373079958582,-0.00191605528759511,0.0015));
#15116=CARTESIAN_POINT('',(-0.00951387929958582,-0.00191590678759511,0.0015));
#15117=CARTESIAN_POINT('',(-0.0106710762370858,-0.00202026460009511,0.0015));
#15118=CARTESIAN_POINT('',(-0.0118282731745858,-0.00212462241259511,0.0015));
#15119=CARTESIAN_POINT('',(-0.0118897538620858,-0.00144166585009511,0.0015));
#15120=CARTESIAN_POINT('',(-0.0119512345495858,-0.00075870928759511,0.0015));
#15121=CARTESIAN_POINT('',(-0.0107940376120858,-0.000654351475095109,0.0015));
#15122=CARTESIAN_POINT('',(-0.00963684067458583,-0.000549993662595107,0.0015));
#15123=CARTESIAN_POINT('',(-0.0111528917995858,0.00545311546240489,0.0015));
#15124=CARTESIAN_POINT('',(-0.0101853614245858,0.00554031421240489,0.0015));
#15125=CARTESIAN_POINT('',(-0.0121204221745858,0.00536591671240489,0.0015));
#15126=CARTESIAN_POINT('',(-0.0121818882370858,0.00604900714990489,0.0015));
#15127=CARTESIAN_POINT('',(-0.0122433542995858,0.00673209758740489,0.0015));
#15128=CARTESIAN_POINT('',(-0.0105547967995858,0.00688412558740489,0.0015));
#15129=CARTESIAN_POINT('',(-0.00886623929958583,0.00703615358740489,0.0015));
#15130=CARTESIAN_POINT('',(-0.00868010017458581,0.00550978902490489,0.0015));
#15131=CARTESIAN_POINT('',(-0.00849396104958583,0.00398342446240489,0.0015));
#15132=CARTESIAN_POINT('',(-0.00991110104958583,0.00249516027490489,0.0015));
#15133=CARTESIAN_POINT('',(-0.00815597336208583,0.00106167908740489,0.0015));
#15134=CARTESIAN_POINT('',(-0.00828798367458582,0.00252800633740489,0.0015));
#15135=CARTESIAN_POINT('',(-0.00779625629958582,0.00322664933740489,0.0015));
#15136=CARTESIAN_POINT('',(-0.00730452892458582,0.00392529233740489,0.0015));
#15137=CARTESIAN_POINT('',(-0.00686429561208582,0.00445273846240489,0.0015));
#15138=CARTESIAN_POINT('',(-0.00642406229958581,0.00498018458740489,0.0015));
#15139=CARTESIAN_POINT('',(-0.00602550123708582,0.00522639083740489,0.0015));
#15140=CARTESIAN_POINT('',(-0.00562694017458583,0.00547259708740489,0.0015));
#15141=CARTESIAN_POINT('',(-0.00510247079958582,0.00559642189990489,0.0015));
#15142=CARTESIAN_POINT('',(-0.00801920036208583,0.00475649633740489,0.0015));
#15143=CARTESIAN_POINT('',(0.00500889982541417,0.00175668946240489,0.0015));
#15144=CARTESIAN_POINT('',(-0.0230017090495858,0.00393446052490489,0.0015));
#15145=CARTESIAN_POINT('',(-0.0222433116745859,0.00692599133740489,0.0015));
#15146=CARTESIAN_POINT('',(-0.0237601064245859,0.000942929712404887,0.0015));
#15147=CARTESIAN_POINT('',(-0.0238220168620858,0.000359287587404889,0.0015));
#15148=CARTESIAN_POINT('',(-0.0238839272995858,-0.000224354537595108,0.0015));
#15149=CARTESIAN_POINT('',(-0.0237515170495858,-0.000719715100095111,0.0015));
#15150=CARTESIAN_POINT('',(-0.0236191067995858,-0.00121507566259511,0.0015));
#15151=CARTESIAN_POINT('',(-0.0232831165495858,-0.00159503316259511,0.0015));
#15152=CARTESIAN_POINT('',(-0.0229471262995858,-0.00197499066259511,0.0015));
#15153=CARTESIAN_POINT('',(-0.0223981409245858,-0.00221243091259511,0.0015));
#15154=CARTESIAN_POINT('',(-0.0218491555495858,-0.00244987116259511,0.0015));
#15155=CARTESIAN_POINT('',(-0.0211932411745858,-0.00249826978759512,0.0015));
#15156=CARTESIAN_POINT('',(-0.0205373267995858,-0.00254666841259511,0.0015));
#15157=CARTESIAN_POINT('',(-0.0197926066120858,-0.00232269778759511,0.0015));
#15158=CARTESIAN_POINT('',(-0.0190478864245858,-0.00209872716259511,0.0015));
#15159=CARTESIAN_POINT('',(-0.0183137777995858,-0.00173232760009511,0.0015));
#15160=CARTESIAN_POINT('',(-0.0175796691745858,-0.00136592803759511,0.0015));
#15161=CARTESIAN_POINT('',(-0.0177776252995858,-0.00233010985009511,0.0015));
#15162=CARTESIAN_POINT('',(-0.0179755814245859,-0.00329429166259511,0.0015));
#15163=CARTESIAN_POINT('',(-0.0172552686745858,-0.00347699278759511,0.0015));
#15164=CARTESIAN_POINT('',(-0.0165349559245858,-0.00365969391259511,0.0015));
#15165=CARTESIAN_POINT('',(-0.0154466517370858,0.000633649774904893,0.0015));
#15166=CARTESIAN_POINT('',(-0.0143583475495858,0.00492699346240489,0.0015));
#15167=CARTESIAN_POINT('',(-0.0151523449870858,0.00512828352490489,0.0015));
#15168=CARTESIAN_POINT('',(-0.0159463424245858,0.00532957358740489,0.0015));
#15169=CARTESIAN_POINT('',(-0.0166137312370858,0.00269732839990489,0.0015));
#15170=CARTESIAN_POINT('',(-0.0172811200495858,6.50832124048911E-5,0.0015));
#15171=CARTESIAN_POINT('',(-0.0180698935495858,-0.000333448600095109,0.0015));
#15172=CARTESIAN_POINT('',(-0.0188586670495858,-0.000731980412595109,0.0015));
#15173=CARTESIAN_POINT('',(-0.0194808567370858,-0.000937779475095108,0.0015));
#15174=CARTESIAN_POINT('',(-0.0201030464245858,-0.00114357853759511,0.0015));
#15175=CARTESIAN_POINT('',(-0.0205719143620858,-0.00113281847509511,0.0015));
#15176=CARTESIAN_POINT('',(-0.0210407822995858,-0.00112205841259511,0.0015));
#15177=CARTESIAN_POINT('',(-0.0213631971745858,-0.000988691912595111,0.0015));
#15178=CARTESIAN_POINT('',(-0.0216856120495858,-0.000855325412595109,0.0015));
#15179=CARTESIAN_POINT('',(-0.0218772636745858,-0.000651938912595111,0.0015));
#15180=CARTESIAN_POINT('',(-0.0220689152995858,-0.000448552412595112,0.0015));
#15181=CARTESIAN_POINT('',(-0.0221303678620858,-0.000167695600095108,0.0015));
#15182=CARTESIAN_POINT('',(-0.0221918204245858,0.00011316121240489,0.0015));
#15183=CARTESIAN_POINT('',(-0.0221467984870858,0.00046525471240489,0.0015));
#15184=CARTESIAN_POINT('',(-0.0221017765495858,0.00081734821240489,0.0015));
#15185=CARTESIAN_POINT('',(-0.0213784127995858,0.0036703650874049,0.0015));
#15186=CARTESIAN_POINT('',(-0.0206550490495858,0.00652338196240489,0.0015));
#15187=CARTESIAN_POINT('',(-0.0214491803620858,0.00672468664990489,0.0015));
#15188=CARTESIAN_POINT('',(-0.0214491803620858,0.00672468664990489,0.0015));
#15189=CARTESIAN_POINT('',(-0.0222433116745859,0.00692599133740489,0.0015));
#15190=CARTESIAN_POINT('',(-0.0206550490495858,0.00652338196240489,0.0015));
#15191=CARTESIAN_POINT('',(-0.0213784127995858,0.0036703650874049,0.0015));
#15192=CARTESIAN_POINT('',(-0.0221017765495858,0.00081734821240489,0.0015));
#15193=CARTESIAN_POINT('',(-0.0166137312370858,0.00269732839990489,0.0015));
#15194=CARTESIAN_POINT('',(-0.0172811200495858,6.50832124048911E-5,0.0015));
#15195=CARTESIAN_POINT('',(-0.0159463424245858,0.00532957358740489,0.0015));
#15196=CARTESIAN_POINT('',(-0.0151523449870858,0.00512828352490489,0.0015));
#15197=CARTESIAN_POINT('',(-0.0143583475495858,0.00492699346240489,0.0015));
#15198=CARTESIAN_POINT('',(-0.0154466517370858,0.000633649774904893,0.0015));
#15199=CARTESIAN_POINT('',(-0.0165349559245858,-0.00365969391259511,0.0015));
#15200=CARTESIAN_POINT('',(-0.0172552686745858,-0.00347699278759511,0.0015));
#15201=CARTESIAN_POINT('',(-0.0179755814245859,-0.00329429166259511,0.0015));
#15202=CARTESIAN_POINT('',(-0.0177776252995858,-0.00233010985009511,0.0015));
#15203=CARTESIAN_POINT('',(-0.0175796691745858,-0.00136592803759511,0.0015));
#15204=CARTESIAN_POINT('',(-0.0197926066120858,-0.00232269778759511,0.0015));
#15205=CARTESIAN_POINT('',(-0.0190478864245858,-0.00209872716259511,0.0015));
#15206=CARTESIAN_POINT('',(-0.0205373267995858,-0.00254666841259511,0.0015));
#15207=CARTESIAN_POINT('',(-0.0211932411745858,-0.00249826978759512,0.0015));
#15208=CARTESIAN_POINT('',(-0.0218491555495858,-0.00244987116259511,0.0015));
#15209=CARTESIAN_POINT('',(-0.0223981409245858,-0.00221243091259511,0.0015));
#15210=CARTESIAN_POINT('',(-0.0229471262995858,-0.00197499066259511,0.0015));
#15211=CARTESIAN_POINT('',(-0.0232831165495858,-0.00159503316259511,0.0015));
#15212=CARTESIAN_POINT('',(-0.0236191067995858,-0.00121507566259511,0.0015));
#15213=CARTESIAN_POINT('',(-0.0237515170495858,-0.000719715100095111,0.0015));
#15214=CARTESIAN_POINT('',(-0.0238839272995858,-0.000224354537595108,0.0015));
#15215=CARTESIAN_POINT('',(-0.0238220168620858,0.000359287587404889,0.0015));
#15216=CARTESIAN_POINT('',(-0.0237601064245859,0.000942929712404887,0.0015));
#15217=CARTESIAN_POINT('',(-0.0230017090495858,0.00393446052490489,0.0015));
#15218=CARTESIAN_POINT('',(-0.0183137777995858,-0.00173232760009511,0.0015));
#15219=CARTESIAN_POINT('',(-0.0180698935495858,-0.000333448600095109,0.0015));
#15220=CARTESIAN_POINT('',(-0.0188586670495858,-0.000731980412595109,0.0015));
#15221=CARTESIAN_POINT('',(-0.0194808567370858,-0.000937779475095108,0.0015));
#15222=CARTESIAN_POINT('',(-0.0201030464245858,-0.00114357853759511,0.0015));
#15223=CARTESIAN_POINT('',(-0.0205719143620858,-0.00113281847509511,0.0015));
#15224=CARTESIAN_POINT('',(-0.0210407822995858,-0.00112205841259511,0.0015));
#15225=CARTESIAN_POINT('',(-0.0213631971745858,-0.000988691912595111,0.0015));
#15226=CARTESIAN_POINT('',(-0.0216856120495858,-0.000855325412595109,0.0015));
#15227=CARTESIAN_POINT('',(-0.0218772636745858,-0.000651938912595111,0.0015));
#15228=CARTESIAN_POINT('',(-0.0220689152995858,-0.000448552412595112,0.0015));
#15229=CARTESIAN_POINT('',(-0.0221303678620858,-0.000167695600095108,0.0015));
#15230=CARTESIAN_POINT('',(-0.0221918204245858,0.00011316121240489,0.0015));
#15231=CARTESIAN_POINT('',(-0.0221467984870858,0.00046525471240489,0.0015));
#15232=CARTESIAN_POINT('',(0.0131669031379142,-0.00122317172509511,0.0015));
#15233=CARTESIAN_POINT('',(0.0131712192004142,-0.00166408903759511,0.0015));
#15234=CARTESIAN_POINT('',(0.0131712192004142,-0.00166408903759511,0.0015));
#15235=CARTESIAN_POINT('',(0.0131625870754142,-0.00078225441259511,0.0015));
#15236=CARTESIAN_POINT('',(0.0131625870754142,-0.00078225441259511,0.0015));
#15237=CARTESIAN_POINT('',(0.0131669031379142,-0.00122317172509511,0.0015));
#15238=CARTESIAN_POINT('',(0.0132907279504142,-0.00196382897509511,0.0015));
#15239=CARTESIAN_POINT('',(0.0134102367004142,-0.00226356891259511,0.0015));
#15240=CARTESIAN_POINT('',(0.0134102367004142,-0.00226356891259511,0.0015));
#15241=CARTESIAN_POINT('',(0.0132907279504142,-0.00196382897509511,0.0015));
#15242=CARTESIAN_POINT('',(0.0136658856379142,-0.00245295591259511,0.0015));
#15243=CARTESIAN_POINT('',(0.0139215345754142,-0.00264234291259511,0.0015));
#15244=CARTESIAN_POINT('',(0.0139215345754142,-0.00264234291259511,0.0015));
#15245=CARTESIAN_POINT('',(0.0136658856379142,-0.00245295591259511,0.0015));
#15246=CARTESIAN_POINT('',(0.0143149240129142,-0.00275031366259511,0.0015));
#15247=CARTESIAN_POINT('',(0.0147083134504142,-0.00285828441259511,0.0015));
#15248=CARTESIAN_POINT('',(0.0147083134504142,-0.00285828441259511,0.0015));
#15249=CARTESIAN_POINT('',(0.0143149240129142,-0.00275031366259511,0.0015));
#15250=CARTESIAN_POINT('',(0.0115174613254142,-0.00129067060009511,0.0015));
#15251=CARTESIAN_POINT('',(0.0115341113254142,-0.000784873412595115,0.0015));
#15252=CARTESIAN_POINT('',(0.0115341113254142,-0.000784873412595115,0.0015));
#15253=CARTESIAN_POINT('',(0.0115008113254142,-0.00179646778759511,0.0015));
#15254=CARTESIAN_POINT('',(0.0115008113254142,-0.00179646778759511,0.0015));
#15255=CARTESIAN_POINT('',(0.0115174613254142,-0.00129067060009511,0.0015));
#15256=CARTESIAN_POINT('',(0.0120006870754142,0.00369624627490489,0.0015));
#15257=CARTESIAN_POINT('',(0.0124672628254142,0.00817736596240489,0.0015));
#15258=CARTESIAN_POINT('',(0.0124672628254142,0.00817736596240489,0.0015));
#15259=CARTESIAN_POINT('',(0.0120006870754142,0.00369624627490489,0.0015));
#15260=CARTESIAN_POINT('',(0.0136913725129142,0.00429577002490489,0.0015));
#15261=CARTESIAN_POINT('',(0.0142201579504142,0.00937379446240489,0.0015));
#15262=CARTESIAN_POINT('',(0.0142201579504142,0.00937379446240489,0.0015));
#15263=CARTESIAN_POINT('',(0.0136913725129142,0.00429577002490489,0.0015));
#15264=CARTESIAN_POINT('',(0.0134147510344228,0.00945765871240489,0.0015));
#15265=CARTESIAN_POINT('',(0.0126093441184315,0.00954152296240489,0.0015));
#15266=CARTESIAN_POINT('',(0.0126093441184315,0.00954152296240489,0.0015));
#15267=CARTESIAN_POINT('',(0.0134147510344228,0.00945765871240489,0.0015));
#15268=CARTESIAN_POINT('',(0.0126092943469228,0.00954152296240489,0.0015));
#15269=CARTESIAN_POINT('',(0.0126092445754142,0.00954152296240489,0.0015));
#15270=CARTESIAN_POINT('',(0.0126092445754142,0.00954152296240489,0.0015));
#15271=CARTESIAN_POINT('',(0.0126092943469228,0.00954152296240489,0.0015));
#15272=CARTESIAN_POINT('',(0.0108756966379142,0.00972203652490489,0.0015));
#15273=CARTESIAN_POINT('',(0.00914214870041418,0.00990255008740489,0.0015));
#15274=CARTESIAN_POINT('',(0.00914214870041418,0.00990255008740489,0.0015));
#15275=CARTESIAN_POINT('',(0.0108756966379142,0.00972203652490489,0.0015));
#15276=CARTESIAN_POINT('',(0.00907115782541418,0.00922047158740489,0.0015));
#15277=CARTESIAN_POINT('',(0.00900016695041417,0.00853839308740489,0.0015));
#15278=CARTESIAN_POINT('',(0.00900016695041417,0.00853839308740489,0.0015));
#15279=CARTESIAN_POINT('',(0.00907115782541418,0.00922047158740489,0.0015));
#15280=CARTESIAN_POINT('',(0.0107337148879142,0.00835787952490489,0.0015));
#15281=CARTESIAN_POINT('',(0.0107337148879142,0.00835787952490489,0.0015));
#15282=CARTESIAN_POINT('',(0.0115668724504142,-0.00219599128759511,0.0015));
#15283=CARTESIAN_POINT('',(0.0116329335754142,-0.00259551478759511,0.0015));
#15284=CARTESIAN_POINT('',(0.0116329335754142,-0.00259551478759511,0.0015));
#15285=CARTESIAN_POINT('',(0.0115668724504142,-0.00219599128759511,0.0015));
#15286=CARTESIAN_POINT('',(0.0117997322629142,-0.00290260041259511,0.0015));
#15287=CARTESIAN_POINT('',(0.0119665309504142,-0.00320968603759511,0.0015));
#15288=CARTESIAN_POINT('',(0.0119665309504142,-0.00320968603759511,0.0015));
#15289=CARTESIAN_POINT('',(0.0117997322629142,-0.00290260041259511,0.0015));
#15290=CARTESIAN_POINT('',(0.0122326727629142,-0.00343614853759511,0.0015));
#15291=CARTESIAN_POINT('',(0.0124988145754142,-0.00366261103759511,0.0015));
#15292=CARTESIAN_POINT('',(0.0124988145754142,-0.00366261103759511,0.0015));
#15293=CARTESIAN_POINT('',(0.0122326727629142,-0.00343614853759511,0.0015));
#15294=CARTESIAN_POINT('',(0.0133885078879142,-0.00394673822509511,0.0015));
#15295=CARTESIAN_POINT('',(0.0142782012004142,-0.00423086541259511,0.0015));
#15296=CARTESIAN_POINT('',(0.0142782012004142,-0.00423086541259511,0.0015));
#15297=CARTESIAN_POINT('',(0.0133885078879142,-0.00394673822509511,0.0015));
#15298=CARTESIAN_POINT('',(0.0153985780129142,-0.00441457847509511,0.0015));
#15299=CARTESIAN_POINT('',(0.0165189548254142,-0.00459829153759511,0.0015));
#15300=CARTESIAN_POINT('',(0.0165189548254142,-0.00459829153759511,0.0015));
#15301=CARTESIAN_POINT('',(0.0153985780129142,-0.00441457847509511,0.0015));
#15302=CARTESIAN_POINT('',(0.0166393562629142,-0.00390225291259511,0.0015));
#15303=CARTESIAN_POINT('',(0.0167597577004142,-0.00320621428759511,0.0015));
#15304=CARTESIAN_POINT('',(0.0167597577004142,-0.00320621428759511,0.0015));
#15305=CARTESIAN_POINT('',(0.0166393562629142,-0.00390225291259511,0.0015));
#15306=CARTESIAN_POINT('',(0.0157340355754142,-0.00303224935009511,0.0015));
#15307=CARTESIAN_POINT('',(0.0157340355754142,-0.00303224935009511,0.0015));
#15308=CARTESIAN_POINT('',(0.00500889982541417,0.00175668946240489,0.0015));
#15309=CARTESIAN_POINT('',(0.00177233838791418,0.00580308608740489,0.0015));
#15310=CARTESIAN_POINT('',(0.00213562732541419,0.00621382358740489,0.0015));
#15311=CARTESIAN_POINT('',(0.00213562732541419,0.00621382358740489,0.0015));
#15312=CARTESIAN_POINT('',(0.00140904945041419,0.00539234858740489,0.0015));
#15313=CARTESIAN_POINT('',(0.00140904945041419,0.00539234858740489,0.0015));
#15314=CARTESIAN_POINT('',(0.00177233838791418,0.00580308608740489,0.0015));
#15315=CARTESIAN_POINT('',(0.00705282795041419,0.00663396833740489,0.0015));
#15316=CARTESIAN_POINT('',(0.00662665882541419,0.00693643921240489,0.0015));
#15317=CARTESIAN_POINT('',(0.00662665882541419,0.00693643921240489,0.0015));
#15318=CARTESIAN_POINT('',(0.00705282795041419,0.00663396833740489,0.0015));
#15319=CARTESIAN_POINT('',(0.00747899707541418,0.00633149746240489,0.0015));
#15320=CARTESIAN_POINT('',(0.00747899707541418,0.00633149746240489,0.0015));
#15321=CARTESIAN_POINT('',(0.00614343307541418,0.00710805233740489,0.0015));
#15322=CARTESIAN_POINT('',(0.00566020732541418,0.00727966546240489,0.0015));
#15323=CARTESIAN_POINT('',(0.00566020732541418,0.00727966546240489,0.0015));
#15324=CARTESIAN_POINT('',(0.00614343307541418,0.00710805233740489,0.0015));
#15325=CARTESIAN_POINT('',(0.00514450001291418,0.00731036896240489,0.0015));
#15326=CARTESIAN_POINT('',(0.00462879270041417,0.00734107246240489,0.0015));
#15327=CARTESIAN_POINT('',(0.00462879270041417,0.00734107246240489,0.0015));
#15328=CARTESIAN_POINT('',(0.00514450001291418,0.00731036896240489,0.0015));
#15329=CARTESIAN_POINT('',(0.00415801282541418,0.00725102746240489,0.0015));
#15330=CARTESIAN_POINT('',(0.00368723295041418,0.00716098246240489,0.0015));
#15331=CARTESIAN_POINT('',(0.00368723295041418,0.00716098246240489,0.0015));
#15332=CARTESIAN_POINT('',(0.00415801282541418,0.00725102746240489,0.0015));
#15333=CARTESIAN_POINT('',(0.00326266413791417,0.00696456308740489,0.0015));
#15334=CARTESIAN_POINT('',(0.00283809532541418,0.00676814371240489,0.0015));
#15335=CARTESIAN_POINT('',(0.00283809532541418,0.00676814371240489,0.0015));
#15336=CARTESIAN_POINT('',(0.00326266413791417,0.00696456308740489,0.0015));
#15337=CARTESIAN_POINT('',(0.00248686132541418,0.00649098364990489,0.0015));
#15338=CARTESIAN_POINT('',(0.00248686132541418,0.00649098364990489,0.0015));
#15339=CARTESIAN_POINT('',(0.00127763426291418,0.00615073133740489,0.0015));
#15340=CARTESIAN_POINT('',(0.00114621907541417,0.00690911408740489,0.0015));
#15341=CARTESIAN_POINT('',(0.00114621907541417,0.00690911408740489,0.0015));
#15342=CARTESIAN_POINT('',(0.00127763426291418,0.00615073133740489,0.0015));
#15343=CARTESIAN_POINT('',(0.000452829825414169,0.00685723246240489,0.0015));
#15344=CARTESIAN_POINT('',(-0.000240559424585833,0.00680535083740489,0.0015));
#15345=CARTESIAN_POINT('',(-0.000240559424585833,0.00680535083740489,0.0015));
#15346=CARTESIAN_POINT('',(0.000452829825414169,0.00685723246240489,0.0015));
#15347=CARTESIAN_POINT('',(0.000252656325414178,0.000203879524904886,0.0015));
#15348=CARTESIAN_POINT('',(0.000745872075414176,-0.00639759178759511,0.0015));
#15349=CARTESIAN_POINT('',(0.000745872075414176,-0.00639759178759511,0.0015));
#15350=CARTESIAN_POINT('',(0.000252656325414178,0.000203879524904886,0.0015));
#15351=CARTESIAN_POINT('',(0.00156278857541418,-0.00633655772509511,0.0015));
#15352=CARTESIAN_POINT('',(0.00237970507541418,-0.00627552366259511,0.0015));
#15353=CARTESIAN_POINT('',(0.00237970507541418,-0.00627552366259511,0.0015));
#15354=CARTESIAN_POINT('',(0.00156278857541418,-0.00633655772509511,0.0015));
#15355=CARTESIAN_POINT('',(0.00217685238791418,-0.00356231560009511,0.0015));
#15356=CARTESIAN_POINT('',(0.00197399970041419,-0.00084910753759511,0.0015));
#15357=CARTESIAN_POINT('',(0.00197399970041419,-0.00084910753759511,0.0015));
#15358=CARTESIAN_POINT('',(0.00217685238791418,-0.00356231560009511,0.0015));
#15359=CARTESIAN_POINT('',(0.00262333620041418,-0.00122699672509511,0.0015));
#15360=CARTESIAN_POINT('',(0.00327267270041419,-0.00160488591259511,0.0015));
#15361=CARTESIAN_POINT('',(0.00327267270041419,-0.00160488591259511,0.0015));
#15362=CARTESIAN_POINT('',(0.00262333620041418,-0.00122699672509511,0.0015));
#15363=CARTESIAN_POINT('',(0.00407366482541418,-0.00171693816259511,0.0015));
#15364=CARTESIAN_POINT('',(0.00487465695041418,-0.00182899041259511,0.0015));
#15365=CARTESIAN_POINT('',(0.00487465695041418,-0.00182899041259511,0.0015));
#15366=CARTESIAN_POINT('',(0.00407366482541418,-0.00171693816259511,0.0015));
#15367=CARTESIAN_POINT('',(0.00545339295041418,-0.00171175135009511,0.0015));
#15368=CARTESIAN_POINT('',(0.00603212895041418,-0.00159451228759511,0.0015));
#15369=CARTESIAN_POINT('',(0.00603212895041418,-0.00159451228759511,0.0015));
#15370=CARTESIAN_POINT('',(0.00545339295041418,-0.00171175135009511,0.0015));
#15371=CARTESIAN_POINT('',(0.00653328832541417,-0.00133502316259511,0.0015));
#15372=CARTESIAN_POINT('',(0.00703444770041418,-0.00107553403759511,0.0015));
#15373=CARTESIAN_POINT('',(0.00703444770041418,-0.00107553403759511,0.0015));
#15374=CARTESIAN_POINT('',(0.00653328832541417,-0.00133502316259511,0.0015));
#15375=CARTESIAN_POINT('',(0.00744936120041418,-0.000683978912595111,0.0015));
#15376=CARTESIAN_POINT('',(0.00786427470041417,-0.00029242378759511,0.0015));
#15377=CARTESIAN_POINT('',(0.00786427470041417,-0.00029242378759511,0.0015));
#15378=CARTESIAN_POINT('',(0.00744936120041418,-0.000683978912595111,0.0015));
#15379=CARTESIAN_POINT('',(0.00816656332541418,0.00020055008740489,0.0015));
#15380=CARTESIAN_POINT('',(0.00846885195041418,0.000693523962404887,0.0015));
#15381=CARTESIAN_POINT('',(0.00846885195041418,0.000693523962404887,0.0015));
#15382=CARTESIAN_POINT('',(0.00816656332541418,0.00020055008740489,0.0015));
#15383=CARTESIAN_POINT('',(0.00864759420041418,0.00127286464990489,0.0015));
#15384=CARTESIAN_POINT('',(0.00882633645041418,0.00185220533740489,0.0015));
#15385=CARTESIAN_POINT('',(0.00882633645041418,0.00185220533740489,0.0015));
#15386=CARTESIAN_POINT('',(0.00864759420041418,0.00127286464990489,0.0015));
#15387=CARTESIAN_POINT('',(0.00885193470041418,0.00250127521240489,0.0015));
#15388=CARTESIAN_POINT('',(0.00887753295041419,0.00315034508740489,0.0015));
#15389=CARTESIAN_POINT('',(0.00887753295041419,0.00315034508740489,0.0015));
#15390=CARTESIAN_POINT('',(0.00885193470041418,0.00250127521240489,0.0015));
#15391=CARTESIAN_POINT('',(0.00876325151291418,0.0037841177749049,0.0015));
#15392=CARTESIAN_POINT('',(0.00864897007541418,0.00441789046240489,0.0015));
#15393=CARTESIAN_POINT('',(0.00864897007541418,0.00441789046240489,0.0015));
#15394=CARTESIAN_POINT('',(0.00876325151291418,0.0037841177749049,0.0015));
#15395=CARTESIAN_POINT('',(0.00840844563791418,0.00495149427490489,0.0015));
#15396=CARTESIAN_POINT('',(0.00816792120041418,0.00548509808740489,0.0015));
#15397=CARTESIAN_POINT('',(0.00816792120041418,0.00548509808740489,0.0015));
#15398=CARTESIAN_POINT('',(0.00840844563791418,0.00495149427490489,0.0015));
#15399=CARTESIAN_POINT('',(0.00461227263791418,0.00593347808740489,0.0015));
#15400=CARTESIAN_POINT('',(0.00425463907541418,0.00595685333740489,0.0015));
#15401=CARTESIAN_POINT('',(0.00425463907541418,0.00595685333740489,0.0015));
#15402=CARTESIAN_POINT('',(0.00425463907541418,0.00595685333740489,0.));
#15403=CARTESIAN_POINT('',(0.00461227263791418,0.00593347808740489,0.));
#15404=CARTESIAN_POINT('',(0.00496990620041418,0.00591010283740489,0.));
#15405=CARTESIAN_POINT('',(0.00496990620041418,0.00591010283740489,0.0015));
#15406=CARTESIAN_POINT('',(0.00496990620041418,0.00591010283740489,0.0015));
#15407=CARTESIAN_POINT('',(0.00461227263791418,0.00593347808740489,0.0015));
#15408=CARTESIAN_POINT('',(0.00530164395041418,0.00578451627490489,0.0015));
#15409=CARTESIAN_POINT('',(0.00530164395041418,0.00578451627490489,0.));
#15410=CARTESIAN_POINT('',(0.00530164395041418,0.00578451627490489,0.0015));
#15411=CARTESIAN_POINT('',(0.00719581488791418,0.00254697496240489,0.0015));
#15412=CARTESIAN_POINT('',(0.00719581488791418,0.00254697496240489,0.));
#15413=CARTESIAN_POINT('',(0.00718335045041418,0.00210666008740488,0.));
#15414=CARTESIAN_POINT('',(0.00718335045041418,0.00210666008740488,0.0015));
#15415=CARTESIAN_POINT('',(0.00718335045041418,0.00210666008740488,0.0015));
#15416=CARTESIAN_POINT('',(0.00719581488791418,0.00254697496240489,0.0015));
#15417=CARTESIAN_POINT('',(0.00707779395041419,0.0016975988374049,0.0015));
#15418=CARTESIAN_POINT('',(0.00707779395041419,0.0016975988374049,0.));
#15419=CARTESIAN_POINT('',(0.00697223745041419,0.00128853758740489,0.));
#15420=CARTESIAN_POINT('',(0.00697223745041419,0.00128853758740489,0.0015));
#15421=CARTESIAN_POINT('',(0.00697223745041419,0.00128853758740489,0.0015));
#15422=CARTESIAN_POINT('',(0.00707779395041419,0.0016975988374049,0.0015));
#15423=CARTESIAN_POINT('',(0.00677624951291418,0.00093963683740489,0.0015));
#15424=CARTESIAN_POINT('',(0.00677624951291418,0.00093963683740489,0.));
#15425=CARTESIAN_POINT('',(0.00658026157541418,0.000590736087404889,0.));
#15426=CARTESIAN_POINT('',(0.00658026157541418,0.000590736087404889,0.0015));
#15427=CARTESIAN_POINT('',(0.00658026157541418,0.000590736087404889,0.0015));
#15428=CARTESIAN_POINT('',(0.00677624951291418,0.00093963683740489,0.0015));
#15429=CARTESIAN_POINT('',(0.00629776788791418,0.000311776587404889,0.0015));
#15430=CARTESIAN_POINT('',(0.00629776788791418,0.000311776587404889,0.));
#15431=CARTESIAN_POINT('',(0.00601527420041418,3.28170874048882E-5,0.));
#15432=CARTESIAN_POINT('',(0.00601527420041418,3.28170874048882E-5,0.0015));
#15433=CARTESIAN_POINT('',(0.00601527420041418,3.28170874048882E-5,0.0015));
#15434=CARTESIAN_POINT('',(0.00629776788791418,0.000311776587404889,0.0015));
#15435=CARTESIAN_POINT('',(0.00565419870041418,-0.000151790912595108,0.0015));
#15436=CARTESIAN_POINT('',(0.00565419870041418,-0.000151790912595108,0.));
#15437=CARTESIAN_POINT('',(0.00529312320041417,-0.000336398912595111,0.));
#15438=CARTESIAN_POINT('',(0.00529312320041417,-0.000336398912595111,0.0015));
#15439=CARTESIAN_POINT('',(0.00529312320041417,-0.000336398912595111,0.0015));
#15440=CARTESIAN_POINT('',(0.00565419870041418,-0.000151790912595108,0.0015));
#15441=CARTESIAN_POINT('',(0.00484353270041418,-0.000422568850095109,0.0015));
#15442=CARTESIAN_POINT('',(0.00484353270041418,-0.000422568850095109,0.));
#15443=CARTESIAN_POINT('',(0.00439394220041417,-0.000508738787595111,0.));
#15444=CARTESIAN_POINT('',(0.00439394220041417,-0.000508738787595111,0.0015));
#15445=CARTESIAN_POINT('',(0.00439394220041417,-0.000508738787595111,0.0015));
#15446=CARTESIAN_POINT('',(0.00484353270041418,-0.000422568850095109,0.0015));
#15447=CARTESIAN_POINT('',(0.00397097313791418,-0.00047340703759511,0.0015));
#15448=CARTESIAN_POINT('',(0.00397097313791418,-0.00047340703759511,0.));
#15449=CARTESIAN_POINT('',(0.00354800407541418,-0.00043807528759511,0.));
#15450=CARTESIAN_POINT('',(0.00354800407541418,-0.00043807528759511,0.0015));
#15451=CARTESIAN_POINT('',(0.00354800407541418,-0.00043807528759511,0.0015));
#15452=CARTESIAN_POINT('',(0.00397097313791418,-0.00047340703759511,0.0015));
#15453=CARTESIAN_POINT('',(0.00301594432541418,-0.000219923162595111,0.0015));
#15454=CARTESIAN_POINT('',(0.00301594432541418,-0.000219923162595111,0.));
#15455=CARTESIAN_POINT('',(0.00248388457541418,-1.7710375951104E-6,0.));
#15456=CARTESIAN_POINT('',(0.00248388457541418,-1.7710375951104E-6,0.0015));
#15457=CARTESIAN_POINT('',(0.00248388457541418,-1.7710375951104E-6,0.0015));
#15458=CARTESIAN_POINT('',(0.00301594432541418,-0.000219923162595111,0.0015));
#15459=CARTESIAN_POINT('',(0.00218116845041418,0.00021507158740489,0.0015));
#15460=CARTESIAN_POINT('',(0.00218116845041418,0.00021507158740489,0.));
#15461=CARTESIAN_POINT('',(0.00187845232541419,0.00043191421240489,0.));
#15462=CARTESIAN_POINT('',(0.00187845232541419,0.00043191421240489,0.0015));
#15463=CARTESIAN_POINT('',(0.00187845232541419,0.00043191421240489,0.0015));
#15464=CARTESIAN_POINT('',(0.00218116845041418,0.00021507158740489,0.0015));
#15465=CARTESIAN_POINT('',(0.00173617301291418,0.0023347088374049,0.0015));
#15466=CARTESIAN_POINT('',(0.00173617301291418,0.0023347088374049,0.));
#15467=CARTESIAN_POINT('',(0.00159389370041417,0.00423750346240489,0.));
#15468=CARTESIAN_POINT('',(0.00159389370041417,0.00423750346240489,0.0015));
#15469=CARTESIAN_POINT('',(0.00159389370041417,0.00423750346240489,0.0015));
#15470=CARTESIAN_POINT('',(0.00173617301291418,0.0023347088374049,0.0015));
#15471=CARTESIAN_POINT('',(0.00197504201291418,0.00463471058740489,0.0015));
#15472=CARTESIAN_POINT('',(0.00197504201291418,0.00463471058740489,0.));
#15473=CARTESIAN_POINT('',(0.00235619032541418,0.00503191771240489,0.));
#15474=CARTESIAN_POINT('',(0.00235619032541418,0.00503191771240489,0.0015));
#15475=CARTESIAN_POINT('',(0.00235619032541418,0.00503191771240489,0.0015));
#15476=CARTESIAN_POINT('',(0.00197504201291418,0.00463471058740489,0.0015));
#15477=CARTESIAN_POINT('',(0.00284642932541418,0.00537419221240489,0.0015));
#15478=CARTESIAN_POINT('',(0.00284642932541418,0.00537419221240489,0.));
#15479=CARTESIAN_POINT('',(0.00333666832541418,0.00571646671240489,0.));
#15480=CARTESIAN_POINT('',(0.00333666832541418,0.00571646671240489,0.0015));
#15481=CARTESIAN_POINT('',(0.00333666832541418,0.00571646671240489,0.0015));
#15482=CARTESIAN_POINT('',(0.00284642932541418,0.00537419221240489,0.0015));
#15483=CARTESIAN_POINT('',(0.00379565370041418,0.00583666002490489,0.0015));
#15484=CARTESIAN_POINT('',(0.00379565370041418,0.00583666002490489,0.));
#15485=CARTESIAN_POINT('',(0.00379565370041418,0.00583666002490489,0.0015));
#15486=CARTESIAN_POINT('',(0.00782345913791418,0.00590829777490489,0.0015));
#15487=CARTESIAN_POINT('',(0.00782345913791418,0.00590829777490489,0.0015));
#15488=CARTESIAN_POINT('',(0.00500889982541417,0.00175668946240489,0.0015));
#15489=CARTESIAN_POINT('',(0.00500889982541417,0.00175668946240489,0.));
#15490=CARTESIAN_POINT('',(0.00500889982541417,0.00175668946240489,0.));
#15491=CARTESIAN_POINT('',(0.00500889982541417,0.00175668946240489,0.));
#15492=CARTESIAN_POINT('',(-0.0376133834245858,0.0111396420848693,-0.0025));
#15493=CARTESIAN_POINT('',(-0.0376133834245858,0.0111396420848693,-0.0025));
#15494=MECHANICAL_DESIGN_GEOMETRIC_PRESENTATION_REPRESENTATION('',(#9835),
#15495);
#15495=(
GEOMETRIC_REPRESENTATION_CONTEXT(3)
GLOBAL_UNCERTAINTY_ASSIGNED_CONTEXT((#15496))
GLOBAL_UNIT_ASSIGNED_CONTEXT((#15499,#15498,#15497))
REPRESENTATION_CONTEXT('Part 1','TOP_LEVEL_ASSEMBLY_PART')
);
#15496=UNCERTAINTY_MEASURE_WITH_UNIT(LENGTH_MEASURE(2.02699999999924E-5),
#15499,'DISTANCE_ACCURACY_VALUE','Maximum Tolerance applied to model');
#15497=(
NAMED_UNIT(*)
SI_UNIT($,.STERADIAN.)
SOLID_ANGLE_UNIT()
);
#15498=(
NAMED_UNIT(*)
PLANE_ANGLE_UNIT()
SI_UNIT($,.RADIAN.)
);
#15499=(
LENGTH_UNIT()
NAMED_UNIT(*)
SI_UNIT($,.METRE.)
);
#15500=PRODUCT_DEFINITION_SHAPE('','',#15501);
#15501=PRODUCT_DEFINITION('','',#15503,#15502);
#15502=PRODUCT_DEFINITION_CONTEXT('',#15509,'design');
#15503=PRODUCT_DEFINITION_FORMATION_WITH_SPECIFIED_SOURCE('','',#15505,
 .NOT_KNOWN.);
#15504=PRODUCT_RELATED_PRODUCT_CATEGORY('','',(#15505));
#15505=PRODUCT('Part 1','Part 1','Part 1',(#15507));
#15506=PRODUCT_CATEGORY('','');
#15507=PRODUCT_CONTEXT('',#15509,'mechanical');
#15508=APPLICATION_PROTOCOL_DEFINITION('international standard',
'ap242_managed_model_based_3d_engineering',2020,#15509);
#15509=APPLICATION_CONTEXT('managed model based 3d engineering');
ENDSEC;
END-ISO-10303-21;
